Workbook
Name _E1: #REF!
Name _F1: #REF!
Name ddd: {"Book1"}
Name dfsfad: #REF!
Name Document_array: {"Book1"}
Name dusrmq: #REF!
Name 강남욱: {"Book1","2008년 9월활동보조 판정표.xls"}
Name 고: #REF!
Name 고등: #REF!
Name 고등고: #REF!
Name 공동주택거주학생비율: #REF!
Name 교: #REF!
Name 교사정원07: #REF!
Name 구분: #REF!
Name 그룹명: #REF!
Name 급별: #REF!
Name 대상자수: #REF!
Name ㅁ1: #REF!
Name ㅁㅁ: #REF!
Name 면적: #REF!
Name 목록: #REF!
Name 문서명: #REF!
Name 문서번호: #REF!
Name 미착수: #REF!
Name 발생지수: #REF!
Name 보유교실: #REF!
Name 보유교실1: #REF!
Name 보정값: #REF!
Name 비율: #REF!
Name 사람수: #REF!
Name 성별: #REF!
Name 수용지표: #REF!
Name 식료품: #REF!
Name 신설기준: #REF!
Name 신설비: #REF!
Name 아파트: #REF!
Name 아파트명: #REF!
Name 연급ㅂ: #REF!
Name 연차: #REF!
Name 용지비: #REF!
Name 용지비비: #REF!
Name 유발률: #REF!
Name 유형별: #REF!
Name 읍면동: #REF!
Name 의무취학: #REF!
Name 의무취학상황: #REF!
Name 의무취학자1세: #REF!
Name 의무취학자2세: #REF!
Name 의무취학자3세: #REF!
Name 의무취학자4세: #REF!
Name 의무취학자5세: #REF!
Name 의무취학학교명: #REF!
Name 이름: {"Book1"}
Name 이사분기: #REF!
Name 인구이동률: #REF!
Name 일사분가: #REF!
Name 일사분기: #REF!
Name 전체: #REF!
Name 주택수: #REF!
Name 주택종류: #REF!

Sheet DNI_WIRED_MEANSURE_AVG
A1: 학교코드 | B1: 학교명 | C1: 장비개수 | D1: Avg Throughput (Mbps) | E1: Avg Loss Ratio | F1: Avg Latency (ms) | G1: Avg Jitter (ns) | H1: 진단결과
A2: G107451009MS | B2: 가수원중학교 | C2: 12 | D2: 827.6833 | E2: 0.1125 | F2: 0.46 | G2: 24.8083 | H2: 양호
A3: G107451057ES | B3: 가수원초등학교 | C3: 17 | D3: 978.1471 | E3: 0.1859 | F3: 2.6506 | G3: 25.6471 | H3: 양호
A4: G107451010MS | B4: 갈마중학교 | C4: 20 | D4: 974.17 | E4: 0.2585 | F4: 14.261 | G4: 70.445 | H4: 양호
A5: G107430324HS | B5: 계룡디지텍고등학교 | C5: 16 | D5: 817.825 | E5: 0.0256 | F5: 1.3438 | G5: 11.1625 | H5: 양호
A6: G107451058ES | B6: 구즉초등학교 | C6: 21 | D6: 931.0571 | E6: 0.0652 | F6: 1.0381 | G6: 12.8952 | H6: 양호
A7: G107451059ES | B7: 금성초등학교 | C7: 23 | D7: 981.6957 | E7: 0.013 | F7: 1.2826 | G7: 23.4887 | H7: 양호
A8: G107451011MS | B8: 기성중학교 | C8: 12 | D8: 756.675 | E8: 0.1167 | F8: 1.9583 | G8: 38.5833 | H8: 양호
A9: G107451060ES | B9: 기성초등학교 | C9: 14 | D9: 915.2786 | E9: 0.06 | F9: 6.2286 | G9: 14.0071 | H9: 양호
A10: G107451061ES | B10: 기성초등학교길헌분교장 | C10: 9 | D10: 878.1778 | E10: 0.0156 | F10: 0.1111 | G10: 13.1889 | H10: 양호
A11: G107430046HS | B11: 남대전고등학교 | C11: 31 | D11: 981.9548 | E11: 0.1555 | F11: 5.2452 | G11: 21.6645 | H11: 양호
A12: G107451062ES | B12: 남선초등학교 | C12: 9 | D12: 777.2222 | E12: 0.2444 | F12: 4.9689 | G12: 186.8778 | H12: 양호
A13: G107430030HS | B13: 대덕고등학교 | C13: 49 | D13: 979.1531 | E13: 0.4188 | F13: 3.3702 | G13: 767.6245 | H13: 양호
... A316: G107451126ES | B316: 흥도초등학교 | C316: 21 | D316: 851.9476 | E316: 0.1533 | F316: 1.5743 | G316: 1869.9857 | H316: 양호

Sheet ISP측정_학교별평균
A1: 학교명 | B1: 학교코드 | C1: 다운로드 | D1: 업로드 | E1: RTT | F1: RSSI | G1: CH | H1: 다운로드 진단 | I1: 업로드 진단

Sheet 전부하측정_학교별평균
A1: 학교코드 | B1: 학교명 | C1: 다운로드 | D1: 업로드 | E1: *RSSI | F1: CH | G1: 다운로드 진단 | H1: 업로드 진단

Sheet 집선ISP
A1: 학교코드 | B1: 학교명 | C1: 다운로드 | D1: 업로드 | E1: 지연
A2: =_xlfn.XLOOKUP(B2,Sheet1!C:C,Sheet1!A:A," ",0) -> G107451057ES | B2: 가수원초등학교 | C2: 2736 | D2: 8084.18 | E2: 4.03 | F2: 2.5G
A3: =_xlfn.XLOOKUP(B3,Sheet1!C:C,Sheet1!A:A," ",0) -> G107451010MS | B3: 갈마중학교 | C3: 994.88 | D3: 981.23 | E3: 1.68 | F3: 1G
A4: =_xlfn.XLOOKUP(B4,Sheet1!C:C,Sheet1!A:A," ",0) -> G107451058ES | B4: 구즉초등학교 | C4: 2533.1 | D4: 2458.4 | E4: 6.09 | F4: 2.5G
A5: =_xlfn.XLOOKUP(B5,Sheet1!C:C,Sheet1!A:A," ",0) -> G107451059ES | B5: 금성초등학교 | C5: 2724.55 | D5: 2720.89 | E5: 4.23 | F5: 2.5G
A6: =_xlfn.XLOOKUP(B6,Sheet1!C:C,Sheet1!A:A," ",0) -> G107451011MS | B6: 기성중학교 | C6: 976.35 | D6: 951.28 | E6: 2.81 | F6: 1G
A7: =_xlfn.XLOOKUP(B7,Sheet1!C:C,Sheet1!A:A," ",0) -> G107451060ES | B7: 기성초등학교 | C7: 982.96 | D7: 978.24 | E7: 1.96 | F7: 1G
A8: =_xlfn.XLOOKUP(B8,Sheet1!C:C,Sheet1!A:A," ",0) -> G107451061ES | B8: 기성초등학교길헌분교장 | C8: 832.42 | D8: 872.66 | E8: 6.31 | F8: 1G
A9: =_xlfn.XLOOKUP(B9,Sheet1!C:C,Sheet1!A:A," ",0) -> G107430046HS | B9: 남대전고등학교 | C9: 2083.6 | D9: 2300.8 | E9: 4.9 | F9: 2.5G
A10: =_xlfn.XLOOKUP(B10,Sheet1!C:C,Sheet1!A:A," ",0) -> G107451062ES | B10: 남선초등학교 | C10: 964.87 | D10: 926.01 | E10: 6.31 | F10: 1G
A11: =_xlfn.XLOOKUP(B11,Sheet1!C:C,Sheet1!A:A," ",0) -> G107430310HS | B11: 대덕소프트웨어마이스터고등학교 | C11: 982.75 | D11: 839.14 | E11: 6.09 | F11: 1G
A12: =_xlfn.XLOOKUP(B12,Sheet1!C:C,Sheet1!A:A," ",0) -> G107451012MS | B12: 대덕중학교 | C12: 993.48 | D12: 973.4 | E12: 2.69 | F12: 1G
A13: =_xlfn.XLOOKUP(B13,Sheet1!C:C,Sheet1!A:A," ",0) -> G107451063ES | B13: 대덕초등학교 | C13: 2551.15 | D13: 2656.19 | E13: 3.99 | F13: 2.5G
... A301: =_xlfn.XLOOKUP(B301,Sheet1!C:C,Sheet1!A:A," ",0) -> G107441047MS | B301: 회덕중학교 | C301: 960.4 | D301: 879.73 | E301: 5.06 | F301: 1G

Sheet 학교별통신장비현황
F1: 학교수 | G1: =COUNTIF(G5:G319, "*M")+COUNTIF(G5:G319, "*G")+COUNTIF(G5:G319, "*공유") -> 312 | H1: =COUNTIF(H5:H319, "2.5G*") -> 148 | I1: =COUNTIF(I5:I319, "확*") + COUNTIF(I5:I319, "미*") -> 0 | J1: =SUBTOTAL(102,J$5:J$319) -> 315 | K1: =COUNTIF(K5:K319, ">=1") -> 277 | L1: =COUNTIF(L5:L319, ">=1") -> 269 | M1: =COUNTIF(M5:M319, ">=1") -> 314 | N1: =COUNTIF(N5:N319, ">=1") -> 313 | O1: =COUNTIF(O5:O319, ">=1") -> 51 | Q1: =COUNTIF(Q5:Q319, ">=1") -> 252 | R1: =COUNTIF(R5:R319, ">=1") -> 180 | S1: =COUNTIF(S5:S319, ">=1") -> 2 | T1: =COUNTIF(T5:T319, ">=1") -> 110 | U1: =COUNTIF(U5:U319, ">=1") -> 88 | V1: =COUNTIF(V5:V319, ">=1") -> 7 | W1: =COUNTIF(W5:W319, ">=1") -> 77 | X1: =COUNTIF(X5:X319, ">=1") -> 55 | ... AS1: =COUNTIF(AS5:AS319, ">=1") -> 0
F2: 합계 | G2: =SUBTOTAL(103,G$5:G$319) -> 312 | H2: =SUBTOTAL(103,H$5:H$319) -> 155 | I2: =SUBTOTAL(103,I$5:I$319) -> 315 | J2: =SUBTOTAL(109,J$5:J$319) -> 626 | K2: =SUBTOTAL(109,K$5:K$319) -> 443 | L2: =SUBTOTAL(109,L$5:L$319) -> 313 | M2: =SUBTOTAL(109,M$5:M$319) -> 2996 | N2: =SUBTOTAL(109,N$5:N$319) -> 1172 | O2: =SUBTOTAL(109,O$5:O$319) -> 65 | Q2: =SUBTOTAL(109,Q$5:Q$319) -> 1084 | R2: =SUBTOTAL(109,R$5:R$319) -> 464 | S2: =SUBTOTAL(109,S$5:S$319) -> 3 | T2: =SUBTOTAL(109,T$5:T$319) -> 257 | U2: =SUBTOTAL(109,U$5:U$319) -> 132 | V2: =SUBTOTAL(109,V$5:V$319) -> 26 | W2: =SUBTOTAL(109,W$5:W$319) -> 163 | X2: =SUBTOTAL(109,X$5:X$319) -> 96 | ... AS2: =SUBTOTAL(109,AS$5:AS$319) -> 0
B3: =COUNTIF(B5:B319,"Y") -> 315 | J3: 방화벽 | K3: 보안L2/L3 | M3: L2SW | Q3: L2SW(100M) | T3: 광케이블MM | W3: 광케이블SM | Z3: Cat6 | AC3: Cat5E | AF3: Cat5 | AI3: L2SW(10G) | AJ3: L2PoE(2.5G이상) | AK3: L2PoE(1G이상) | AL3: 기타L2/L3 | AM3: 무선AP5이하 | AN3: 무선AP6이상 | AO3: 광케이블MM_무선 | AP3: 광케이블SM_무선 | AQ3: Cat6_무선 | AR3: Cat5E _무선 | AS3: Cat5 _무선
A4: 학교코드 | B4: 진단대상 | C4: 교육청 | D4: 지역 | E4: 학교유형 | F4: 학교명 | G4: 스쿨넷 회선속도 | H4: 무선망 전용 회선속도 | I4: 망분리현황 | J4: 스쿨넷 | K4: 업무망 | L4: 교육망 | M4: 업무망 | N4: 교육망 | O4: 기타 | P4: 합계 | Q4: 업무망 | R4: 교육망 | S4: 기타 | T4: 업무망 | U4: 교육망 | V4: 기타 | W4: 업무망 | X4: 교육망 | Y4: 기타 | Z4: 업무망 | AA4: 교육망 | AB4: 기타 | AC4: 업무망 | AD4: 교육망 | AE4: 기타 | AF4: 업무망 | AG4: 교육망 | AH4: 기타 | AI4: 무선망 | AJ4: 무선망 | AK4: 무선망 | AL4: 무선망 | AM4: 무선망 | AN4: 무선망 | AO4: 무선망 | AP4: 무선망 | AQ4: 무선망 | AR4: 무선망 | AS4: 무선망 | AU4: 계위 단계수
A5: G107441266MS | B5: Y | C5: 대전 | D5: 대덕구 | E5: 중학교 | F5: 대전경덕중학교 | G5: 1G | I5: O | J5: 2 | K5: 0 | L5: 0 | M5: 10 | N5: 3 | O5: 1 | P5: 0 | Q5: 0 | R5: 0 | S5: 0 | T5: 2 | U5: 1 | V5: 0 | W5: 0 | X5: 0 | Y5: 0 | Z5: 4 | AA5: 1 | AB5: 5 | AC5: 0 | AD5: 0 | AE5: 0 | AF5: 0 | AG5: 0 | AH5: 0 | AI5: 1 | AJ5: 0 | AK5: 6 | AL5: 1 | AM5: 0 | AN5: 23 | AO5: 2 | AP5: 5 | AQ5: 24
A6: G107441056ES | B6: Y | C6: 대전 | D6: 대덕구 | E6: 초등학교 | F6: 대전대양초등학교 | G6: 1G | I6: O | J6: 2 | K6: 1 | L6: 1 | M6: 15 | N6: 1 | O6: 0 | P6: 3 | Q6: 1 | R6: 2 | S6: 0 | T6: 0 | U6: 0 | V6: 0 | W6: 0 | X6: 0 | Y6: 0 | Z6: 0 | AA6: 0 | AB6: 0 | AC6: 0 | AD6: 0 | AE6: 0 | AF6: 15 | AG6: 2 | AH6: 0 | AI6: 1 | AJ6: 1 | AK6: 4 | AL6: 0 | AM6: 18 | AN6: 32 | AO6: 0 | AP6: 4 | AQ6: 51
A7: G107441016MS | B7: Y | C7: 대전 | D7: 대덕구 | E7: 중학교 | F7: 대전대청중학교 | G7: 1G | I7: X | J7: 2 | K7: 1 | L7: 2 | M7: 21 | N7: 5 | O7: 0 | P7: 2 | Q7: 1 | R7: 1 | S7: 0 | T7: 2 | U7: 1 | V7: 0 | W7: 0 | X7: 0 | Y7: 0 | Z7: 20 | AA7: 4 | AB7: 0 | AC7: 0 | AD7: 0 | AE7: 0 | AF7: 0 | AG7: 0 | AH7: 0 | AI7: 1 | AJ7: 0 | AK7: 7 | AL7: 0 | AM7: 1 | AN7: 32 | AO7: 1 | AP7: 3 | AQ7: 33
A8: G107441017MS | B8: Y | C8: 대전 | D8: 대덕구 | E8: 중학교 | F8: 대전대화중학교 | G8: 1G | I8: X | J8: 2 | K8: 1 | L8: 1 | M8: 11 | N8: 2 | O8: 0 | P8: 4 | Q8: 3 | R8: 1 | S8: 0 | T8: 0 | U8: 0 | V8: 0 | W8: 0 | X8: 0 | Y8: 0 | Z8: 0 | AA8: 0 | AB8: 0 | AC8: 13 | AD8: 2 | AE8: 0 | AF8: 0 | AG8: 0 | AH8: 0 | AI8: 1 | AJ8: 0 | AK8: 5 | AL8: 0 | AM8: 0 | AN8: 24 | AO8: 0 | AP8: 4 | AQ8: 25
A9: G107441057ES | B9: Y | C9: 대전 | D9: 대덕구 | E9: 초등학교 | F9: 대전대화초등학교 | G9: 1G | I9: O | J9: 2 | K9: 3 | L9: 1 | M9: 6 | N9: 2 | O9: 0 | P9: 6 | Q9: 4 | R9: 2 | S9: 0 | T9: 0 | U9: 0 | V9: 0 | W9: 1 | X9: 1 | Y9: 0 | Z9: 8 | AA9: 2 | AB9: 0 | AC9: 0 | AD9: 0 | AE9: 0 | AF9: 0 | AG9: 0 | AH9: 0 | AI9: 1 | AJ9: 1 | AK9: 3 | AL9: 0 | AM9: 14 | AN9: 11 | AO9: 0 | AP9: 2 | AQ9: 27
A10: G107441060ES | B10: Y | C10: 대전 | D10: 대덕구 | E10: 초등학교 | F10: 대전동도초등학교 | G10: 1G | I10: X | J10: 2 | K10: 3 | L10: 1 | M10: 7 | N10: 4 | O10: 0 | P10: 8 | Q10: 8 | R10: 0 | S10: 0 | T10: 1 | U10: 1 | V10: 0 | W10: 0 | X10: 0 | Y10: 0 | Z10: 0 | AA10: 0 | AB10: 0 | AC10: 13 | AD10: 2 | AE10: 0 | AF10: 0 | AG10: 0 | AH10: 0 | AI10: 1 | AJ10: 1 | AK10: 3 | AL10: 0 | AM10: 11 | AN10: 8 | AO10: 1 | AP10: 2 | AQ10: 20
A11: G107441062ES | B11: Y | C11: 대전 | D11: 대덕구 | E11: 초등학교 | F11: 대전동산초등학교 | G11: 1G | I11: O | J11: 2 | K11: 1 | L11: 2 | M11: 7 | N11: 1 | O11: 0 | P11: 5 | Q11: 3 | R11: 2 | S11: 0 | T11: 0 | U11: 0 | V11: 0 | W11: 0 | X11: 0 | Y11: 0 | Z11: 0 | AA11: 0 | AB11: 0 | AC11: 9 | AD11: 2 | AE11: 0 | AF11: 0 | AG11: 0 | AH11: 0 | AI11: 1 | AJ11: 1 | AK11: 6 | AL11: 0 | AM11: 12 | AN11: 35 | AO11: 0 | AP11: 5 | AQ11: 49
A12: G107441019MS | B12: Y | C12: 대전 | D12: 대덕구 | E12: 중학교 | F12: 대전매봉중학교 | G12: 1G | H12: 2.5G | I12: X | J12: 2 | K12: 2 | L12: 1 | M12: 9 | N12: 4 | O12: 0 | P12: 3 | Q12: 3 | R12: 0 | S12: 0 | T12: 0 | U12: 1 | V12: 0 | W12: 0 | X12: 0 | Y12: 0 | Z12: 11 | AA12: 2 | AB12: 0 | AC12: 0 | AD12: 0 | AE12: 0 | AF12: 0 | AG12: 0 | AH12: 0 | AI12: 1 | AJ12: 0 | AK12: 6 | AL12: 0 | AM12: 0 | AN12: 40 | AO12: 0 | AP12: 6 | AQ12: 40
A13: G107441064ES | B13: Y | C13: 대전 | D13: 대덕구 | E13: 초등학교 | F13: 대전매봉초등학교 | G13: 1G | H13: 2.5G | I13: O | J13: 2 | K13: 2 | L13: 1 | M13: 11 | N13: 3 | O13: 0 | P13: 9 | Q13: 8 | R13: 1 | S13: 0 | T13: 1 | U13: 1 | V13: 0 | W13: 0 | X13: 0 | Y13: 0 | Z13: 17 | AA13: 2 | AB13: 0 | AC13: 0 | AD13: 0 | AE13: 0 | AF13: 0 | AG13: 0 | AH13: 0 | AI13: 1 | AJ13: 1 | AK13: 11 | AL13: 0 | AM13: 20 | AN13: 39 | AO13: 2 | AP13: 3 | AQ13: 63
A14: G107441066ES | B14: Y | C14: 대전 | D14: 대덕구 | E14: 초등학교 | F14: 대전목상초등학교 | G14: 1G | I14: X | J14: 2 | K14: 2 | L14: 1 | M14: 10 | N14: 3 | O14: 0 | P14: 7 | Q14: 7 | R14: 0 | S14: 0 | T14: 0 | U14: 0 | V14: 0 | W14: 0 | X14: 0 | Y14: 0 | Z14: 0 | AA14: 0 | AB14: 0 | AC14: 16 | AD14: 2 | AE14: 0 | AF14: 0 | AG14: 0 | AH14: 0 | AI14: 1 | AJ14: 0 | AK14: 5 | AL14: 0 | AM14: 15 | AN14: 12 | AO14: 0 | AP14: 3 | AQ14: 29
A15: G107441021MS | B15: Y | C15: 대전 | D15: 대덕구 | E15: 중학교 | F15: 대전법동중학교 | G15: 1G | I15: X | J15: 2 | K15: 0 | L15: 0 | M15: 10 | N15: 3 | O15: 1 | P15: 1 | Q15: 1 | R15: 0 | S15: 0 | T15: 0 | U15: 0 | V15: 0 | W15: 0 | X15: 1 | Y15: 1 | Z15: 6 | AA15: 1 | AB15: 6 | AC15: 0 | AD15: 0 | AE15: 0 | AF15: 1 | AG15: 0 | AH15: 1 | AI15: 1 | AJ15: 0 | AK15: 7 | AL15: 1 | AM15: 6 | AN15: 42 | AO15: 3 | AP15: 7 | AQ15: 48
A16: G107441072ES | B16: Y | C16: 대전 | D16: 대덕구 | E16: 초등학교 | F16: 대전법동초등학교 | G16: 1G | I16: O | J16: 2 | K16: 3 | L16: 1 | M16: 3 | N16: 1 | O16: 0 | P16: 12 | Q16: 10 | R16: 2 | S16: 0 | T16: 0 | U16: 0 | V16: 0 | W16: 0 | X16: 0 | Y16: 0 | Z16: 0 | AA16: 0 | AB16: 0 | AC16: 12 | AD16: 2 | AE16: 0 | AF16: 0 | AG16: 0 | AH16: 0 | AI16: 1 | AJ16: 0 | AK16: 7 | AL16: 0 | AM16: 10 | AN16: 22 | AO16: 0 | AP16: 6 | AQ16: 33
A17: G107441075ES | B17: Y | C17: 대전 | D17: 대덕구 | E17: 초등학교 | F17: 대전비래초등학교 | G17: 1G | I17: O | J17: 2 | K17: 3 | L17: 1 | M17: 6 | N17: 1 | O17: 0 | P17: 10 | Q17: 6 | R17: 4 | S17: 0 | T17: 2 | U17: 1 | V17: 0 | W17: 0 | X17: 0 | Y17: 0 | Z17: 9 | AA17: 3 | AB17: 0 | AC17: 0 | AD17: 0 | AE17: 0 | AF17: 0 | AG17: 0 | AH17: 0 | AI17: 1 | AJ17: 0 | AK17: 7 | AL17: 1 | AM17: 0 | AN17: 15 | AO17: 4 | AP17: 4 | AQ17: 17
A18: G107441256ES | B18: Y | C18: 대전 | D18: 대덕구 | E18: 초등학교 | F18: 대전새여울초등학교 | G18: 1G | H18: 2.5G | I18: X | J18: 2 | K18: 1 | L18: 1 | M18: 16 | N18: 7 | O18: 0 | P18: 1 | Q18: 1 | R18: 0 | S18: 0 | T18: 5 | U18: 0 | V18: 0 | W18: 0 | X18: 1 | Y18: 0 | Z18: 11 | AA18: 5 | AB18: 0 | AC18: 0 | AD18: 0 | AE18: 0 | AF18: 0 | AG18: 0 | AH18: 0 | AI18: 1 | AJ18: 1 | AK18: 6 | AL18: 0 | AM18: 2 | AN18: 53 | AO18: 0 | AP18: 5 | AQ18: 58
A19: G107430329HS | B19: Y | C19: 대전 | D19: 대덕구 | E19: 고등학교 | F19: 대전생활과학고등학교 | G19: 1G | I19: X | J19: 2 | K19: 2 | L19: 1 | M19: 8 | N19: 8 | O19: 0 | P19: 3 | Q19: 3 | R19: 0 | S19: 0 | T19: 0 | U19: 0 | V19: 0 | W19: 2 | X19: 2 | Y19: 0 | Z19: 8 | AA19: 5 | AB19: 0 | AC19: 0 | AD19: 0 | AE19: 0 | AF19: 0 | AG19: 0 | AH19: 0 | AI19: 1 | AJ19: 0 | AK19: 10 | AL19: 0 | AM19: 0 | AN19: 60 | AO19: 0 | AP19: 9 | AQ19: 61
A20: G107441079ES | B20: Y | C20: 대전 | D20: 대덕구 | E20: 초등학교 | F20: 대전석봉초등학교 | G20: 1G | I20: O | J20: 2 | K20: 1 | L20: 1 | M20: 5 | N20: 3 | O20: 0 | P20: 3 | Q20: 2 | R20: 1 | S20: 0 | T20: 0 | U20: 0 | V20: 0 | W20: 0 | X20: 0 | Y20: 0 | Z20: 0 | AA20: 0 | AB20: 0 | AC20: 6 | AD20: 3 | AE20: 0 | AF20: 0 | AG20: 0 | AH20: 0 | AI20: 1 | AJ20: 0 | AK20: 4 | AL20: 0 | AM20: 9 | AN20: 7 | AO20: 0 | AP20: 2 | AQ20: 18
A21: G107430132HS | B21: Y | C21: 대전 | D21: 대덕구 | E21: 고등학교 | F21: 대전송촌고등학교 | G21: 1G | H21: 2.5G | I21: X | J21: 2 | K21: 3 | L21: 1 | M21: 14 | N21: 8 | O21: 0 | P21: 15 | Q21: 15 | R21: 0 | S21: 0 | T21: 0 | U21: 1 | V21: 0 | W21: 0 | X21: 0 | Y21: 0 | Z21: 18 | AA21: 2 | AB21: 0 | AC21: 0 | AD21: 0 | AE21: 0 | AF21: 10 | AG21: 4 | AH21: 0 | AI21: 1 | AJ21: 0 | AK21: 11 | AL21: 0 | AM21: 0 | AN21: 53 | AO21: 0 | AP21: 10 | AQ21: 54
A22: G107441022MS | B22: Y | C22: 대전 | D22: 대덕구 | E22: 중학교 | F22: 대전송촌중학교 | G22: 1G | H22: 2.5G | I22: X | J22: 2 | K22: 3 | L22: 1 | M22: 5 | N22: 3 | O22: 0 | P22: 14 | Q22: 10 | R22: 4 | S22: 0 | T22: 3 | U22: 1 | V22: 0 | W22: 0 | X22: 0 | Y22: 0 | Z22: 11 | AA22: 5 | AB22: 0 | AC22: 0 | AD22: 0 | AE22: 0 | AF22: 0 | AG22: 0 | AH22: 0 | AI22: 1 | AJ22: 0 | AK22: 8 | AL22: 0 | AM22: 0 | AN22: 41 | AO22: 0 | AP22: 5 | AQ22: 44
A23: G107441083ES | B23: Y | C23: 대전 | D23: 대덕구 | E23: 초등학교 | F23: 대전송촌초등학교 | G23: 1G | H23: 2.5G | I23: O | J23: 2 | K23: 0 | L23: 0 | M23: 11 | N23: 2 | O23: 1 | P23: 1 | Q23: 1 | R23: 0 | S23: 0 | T23: 0 | U23: 0 | V23: 0 | W23: 0 | X23: 0 | Y23: 0 | Z23: 8 | AA23: 1 | AB23: 6 | AC23: 0 | AD23: 0 | AE23: 0 | AF23: 0 | AG23: 0 | AH23: 0 | AI23: 1 | AJ23: 0 | AK23: 6 | AL23: 0 | AM23: 33 | AN23: 15 | AO23: 0 | AP23: 2 | AQ23: 53
A24: G107441086ES | B24: Y | C24: 대전 | D24: 대덕구 | E24: 초등학교 | F24: 대전양지초등학교 | G24: 1G | I24: O | J24: 2 | K24: 1 | L24: 1 | M24: 11 | N24: 4 | O24: 0 | P24: 5 | Q24: 5 | R24: 0 | S24: 0 | T24: 0 | U24: 0 | V24: 0 | W24: 0 | X24: 0 | Y24: 0 | Z24: 15 | AA24: 3 | AB24: 0 | AC24: 0 | AD24: 0 | AE24: 0 | AF24: 0 | AG24: 0 | AH24: 0 | AI24: 1 | AJ24: 1 | AK24: 2 | AL24: 0 | AM24: 9 | AN24: 27 | AO24: 0 | AP24: 3 | AQ24: 36
A25: G107430357VH | B25: Y | C25: 대전 | D25: 대덕구 | E25: 특수학교 | F25: 대전온라인학교 | G25: 1G | I25: X | J25: 2 | K25: 1 | L25: 1 | M25: 8 | N25: 2 | O25: 0 | P25: 0 | Q25: 0 | R25: 0 | S25: 0 | T25: 0 | U25: 0 | V25: 0 | W25: 1 | X25: 0 | Y25: 0 | Z25: 6 | AA25: 1 | AB25: 0 | AC25: 0 | AD25: 0 | AE25: 0 | AF25: 0 | AG25: 0 | AH25: 0 | AI25: 1 | AJ25: 0 | AK25: 1 | AL25: 0 | AM25: 0 | AN25: 13 | AO25: 0 | AP25: 1 | AQ25: 13
A26: G107441025MS | B26: Y | C26: 대전 | D26: 대덕구 | E26: 중학교 | F26: 대전용전중학교 | G26: 1G | I26: X | J26: 2 | K26: 2 | L26: 1 | M26: 4 | N26: 3 | O26: 0 | P26: 13 | Q26: 13 | R26: 0 | S26: 0 | T26: 0 | U26: 0 | V26: 0 | W26: 0 | X26: 0 | Y26: 0 | Z26: 0 | AA26: 0 | AB26: 0 | AC26: 17 | AD26: 2 | AE26: 0 | AF26: 0 | AG26: 0 | AH26: 0 | AI26: 1 | AJ26: 0 | AK26: 8 | AL26: 0 | AM26: 0 | AN26: 39 | AO26: 0 | AP26: 7 | AQ26: 40
A27: G107430113SS | B27: Y | C27: 대전 | D27: 대덕구 | E27: 특수학교 | F27: 대전원명학교 | G27: 1G | I27: X | J27: 2 | K27: 3 | L27: 1 | M27: 10 | N27: 1 | O27: 0 | P27: 6 | Q27: 6 | R27: 0 | S27: 0 | T27: 2 | U27: 0 | V27: 0 | W27: 0 | X27: 0 | Y27: 0 | Z27: 14 | AA27: 0 | AB27: 0 | AC27: 0 | AD27: 0 | AE27: 0 | AF27: 0 | AG27: 0 | AH27: 0 | AI27: 1 | AJ27: 0 | AK27: 14 | AL27: 0 | AM27: 0 | AN27: 65 | AO27: 3 | AP27: 11 | AQ27: 65
A28: G107430240HS | B28: Y | C28: 대전 | D28: 대덕구 | E28: 고등학교 | F28: 대전이문고등학교 | G28: 1G | I28: X | J28: 2 | K28: 2 | L28: 1 | M28: 7 | N28: 3 | O28: 0 | P28: 8 | Q28: 6 | R28: 2 | S28: 0 | T28: 2 | U28: 3 | V28: 0 | W28: 0 | X28: 0 | Y28: 0 | Z28: 10 | AA28: 1 | AB28: 0 | AC28: 0 | AD28: 0 | AE28: 0 | AF28: 0 | AG28: 0 | AH28: 0 | AI28: 1 | AJ28: 0 | AK28: 11 | AL28: 0 | AM28: 0 | AN28: 64 | AO28: 0 | AP28: 10 | AQ28: 65
A29: G107441095ES | B29: Y | C29: 대전 | D29: 대덕구 | E29: 초등학교 | F29: 대전중리초등학교 | G29: 1G | H29: 2.5G | I29: O | J29: 2 | K29: 1 | L29: 1 | M29: 6 | N29: 3 | O29: 0 | P29: 12 | Q29: 10 | R29: 2 | S29: 0 | T29: 0 | U29: 0 | V29: 0 | W29: 0 | X29: 0 | Y29: 0 | Z29: 0 | AA29: 0 | AB29: 0 | AC29: 0 | AD29: 0 | AE29: 0 | AF29: 15 | AG29: 4 | AH29: 0 | AI29: 1 | AJ29: 0 | AK29: 6 | AL29: 0 | AM29: 23 | AN29: 27 | AO29: 0 | AP29: 5 | AQ29: 51
A30: G107441097ES | B30: Y | C30: 대전 | D30: 대덕구 | E30: 초등학교 | F30: 대전중원초등학교 | G30: 1G | H30: 2.5G | I30: O | J30: 2 | K30: 0 | L30: 0 | M30: 9 | N30: 10 | O30: 1 | P30: 0 | Q30: 0 | R30: 0 | S30: 0 | T30: 1 | U30: 0 | V30: 0 | W30: 0 | X30: 1 | Y30: 0 | Z30: 5 | AA30: 7 | AB30: 6 | AC30: 0 | AD30: 0 | AE30: 0 | AF30: 0 | AG30: 0 | AH30: 0 | AI30: 1 | AJ30: 0 | AK30: 8 | AL30: 1 | AM30: 26 | AN30: 26 | AO30: 2 | AP30: 4 | AQ30: 56
A31: G107430349SS | B31: Y | C31: 대전 | D31: 대덕구 | E31: 특수학교 | F31: 대전해든학교 | G31: 1G | I31: X | J31: 2 | K31: 12 | L31: 11 | M31: 17 | N31: 10 | O31: 0 | P31: 3 | Q31: 2 | R31: 1 | S31: 0 | T31: 0 | U31: 0 | V31: 0 | W31: 0 | X31: 0 | Y31: 0 | Z31: 18 | AA31: 10 | AB31: 0 | AC31: 0 | AD31: 0 | AE31: 0 | AF31: 0 | AG31: 0 | AH31: 0 | AI31: 1 | AJ31: 0 | AK31: 6 | AL31: 0 | AM31: 0 | AN31: 58 | AO31: 0 | AP31: 6 | AQ31: 58
A32: G107441103ES | B32: Y | C32: 대전 | D32: 대덕구 | E32: 초등학교 | F32: 대전화정초등학교 | G32: 1G | I32: X | J32: 2 | K32: 1 | L32: 1 | M32: 8 | N32: 1 | O32: 0 | P32: 17 | Q32: 13 | R32: 4 | S32: 0 | T32: 0 | U32: 0 | V32: 0 | W32: 0 | X32: 0 | Y32: 0 | Z32: 0 | AA32: 0 | AB32: 0 | AC32: 0 | AD32: 0 | AE32: 0 | AF32: 21 | AG32: 5 | AH32: 0 | AI32: 1 | AJ32: 1 | AK32: 6 | AL32: 0 | AM32: 13 | AN32: 25 | AO32: 0 | AP32: 6 | AQ32: 39
A33: G107430039HS | B33: Y | C33: 대전 | D33: 대덕구 | E33: 고등학교 | F33: 동대전고등학교 | G33: 1G | H33: 2.5G | I33: X | J33: 2 | K33: 1 | L33: 1 | M33: 19 | N33: 4 | O33: 0 | P33: 0 | Q33: 0 | R33: 0 | S33: 0 | T33: 0 | U33: 0 | V33: 0 | W33: 0 | X33: 0 | Y33: 0 | Z33: 18 | AA33: 3 | AB33: 0 | AC33: 0 | AD33: 0 | AE33: 0 | AF33: 0 | AG33: 0 | AH33: 0 | AI33: 1 | AJ33: 0 | AK33: 6 | AL33: 0 | AM33: 0 | AN33: 47 | AO33: 0 | AP33: 5 | AQ33: 48
A34: G107441110ES | B34: Y | C34: 대전 | D34: 대덕구 | E34: 초등학교 | F34: 새일초등학교 | G34: 1G | I34: O | J34: 2 | K34: 1 | L34: 1 | M34: 7 | N34: 1 | O34: 0 | P34: 6 | Q34: 2 | R34: 4 | S34: 0 | T34: 0 | U34: 0 | V34: 0 | W34: 0 | X34: 0 | Y34: 0 | Z34: 0 | AA34: 0 | AB34: 0 | AC34: 9 | AD34: 4 | AE34: 0 | AF34: 0 | AG34: 0 | AH34: 0 | AI34: 1 | AJ34: 0 | AK34: 11 | AL34: 0 | AM34: 19 | AN34: 19 | AO34: 0 | AP34: 7 | AQ34: 42
A35: G107441036MS | B35: Y | C35: 대전 | D35: 대덕구 | E35: 중학교 | F35: 신탄중앙중학교 | G35: 1G | I35: X | J35: 2 | K35: 1 | L35: 1 | M35: 11 | N35: 3 | O35: 0 | P35: 0 | Q35: 0 | R35: 0 | S35: 0 | T35: 0 | U35: 0 | V35: 0 | W35: 0 | X35: 0 | Y35: 0 | Z35: 10 | AA35: 2 | AB35: 0 | AC35: 0 | AD35: 0 | AE35: 0 | AF35: 0 | AG35: 0 | AH35: 0 | AI35: 1 | AJ35: 0 | AK35: 5 | AL35: 0 | AM35: 0 | AN35: 27 | AO35: 0 | AP35: 4 | AQ35: 28
A36: G107430041HS | B36: Y | C36: 대전 | D36: 대덕구 | E36: 고등학교 | F36: 신탄진고등학교 | G36: 1G | I36: O | J36: 2 | K36: 1 | L36: 1 | M36: 11 | N36: 5 | O36: 0 | P36: 6 | Q36: 3 | R36: 3 | S36: 0 | T36: 0 | U36: 0 | V36: 0 | W36: 0 | X36: 0 | Y36: 0 | Z36: 0 | AA36: 0 | AB36: 0 | AC36: 13 | AD36: 7 | AE36: 0 | AF36: 0 | AG36: 0 | AH36: 0 | AI36: 1 | AJ36: 0 | AK36: 5 | AL36: 0 | AM36: 0 | AN36: 43 | AO36: 0 | AP36: 5 | AQ36: 43
A37: G107441113ES | B37: Y | C37: 대전 | D37: 대덕구 | E37: 초등학교 | F37: 신탄진용정초등학교 | G37: 1G | H37: 2.5G | I37: X | J37: 2 | K37: 1 | L37: 1 | M37: 10 | N37: 3 | O37: 0 | P37: 0 | Q37: 0 | R37: 0 | S37: 0 | T37: 1 | U37: 1 | V37: 0 | W37: 0 | X37: 0 | Y37: 0 | Z37: 5 | AA37: 0 | AB37: 0 | AC37: 0 | AD37: 0 | AE37: 0 | AF37: 4 | AG37: 1 | AH37: 0 | AI37: 1 | AJ37: 0 | AK37: 6 | AL37: 0 | AM37: 14 | AN37: 20 | AO37: 2 | AP37: 3 | AQ37: 35
A38: G107441037MS | B38: Y | C38: 대전 | D38: 대덕구 | E38: 중학교 | F38: 신탄진중학교 | G38: 1G | I38: X | J38: 2 | K38: 3 | L38: 1 | M38: 21 | N38: 3 | O38: 0 | P38: 3 | Q38: 3 | R38: 0 | S38: 0 | T38: 0 | U38: 0 | V38: 0 | W38: 1 | X38: 0 | Y38: 0 | Z38: 23 | AA38: 2 | AB38: 0 | AC38: 0 | AD38: 0 | AE38: 0 | AF38: 0 | AG38: 0 | AH38: 0 | AI38: 1 | AJ38: 0 | AK38: 7 | AL38: 0 | AM38: 0 | AN38: 29 | AO38: 0 | AP38: 3 | AQ38: 30
A39: G107441114ES | B39: Y | C39: 대전 | D39: 대덕구 | E39: 초등학교 | F39: 신탄진초등학교 | G39: 1G | I39: X | J39: 2 | K39: 2 | L39: 2 | M39: 14 | N39: 1 | O39: 0 | P39: 21 | Q39: 18 | R39: 3 | S39: 0 | T39: 0 | U39: 0 | V39: 0 | W39: 0 | X39: 0 | Y39: 0 | Z39: 31 | AA39: 3 | AB39: 0 | AC39: 0 | AD39: 0 | AE39: 0 | AF39: 0 | AG39: 0 | AH39: 0 | AI39: 1 | AJ39: 2 | AK39: 11 | AL39: 0 | AM39: 5 | AN39: 48 | AO39: 0 | AP39: 5 | AQ39: 57
A40: G107441038MS | B40: Y | C40: 대전 | D40: 대덕구 | E40: 중학교 | F40: 오정중학교 | G40: 1G | I40: X | J40: 2 | K40: 1 | L40: 1 | M40: 9 | N40: 2 | O40: 2 | P40: 15 | Q40: 11 | R40: 3 | S40: 1 | T40: 0 | U40: 0 | V40: 0 | W40: 0 | X40: 0 | Y40: 0 | Z40: 0 | AA40: 0 | AB40: 0 | AC40: 18 | AD40: 4 | AE40: 6 | AF40: 0 | AG40: 0 | AH40: 0 | AI40: 1 | AJ40: 0 | AK40: 6 | AL40: 0 | AM40: 0 | AN40: 20 | AO40: 0 | AP40: 5 | AQ40: 20
A41: G107441115ES | B41: Y | C41: 대전 | D41: 대덕구 | E41: 초등학교 | F41: 와동초등학교 | G41: 1G | I41: O | J41: 2 | K41: 0 | L41: 0 | M41: 9 | N41: 1 | O41: 1 | P41: 1 | Q41: 1 | R41: 0 | S41: 0 | T41: 0 | U41: 0 | V41: 0 | W41: 0 | X41: 0 | Y41: 0 | Z41: 0 | AA41: 0 | AB41: 0 | AC41: 0 | AD41: 0 | AE41: 0 | AF41: 8 | AG41: 1 | AH41: 3 | AI41: 1 | AJ41: 0 | AK41: 6 | AL41: 0 | AM41: 14 | AN41: 13 | AO41: 0 | AP41: 3 | AQ41: 30
A42: G107441116ES | B42: Y | C42: 대전 | D42: 대덕구 | E42: 초등학교 | F42: 장동초등학교 | G42: 1G | I42: X | J42: 2 | K42: 1 | L42: 1 | M42: 6 | N42: 1 | O42: 0 | P42: 5 | Q42: 3 | R42: 2 | S42: 0 | T42: 0 | U42: 0 | V42: 0 | W42: 0 | X42: 0 | Y42: 0 | Z42: 8 | AA42: 2 | AB42: 0 | AC42: 0 | AD42: 0 | AE42: 0 | AF42: 0 | AG42: 0 | AH42: 0 | AI42: 1 | AJ42: 1 | AK42: 2 | AL42: 0 | AM42: 2 | AN42: 11 | AO42: 0 | AP42: 2 | AQ42: 14
A43: G107441040MS | B43: Y | C43: 대전 | D43: 대덕구 | E43: 중학교 | F43: 중리중학교 | G43: 1G | I43: X | J43: 2 | K43: 0 | L43: 0 | M43: 9 | N43: 2 | O43: 1 | P43: 0 | Q43: 0 | R43: 0 | S43: 0 | T43: 0 | U43: 0 | V43: 0 | W43: 1 | X43: 1 | Y43: 1 | Z43: 7 | AA43: 1 | AB43: 2 | AC43: 0 | AD43: 0 | AE43: 0 | AF43: 0 | AG43: 0 | AH43: 0 | AI43: 1 | AJ43: 0 | AK43: 6 | AL43: 0 | AM43: 0 | AN43: 32 | AO43: 1 | AP43: 4 | AQ43: 33
A44: G107441047MS | B44: Y | C44: 대전 | D44: 대덕구 | E44: 중학교 | F44: 회덕중학교 | G44: 1G | I44: X | J44: 2 | K44: 1 | L44: 1 | M44: 6 | N44: 2 | O44: 0 | P44: 3 | Q44: 2 | R44: 1 | S44: 0 | T44: 2 | U44: 0 | V44: 0 | W44: 0 | X44: 0 | Y44: 0 | Z44: 4 | AA44: 0 | AB44: 0 | AC44: 0 | AD44: 0 | AE44: 0 | AF44: 1 | AG44: 2 | AH44: 0 | AI44: 1 | AJ44: 0 | AK44: 4 | AL44: 0 | AM44: 0 | AN44: 23 | AO44: 1 | AP44: 3 | AQ44: 23
A45: G107441117ES | B45: Y | C45: 대전 | D45: 대덕구 | E45: 초등학교 | F45: 회덕초등학교 | G45: 1G | I45: X | J45: 2 | K45: 1 | L45: 1 | M45: 8 | N45: 2 | O45: 0 | P45: 6 | Q45: 2 | R45: 4 | S45: 0 | T45: 0 | U45: 1 | V45: 0 | W45: 0 | X45: 0 | Y45: 0 | Z45: 3 | AA45: 0 | AB45: 0 | AC45: 6 | AD45: 4 | AE45: 0 | AF45: 0 | AG45: 0 | AH45: 0 | AI45: 1 | AJ45: 1 | AK45: 6 | AL45: 0 | AM45: 9 | AN45: 22 | AO45: 0 | AP45: 6 | AQ45: 32
A46: G107430324HS | B46: Y | C46: 대전 | D46: 동구 | E46: 고등학교 | F46: 계룡디지텍고등학교 | G46: 1G | I46: X | J46: 2 | K46: 1 | L46: 1 | M46: 7 | N46: 11 | O46: 0 | P46: 21 | Q46: 4 | R46: 17 | S46: 0 | T46: 1 | U46: 0 | V46: 0 | W46: 1 | X46: 1 | Y46: 0 | Z46: 0 | AA46: 0 | AB46: 0 | AC46: 0 | AD46: 0 | AE46: 0 | AF46: 8 | AG46: 26 | AH46: 0 | AI46: 1 | AJ46: 0 | AK46: 10 | AL46: 0 | AM46: 0 | AN46: 68 | AO46: 0 | AP46: 8 | AQ46: 70
A47: G107441012MS | B47: Y | C47: 대전 | D47: 동구 | E47: 중학교 | F47: 대전가양중학교 | G47: 1G | I47: X | J47: 2 | K47: 1 | L47: 0 | M47: 16 | N47: 0 | O47: 6 | P47: 5 | Q47: 3 | R47: 0 | S47: 2 | T47: 5 | U47: 0 | V47: 8 | W47: 0 | X47: 0 | Y47: 0 | Z47: 2 | AA47: 0 | AB47: 0 | AC47: 0 | AD47: 0 | AE47: 0 | AF47: 7 | AG47: 0 | AH47: 5 | AI47: 1 | AJ47: 0 | AK47: 6 | AL47: 0 | AM47: 0 | AN47: 39 | AO47: 3 | AP47: 2 | AQ47: 40
A48: G107441048ES | B48: Y | C48: 대전 | D48: 동구 | E48: 초등학교 | F48: 대전가양초등학교 | G48: 1G | H48: 2.5G | I48: X | J48: 2 | K48: 2 | L48: 1 | M48: 7 | N48: 2 | O48: 0 | P48: 7 | Q48: 3 | R48: 4 | S48: 0 | T48: 0 | U48: 0 | V48: 0 | W48: 0 | X48: 0 | Y48: 0 | Z48: 12 | AA48: 5 | AB48: 0 | AC48: 0 | AD48: 0 | AE48: 0 | AF48: 0 | AG48: 0 | AH48: 0 | AI48: 1 | AJ48: 0 | AK48: 4 | AL48: 0 | AM48: 28 | AN48: 18 | AO48: 0 | AP48: 1 | AQ48: 49
A49: G107430241HS | B49: Y | C49: 대전 | D49: 동구 | E49: 고등학교 | F49: 대전가오고등학교 | G49: 1G | H49: 2.5G | I49: X | J49: 2 | K49: 1 | L49: 1 | M49: 9 | N49: 3 | O49: 0 | P49: 7 | Q49: 5 | R49: 2 | S49: 0 | T49: 1 | U49: 1 | V49: 0 | W49: 0 | X49: 1 | Y49: 0 | Z49: 12 | AA49: 3 | AB49: 0 | AC49: 0 | AD49: 0 | AE49: 0 | AF49: 0 | AG49: 0 | AH49: 0 | AI49: 1 | AJ49: 0 | AK49: 7 | AL49: 0 | AM49: 0 | AN49: 45 | AO49: 0 | AP49: 6 | AQ49: 46
A50: G107441013MS | B50: Y | C50: 대전 | D50: 동구 | E50: 중학교 | F50: 대전가오중학교 | G50: 1G | H50: 2.5G | I50: X | J50: 2 | K50: 0 | L50: 1 | M50: 12 | N50: 3 | O50: 1 | P50: 2 | Q50: 1 | R50: 1 | S50: 0 | T50: 0 | U50: 1 | V50: 0 | W50: 0 | X50: 0 | Y50: 0 | Z50: 11 | AA50: 2 | AB50: 4 | AC50: 0 | AD50: 0 | AE50: 0 | AF50: 0 | AG50: 0 | AH50: 0 | AI50: 1 | AJ50: 0 | AK50: 7 | AL50: 0 | AM50: 0 | AN50: 31 | AO50: 0 | AP50: 3 | AQ50: 33
A51: G107441049ES | B51: Y | C51: 대전 | D51: 동구 | E51: 초등학교 | F51: 대전가오초등학교 | G51: 1G | H51: 2.5G | I51: O | J51: 2 | K51: 1 | L51: 1 | M51: 8 | N51: 1 | O51: 0 | P51: 10 | Q51: 6 | R51: 4 | S51: 0 | T51: 0 | U51: 0 | V51: 0 | W51: 0 | X51: 0 | Y51: 0 | Z51: 13 | AA51: 4 | AB51: 0 | AC51: 0 | AD51: 0 | AE51: 0 | AF51: 0 | AG51: 0 | AH51: 0 | AI51: 1 | AJ51: 0 | AK51: 8 | AL51: 0 | AM51: 25 | AN51: 26 | AO51: 0 | AP51: 6 | AQ51: 53
A52: G107441051ES | B52: Y | C52: 대전 | D52: 동구 | E52: 초등학교 | F52: 대전대동초등학교 | G52: 1G | I52: X | J52: 2 | K52: 3 | L52: 1 | M52: 9 | N52: 3 | O52: 0 | P52: 5 | Q52: 2 | R52: 3 | S52: 0 | T52: 0 | U52: 0 | V52: 0 | W52: 0 | X52: 0 | Y52: 0 | Z52: 11 | AA52: 5 | AB52: 0 | AC52: 0 | AD52: 0 | AE52: 0 | AF52: 0 | AG52: 0 | AH52: 0 | AI52: 1 | AJ52: 1 | AK52: 4 | AL52: 0 | AM52: 13 | AN52: 18 | AO52: 0 | AP52: 2 | AQ52: 32
A53: G107441052ES | B53: Y | C53: 대전 | D53: 동구 | E53: 초등학교 | F53: 대전대룡초등학교 | G53: 1G | H53: 2.5G | I53: O | J53: 2 | K53: 3 | L53: 1 | M53: 3 | N53: 3 | O53: 0 | P53: 7 | Q53: 7 | R53: 0 | S53: 0 | T53: 0 | U53: 0 | V53: 0 | W53: 0 | X53: 0 | Y53: 0 | Z53: 0 | AA53: 0 | AB53: 0 | AC53: 0 | AD53: 0 | AE53: 0 | AF53: 9 | AG53: 2 | AH53: 0 | AI53: 1 | AJ53: 1 | AK53: 4 | AL53: 1 | AM53: 11 | AN53: 21 | AO53: 0 | AP53: 4 | AQ53: 34
A54: G107430326HS | B54: Y | C54: 대전 | D54: 동구 | E54: 고등학교 | F54: 대전대성여자고등학교 | G54: 1G | I54: X | J54: 2 | K54: 2 | L54: 1 | M54: 16 | N54: 7 | O54: 0 | P54: 3 | Q54: 3 | R54: 0 | S54: 0 | T54: 1 | U54: 0 | V54: 0 | W54: 0 | X54: 0 | Y54: 0 | Z54: 17 | AA54: 6 | AB54: 0 | AC54: 0 | AD54: 0 | AE54: 0 | AF54: 0 | AG54: 0 | AH54: 0 | AI54: 1 | AJ54: 0 | AK54: 13 | AL54: 0 | AM54: 0 | AN54: 61 | AO54: 0 | AP54: 6 | AQ54: 68
A55: G107441263MS | B55: Y | C55: 대전 | D55: 동구 | E55: 중학교 | F55: 대전대성여자중학교 | G55: 1G | I55: X | J55: 2 | K55: 3 | L55: 1 | M55: 7 | N55: 4 | O55: 0 | P55: 5 | Q55: 5 | R55: 0 | S55: 0 | T55: 0 | U55: 0 | V55: 0 | W55: 0 | X55: 0 | Y55: 0 | Z55: 1 | AA55: 0 | AB55: 0 | AC55: 0 | AD55: 0 | AE55: 0 | AF55: 11 | AG55: 3 | AH55: 0 | AI55: 1 | AJ55: 0 | AK55: 5 | AL55: 0 | AM55: 0 | AN55: 28 | AO55: 0 | AP55: 4 | AQ55: 29
A56: G107441055ES | B56: Y | C56: 대전 | D56: 동구 | E56: 초등학교 | F56: 대전대암초등학교 | G56: 1G | I56: X | J56: 2 | K56: 2 | L56: 1 | M56: 9 | N56: 1 | O56: 0 | P56: 4 | Q56: 2 | R56: 2 | S56: 0 | T56: 0 | U56: 0 | V56: 0 | W56: 0 | X56: 0 | Y56: 0 | Z56: 0 | AA56: 0 | AB56: 0 | AC56: 10 | AD56: 2 | AE56: 0 | AF56: 0 | AG56: 0 | AH56: 0 | AI56: 1 | AJ56: 1 | AK56: 5 | AL56: 0 | AM56: 8 | AN56: 23 | AO56: 0 | AP56: 5 | AQ56: 32
A57: G107441059ES | B57: Y | C57: 대전 | D57: 동구 | E57: 초등학교 | F57: 대전동광초등학교 | G57: 1G | I57: X | J57: 2 | K57: 1 | L57: 1 | M57: 11 | N57: 1 | O57: 0 | P57: 6 | Q57: 3 | R57: 3 | S57: 0 | T57: 0 | U57: 0 | V57: 0 | W57: 0 | X57: 0 | Y57: 0 | Z57: 0 | AA57: 0 | AB57: 0 | AC57: 13 | AD57: 3 | AE57: 0 | AF57: 0 | AG57: 0 | AH57: 0 | AI57: 1 | AJ57: 1 | AK57: 5 | AL57: 0 | AM57: 7 | AN57: 20 | AO57: 0 | AP57: 4 | AQ57: 29
A58: G107441063ES | B58: Y | C58: 대전 | D58: 동구 | E58: 초등학교 | F58: 대전동서초등학교 | G58: 1G | I58: X | J58: 2 | K58: 1 | L58: 1 | M58: 10 | N58: 2 | O58: 0 | P58: 0 | Q58: 0 | R58: 0 | S58: 0 | T58: 0 | U58: 0 | V58: 0 | W58: 0 | X58: 0 | Y58: 0 | Z58: 0 | AA58: 0 | AB58: 0 | AC58: 0 | AD58: 0 | AE58: 0 | AF58: 9 | AG58: 1 | AH58: 0 | AI58: 1 | AJ58: 1 | AK58: 4 | AL58: 1 | AM58: 5 | AN58: 23 | AO58: 1 | AP58: 4 | AQ58: 31
A59: G107430295HS | B59: Y | C59: 대전 | D59: 동구 | E59: 고등학교 | F59: 대전동신과학고등학교 | G59: 1G | I59: O | J59: 2 | K59: 1 | L59: 1 | M59: 16 | N59: 12 | O59: 0 | P59: 7 | Q59: 3 | R59: 4 | S59: 0 | T59: 2 | U59: 2 | V59: 0 | W59: 0 | X59: 0 | Y59: 0 | Z59: 16 | AA59: 13 | AB59: 0 | AC59: 0 | AD59: 0 | AE59: 0 | AF59: 0 | AG59: 0 | AH59: 0 | AI59: 1 | AJ59: 0 | AK59: 6 | AL59: 0 | AM59: 0 | AN59: 51 | AO59: 1 | AP59: 5 | AQ59: 56
A60: G107430110SS | B60: Y | C60: 대전 | D60: 동구 | E60: 특수학교 | F60: 대전맹학교 | G60: 1G | I60: O | J60: 2 | K60: 2 | L60: 1 | M60: 8 | N60: 2 | O60: 0 | P60: 9 | Q60: 6 | R60: 3 | S60: 0 | T60: 1 | U60: 1 | V60: 0 | W60: 0 | X60: 0 | Y60: 0 | Z60: 0 | AA60: 0 | AB60: 0 | AC60: 12 | AD60: 3 | AE60: 0 | AF60: 0 | AG60: 0 | AH60: 0 | AI60: 1 | AJ60: 0 | AK60: 7 | AL60: 0 | AM60: 0 | AN60: 52 | AO60: 0 | AP60: 6 | AQ60: 53
A61: G107441077ES | B61: Y | C61: 대전 | D61: 동구 | E61: 초등학교 | F61: 대전삼성초등학교 | G61: 1G | I61: X | J61: 2 | K61: 1 | L61: 1 | M61: 6 | N61: 3 | O61: 0 | P61: 8 | Q61: 4 | R61: 4 | S61: 0 | T61: 0 | U61: 0 | V61: 0 | W61: 0 | X61: 0 | Y61: 0 | Z61: 0 | AA61: 0 | AB61: 0 | AC61: 9 | AD61: 6 | AE61: 0 | AF61: 0 | AG61: 0 | AH61: 0 | AI61: 1 | AJ61: 0 | AK61: 5 | AL61: 1 | AM61: 1 | AN61: 19 | AO61: 1 | AP61: 3 | AQ61: 22
A62: G107441081ES | B62: Y | C62: 대전 | D62: 동구 | E62: 초등학교 | F62: 대전성남초등학교 | G62: 1G | H62: 2.5G | I62: X | J62: 2 | K62: 1 | L62: 1 | M62: 11 | N62: 4 | O62: 0 | P62: 1 | Q62: 1 | R62: 0 | S62: 0 | T62: 0 | U62: 0 | V62: 0 | W62: 2 | X62: 2 | Y62: 0 | Z62: 0 | AA62: 0 | AB62: 0 | AC62: 9 | AD62: 1 | AE62: 0 | AF62: 0 | AG62: 0 | AH62: 0 | AI62: 1 | AJ62: 1 | AK62: 4 | AL62: 0 | AM62: 13 | AN62: 21 | AO62: 3 | AP62: 2 | AQ62: 34
A63: G107441085ES | B63: Y | C63: 대전 | D63: 동구 | E63: 초등학교 | F63: 대전신흥초등학교 | G63: 1G | H63: 5G | I63: X | J63: 2 | K63: 3 | L63: 1 | M63: 8 | N63: 6 | O63: 0 | P63: 2 | Q63: 2 | R63: 0 | S63: 0 | T63: 0 | U63: 0 | V63: 0 | W63: 0 | X63: 0 | Y63: 0 | Z63: 0 | AA63: 0 | AB63: 0 | AC63: 0 | AD63: 0 | AE63: 0 | AF63: 9 | AG63: 5 | AH63: 0 | AI63: 1 | AJ63: 2 | AK63: 12 | AL63: 0 | AM63: 5 | AN63: 63 | AO63: 0 | AP63: 11 | AQ63: 67
A64: G107430036HS | B64: Y | C64: 대전 | D64: 동구 | E64: 고등학교 | F64: 대전여자고등학교 | G64: 1G | H64: 2.5G | I64: O | J64: 2 | K64: 7 | L64: 2 | M64: 13 | N64: 6 | O64: 1 | P64: 2 | Q64: 2 | R64: 0 | S64: 0 | T64: 2 | U64: 1 | V64: 0 | W64: 3 | X64: 2 | Y64: 0 | Z64: 8 | AA64: 2 | AB64: 4 | AC64: 0 | AD64: 0 | AE64: 0 | AF64: 0 | AG64: 0 | AH64: 0 | AI64: 1 | AJ64: 0 | AK64: 11 | AL64: 0 | AM64: 0 | AN64: 61 | AO64: 0 | AP64: 11 | AQ64: 61
A65: G107441024MS | B65: Y | C65: 대전 | D65: 동구 | E65: 중학교 | F65: 대전용운중학교 | G65: 1G | I65: X | J65: 2 | K65: 1 | L65: 1 | M65: 15 | N65: 3 | O65: 0 | P65: 0 | Q65: 0 | R65: 0 | S65: 0 | T65: 0 | U65: 0 | V65: 0 | W65: 1 | X65: 0 | Y65: 0 | Z65: 1 | AA65: 0 | AB65: 0 | AC65: 0 | AD65: 0 | AE65: 0 | AF65: 15 | AG65: 2 | AH65: 0 | AI65: 1 | AJ65: 0 | AK65: 7 | AL65: 0 | AM65: 0 | AN65: 32 | AO65: 0 | AP65: 6 | AQ65: 33
A66: G107441089ES | B66: Y | C66: 대전 | D66: 동구 | E66: 초등학교 | F66: 대전용운초등학교 | G66: 1G | H66: 2.5G | I66: X | J66: 2 | K66: 1 | L66: 1 | M66: 9 | N66: 5 | O66: 0 | P66: 0 | Q66: 0 | R66: 0 | S66: 0 | T66: 1 | U66: 1 | V66: 0 | W66: 0 | X66: 0 | Y66: 0 | Z66: 7 | AA66: 4 | AB66: 0 | AC66: 0 | AD66: 0 | AE66: 0 | AF66: 0 | AG66: 0 | AH66: 0 | AI66: 1 | AJ66: 1 | AK66: 6 | AL66: 0 | AM66: 5 | AN66: 30 | AO66: 0 | AP66: 6 | AQ66: 36
A67: G107441090ES | B67: Y | C67: 대전 | D67: 동구 | E67: 초등학교 | F67: 대전용전초등학교 | G67: 1G | H67: 2.5G | I67: X | J67: 2 | K67: 1 | L67: 1 | M67: 18 | N67: 5 | O67: 0 | P67: 0 | Q67: 0 | R67: 0 | S67: 0 | T67: 3 | U67: 1 | V67: 0 | W67: 1 | X67: 0 | Y67: 0 | Z67: 13 | AA67: 3 | AB67: 0 | AC67: 0 | AD67: 0 | AE67: 0 | AF67: 0 | AG67: 0 | AH67: 0 | AI67: 1 | AJ67: 1 | AK67: 6 | AL67: 0 | AM67: 24 | AN67: 30 | AO67: 0 | AP67: 3 | AQ67: 42
A68: G107441026MS | B68: Y | C68: 대전 | D68: 동구 | E68: 중학교 | F68: 대전은어송중학교 | G68: 1G | H68: 2.5G | I68: O | J68: 2 | K68: 2 | L68: 1 | M68: 11 | N68: 3 | O68: 0 | P68: 1 | Q68: 1 | R68: 0 | S68: 0 | T68: 0 | U68: 0 | V68: 0 | W68: 0 | X68: 0 | Y68: 0 | Z68: 1 | AA68: 0 | AB68: 0 | AC68: 11 | AD68: 2 | AE68: 0 | AF68: 0 | AG68: 0 | AH68: 0 | AI68: 1 | AJ68: 0 | AK68: 5 | AL68: 0 | AM68: 0 | AN68: 47 | AO68: 0 | AP68: 4 | AQ68: 48
A69: G107441093ES | B69: Y | C69: 대전 | D69: 동구 | E69: 초등학교 | F69: 대전은어송초등학교 | G69: 1G | H69: 5G | I69: X | J69: 2 | K69: 2 | L69: 1 | M69: 4 | N69: 5 | O69: 0 | P69: 5 | Q69: 1 | R69: 4 | S69: 0 | T69: 0 | U69: 1 | V69: 0 | W69: 1 | X69: 0 | Y69: 0 | Z69: 0 | AA69: 0 | AB69: 0 | AC69: 4 | AD69: 7 | AE69: 0 | AF69: 0 | AG69: 0 | AH69: 0 | AI69: 1 | AJ69: 2 | AK69: 8 | AL69: 0 | AM69: 5 | AN69: 55 | AO69: 0 | AP69: 8 | AQ69: 62
A70: G107441094ES | B70: Y | C70: 대전 | D70: 동구 | E70: 초등학교 | F70: 대전자양초등학교 | G70: 1G | I70: X | J70: 2 | K70: 1 | L70: 1 | M70: 8 | N70: 2 | O70: 0 | P70: 1 | Q70: 0 | R70: 1 | S70: 0 | T70: 0 | U70: 0 | V70: 0 | W70: 0 | X70: 0 | Y70: 0 | Z70: 9 | AA70: 3 | AB70: 0 | AC70: 0 | AD70: 0 | AE70: 0 | AF70: 0 | AG70: 0 | AH70: 0 | AI70: 1 | AJ70: 0 | AK70: 6 | AL70: 0 | AM70: 12 | AN70: 19 | AO70: 0 | AP70: 3 | AQ70: 32
A71: G107441099ES | B71: Y | C71: 대전 | D71: 동구 | E71: 초등학교 | F71: 대전천동초등학교 | G71: 1G | H71: 2.5G | I71: O | J71: 2 | K71: 1 | L71: 0 | M71: 9 | N71: 5 | O71: 1 | P71: 1 | Q71: 1 | R71: 0 | S71: 0 | T71: 0 | U71: 0 | V71: 0 | W71: 2 | X71: 1 | Y71: 0 | Z71: 7 | AA71: 4 | AB71: 2 | AC71: 0 | AD71: 0 | AE71: 0 | AF71: 0 | AG71: 0 | AH71: 0 | AI71: 1 | AJ71: 0 | AK71: 9 | AL71: 0 | AM71: 33 | AN71: 24 | AO71: 0 | AP71: 8 | AQ71: 59
A72: G107441101ES | B72: Y | C72: 대전 | D72: 동구 | E72: 초등학교 | F72: 대전판암초등학교 | G72: 1G | H72: 2.5G | I72: X | J72: 2 | K72: 2 | L72: 1 | M72: 7 | N72: 3 | O72: 0 | P72: 5 | Q72: 2 | R72: 3 | S72: 0 | T72: 0 | U72: 0 | V72: 0 | W72: 0 | X72: 0 | Y72: 0 | Z72: 9 | AA72: 5 | AB72: 0 | AC72: 0 | AD72: 0 | AE72: 0 | AF72: 0 | AG72: 0 | AH72: 0 | AI72: 1 | AJ72: 0 | AK72: 9 | AL72: 0 | AM72: 20 | AN72: 20 | AO72: 0 | AP72: 7 | AQ72: 41
A73: G107441102ES | B73: Y | C73: 대전 | D73: 동구 | E73: 초등학교 | F73: 대전현암초등학교 | G73: 1G | I73: X | J73: 2 | K73: 2 | L73: 0 | M73: 13 | N73: 1 | O73: 1 | P73: 6 | Q73: 6 | R73: 0 | S73: 0 | T73: 0 | U73: 0 | V73: 0 | W73: 0 | X73: 0 | Y73: 0 | Z73: 0 | AA73: 0 | AB73: 0 | AC73: 0 | AD73: 0 | AE73: 0 | AF73: 14 | AG73: 1 | AH73: 6 | AI73: 1 | AJ73: 0 | AK73: 4 | AL73: 0 | AM73: 9 | AN73: 9 | AO73: 0 | AP73: 2 | AQ73: 20
A74: G107430111SS | B74: Y | C74: 대전 | D74: 동구 | E74: 특수학교 | F74: 대전혜광학교 | G74: 1G | I74: O | J74: 2 | K74: 1 | L74: 2 | M74: 7 | N74: 1 | O74: 0 | P74: 10 | Q74: 9 | R74: 1 | S74: 0 | T74: 0 | U74: 0 | V74: 0 | W74: 0 | X74: 0 | Y74: 0 | Z74: 15 | AA74: 1 | AB74: 0 | AC74: 0 | AD74: 0 | AE74: 0 | AF74: 0 | AG74: 0 | AH74: 0 | AI74: 1 | AJ74: 0 | AK74: 7 | AL74: 0 | AM74: 0 | AN74: 57 | AO74: 0 | AP74: 5 | AQ74: 59
A75: G107441104ES | B75: Y | C75: 대전 | D75: 동구 | E75: 초등학교 | F75: 대전흥룡초등학교 | G75: 1G | I75: O | J75: 2 | K75: 1 | L75: 1 | M75: 6 | N75: 1 | O75: 0 | P75: 7 | Q75: 4 | R75: 3 | S75: 0 | T75: 0 | U75: 0 | V75: 0 | W75: 0 | X75: 0 | Y75: 0 | Z75: 9 | AA75: 3 | AB75: 0 | AC75: 0 | AD75: 0 | AE75: 0 | AF75: 0 | AG75: 0 | AH75: 0 | AI75: 1 | AJ75: 0 | AK75: 4 | AL75: 0 | AM75: 24 | AN75: 12 | AO75: 1 | AP75: 2 | AQ75: 37
A76: G107441031MS | B76: Y | C76: 대전 | D76: 동구 | E76: 중학교 | F76: 동대전중학교 | G76: 1G | I76: X | J76: 2 | K76: 0 | L76: 0 | M76: 13 | N76: 1 | O76: 1 | P76: 1 | Q76: 0 | R76: 1 | S76: 0 | T76: 0 | U76: 0 | V76: 0 | W76: 0 | X76: 0 | Y76: 0 | Z76: 12 | AA76: 1 | AB76: 3 | AC76: 0 | AD76: 0 | AE76: 0 | AF76: 0 | AG76: 0 | AH76: 0 | AI76: 1 | AJ76: 0 | AK76: 5 | AL76: 1 | AM76: 1 | AN76: 31 | AO76: 0 | AP76: 5 | AQ76: 33
A77: G107441105ES | B77: Y | C77: 대전 | D77: 동구 | E77: 초등학교 | F77: 동대전초등학교 | G77: 1G | H77: 2.5G | I77: X | J77: 2 | K77: 2 | L77: 2 | M77: 9 | N77: 3 | O77: 0 | P77: 11 | Q77: 6 | R77: 5 | S77: 0 | T77: 1 | U77: 1 | V77: 0 | W77: 1 | X77: 0 | Y77: 0 | Z77: 12 | AA77: 6 | AB77: 0 | AC77: 0 | AD77: 0 | AE77: 0 | AF77: 0 | AG77: 0 | AH77: 0 | AI77: 1 | AJ77: 0 | AK77: 11 | AL77: 0 | AM77: 29 | AN77: 30 | AO77: 1 | AP77: 9 | AQ77: 58
A78: G107441106ES | B78: Y | C78: 대전 | D78: 동구 | E78: 초등학교 | F78: 동명초등학교 | G78: 1G | I78: X | J78: 2 | K78: 1 | L78: 1 | M78: 3 | N78: 2 | O78: 0 | P78: 1 | Q78: 1 | R78: 0 | S78: 0 | T78: 1 | U78: 0 | V78: 0 | W78: 0 | X78: 0 | Y78: 0 | Z78: 2 | AA78: 1 | AB78: 0 | AC78: 0 | AD78: 0 | AE78: 0 | AF78: 0 | AG78: 0 | AH78: 0 | AI78: 1 | AJ78: 1 | AK78: 1 | AL78: 0 | AM78: 3 | AN78: 10 | AO78: 0 | AP78: 1 | AQ78: 14
A79: G107441033MS | B79: Y | C79: 대전 | D79: 동구 | E79: 중학교 | F79: 동신중학교 | G79: 1G | I79: X | J79: 2 | K79: 1 | L79: 1 | M79: 7 | N79: 7 | O79: 0 | P79: 11 | Q79: 9 | R79: 2 | S79: 0 | T79: 0 | U79: 0 | V79: 0 | W79: 0 | X79: 0 | Y79: 0 | Z79: 0 | AA79: 0 | AB79: 0 | AC79: 0 | AD79: 0 | AE79: 0 | AF79: 15 | AG79: 9 | AH79: 0 | AI79: 1 | AJ79: 0 | AK79: 4 | AL79: 0 | AM79: 0 | AN79: 29 | AO79: 0 | AP79: 3 | AQ79: 30
A80: G107430256HS | B80: Y | C80: 대전 | D80: 동구 | E80: 고등학교 | F80: 동아마이스터고등학교 | G80: 1G | I80: X | J80: 2 | K80: 2 | L80: 2 | M80: 13 | N80: 8 | O80: 0 | P80: 29 | Q80: 16 | R80: 13 | S80: 0 | T80: 1 | U80: 2 | V80: 0 | W80: 5 | X80: 2 | Y80: 0 | Z80: 22 | AA80: 16 | AB80: 0 | AC80: 0 | AD80: 0 | AE80: 0 | AF80: 0 | AG80: 0 | AH80: 0 | AI80: 1 | AJ80: 0 | AK80: 14 | AL80: 0 | AM80: 0 | AN80: 107 | AO80: 0 | AP80: 14 | AQ80: 107
A81: G107430056HS | B81: Y | C81: 대전 | D81: 동구 | E81: 고등학교 | F81: 명석고등학교 | G81: 1G | H81: 2.5G | I81: X | J81: 2 | K81: 1 | L81: 1 | M81: 13 | N81: 2 | O81: 0 | P81: 3 | Q81: 0 | R81: 3 | S81: 0 | T81: 0 | U81: 0 | V81: 0 | W81: 0 | X81: 0 | Y81: 0 | Z81: 13 | AA81: 4 | AB81: 0 | AC81: 0 | AD81: 0 | AE81: 0 | AF81: 0 | AG81: 0 | AH81: 0 | AI81: 1 | AJ81: 0 | AK81: 6 | AL81: 0 | AM81: 0 | AN81: 36 | AO81: 0 | AP81: 6 | AQ81: 36
A82: G107430057HS | B82: Y | C82: 대전 | D82: 동구 | E82: 고등학교 | F82: 보문고등학교 | G82: 1G | H82: 2.5G | I82: O | J82: 2 | K82: 1 | L82: 1 | M82: 9 | N82: 3 | O82: 0 | P82: 7 | Q82: 6 | R82: 1 | S82: 0 | T82: 0 | U82: 0 | V82: 0 | W82: 0 | X82: 0 | Y82: 0 | Z82: 14 | AA82: 3 | AB82: 0 | AC82: 0 | AD82: 0 | AE82: 0 | AF82: 0 | AG82: 0 | AH82: 0 | AI82: 1 | AJ82: 0 | AK82: 8 | AL82: 0 | AM82: 0 | AN82: 48 | AO82: 1 | AP82: 8 | AQ82: 48
A83: G107441034MS | B83: Y | C83: 대전 | D83: 동구 | E83: 중학교 | F83: 보문중학교 | G83: 1G | I83: O | J83: 2 | K83: 2 | L83: 1 | M83: 6 | N83: 4 | O83: 0 | P83: 4 | Q83: 3 | R83: 1 | S83: 0 | T83: 0 | U83: 0 | V83: 0 | W83: 0 | X83: 0 | Y83: 0 | Z83: 8 | AA83: 4 | AB83: 0 | AC83: 0 | AD83: 0 | AE83: 0 | AF83: 0 | AG83: 0 | AH83: 0 | AI83: 1 | AJ83: 0 | AK83: 4 | AL83: 0 | AM83: 0 | AN83: 21 | AO83: 0 | AP83: 3 | AQ83: 22
A84: G107441107ES | B84: Y | C84: 대전 | D84: 동구 | E84: 초등학교 | F84: 산내초등학교 | G84: 1G | H84: 2.5G | I84: X | J84: 2 | K84: 2 | L84: 1 | M84: 8 | N84: 1 | O84: 0 | P84: 5 | Q84: 3 | R84: 2 | S84: 0 | T84: 0 | U84: 0 | V84: 0 | W84: 0 | X84: 0 | Y84: 0 | Z84: 0 | AA84: 0 | AB84: 0 | AC84: 10 | AD84: 2 | AE84: 0 | AF84: 0 | AG84: 0 | AH84: 0 | AI84: 1 | AJ84: 1 | AK84: 3 | AL84: 0 | AM84: 17 | AN84: 22 | AO84: 1 | AP84: 2 | AQ84: 42
A85: G107441109ES | B85: Y | C85: 대전 | D85: 동구 | E85: 초등학교 | F85: 산흥초등학교 | G85: 1G | I85: O | J85: 2 | K85: 0 | L85: 0 | M85: 4 | N85: 1 | O85: 1 | P85: 1 | Q85: 1 | R85: 0 | S85: 0 | T85: 0 | U85: 0 | V85: 0 | W85: 0 | X85: 0 | Y85: 0 | Z85: 0 | AA85: 0 | AB85: 0 | AC85: 0 | AD85: 0 | AE85: 0 | AF85: 4 | AG85: 1 | AH85: 2 | AI85: 1 | AJ85: 0 | AK85: 2 | AL85: 0 | AM85: 0 | AN85: 13 | AO85: 1 | AP85: 1 | AQ85: 13
A86: G107441112ES | B86: Y | C86: 대전 | D86: 동구 | E86: 초등학교 | F86: 세천초등학교 | G86: 1G | I86: X | J86: 2 | K86: 2 | L86: 1 | M86: 4 | N86: 1 | O86: 0 | P86: 4 | Q86: 2 | R86: 2 | S86: 0 | T86: 0 | U86: 0 | V86: 0 | W86: 0 | X86: 0 | Y86: 0 | Z86: 0 | AA86: 0 | AB86: 0 | AC86: 0 | AD86: 0 | AE86: 0 | AF86: 5 | AG86: 2 | AH86: 0 | AI86: 1 | AJ86: 1 | AK86: 1 | AL86: 0 | AM86: 2 | AN86: 7 | AO86: 0 | AP86: 2 | AQ86: 9
A87: G107430140HS | B87: Y | C87: 대전 | D87: 동구 | E87: 고등학교 | F87: 우송고등학교 | G87: 1G | H87: 2.5G | I87: X | J87: 2 | K87: 1 | L87: 1 | M87: 7 | N87: 7 | O87: 0 | P87: 8 | Q87: 7 | R87: 1 | S87: 0 | T87: 0 | U87: 1 | V87: 0 | W87: 0 | X87: 0 | Y87: 0 | Z87: 0 | AA87: 1 | AB87: 0 | AC87: 0 | AD87: 0 | AE87: 0 | AF87: 13 | AG87: 5 | AH87: 0 | AI87: 1 | AJ87: 0 | AK87: 9 | AL87: 0 | AM87: 0 | AN87: 64 | AO87: 1 | AP87: 5 | AQ87: 67
A88: G107441039MS | B88: Y | C88: 대전 | D88: 동구 | E88: 중학교 | F88: 우송중학교 | G88: 1G | I88: X | J88: 2 | K88: 2 | L88: 1 | M88: 13 | N88: 2 | O88: 0 | P88: 6 | Q88: 6 | R88: 0 | S88: 0 | T88: 0 | U88: 0 | V88: 0 | W88: 0 | X88: 0 | Y88: 0 | Z88: 0 | AA88: 0 | AB88: 0 | AC88: 0 | AD88: 0 | AE88: 0 | AF88: 18 | AG88: 1 | AH88: 0 | AI88: 1 | AJ88: 0 | AK88: 4 | AL88: 0 | AM88: 0 | AN88: 22 | AO88: 0 | AP88: 4 | AQ88: 22
A89: G107441043MS | B89: Y | C89: 대전 | D89: 동구 | E89: 중학교 | F89: 충남중학교 | G89: 1G | H89: 2.5G | I89: X | J89: 2 | K89: 3 | L89: 1 | M89: 7 | N89: 3 | O89: 0 | P89: 15 | Q89: 13 | R89: 2 | S89: 0 | T89: 0 | U89: 0 | V89: 0 | W89: 0 | X89: 0 | Y89: 0 | Z89: 19 | AA89: 4 | AB89: 0 | AC89: 0 | AD89: 0 | AE89: 0 | AF89: 0 | AG89: 0 | AH89: 0 | AI89: 1 | AJ89: 1 | AK89: 8 | AL89: 0 | AM89: 12 | AN89: 35 | AO89: 0 | AP89: 8 | AQ89: 48
A90: G107441044MS | B90: Y | C90: 대전 | D90: 동구 | E90: 중학교 | F90: 한밭여자중학교 | G90: 1G | I90: X | J90: 2 | K90: 1 | L90: 1 | M90: 7 | N90: 6 | O90: 0 | P90: 7 | Q90: 7 | R90: 0 | S90: 0 | T90: 0 | U90: 0 | V90: 0 | W90: 1 | X90: 1 | Y90: 0 | Z90: 3 | AA90: 3 | AB90: 0 | AC90: 0 | AD90: 0 | AE90: 0 | AF90: 9 | AG90: 1 | AH90: 0 | AI90: 1 | AJ90: 0 | AK90: 5 | AL90: 2 | AM90: 6 | AN90: 25 | AO90: 0 | AP90: 5 | AQ90: 33
A91: G107441045MS | B91: Y | C91: 대전 | D91: 동구 | E91: 중학교 | F91: 한밭중학교 | G91: 1G | I91: X | J91: 2 | K91: 1 | L91: 1 | M91: 8 | N91: 4 | O91: 0 | P91: 1 | Q91: 1 | R91: 0 | S91: 0 | T91: 0 | U91: 0 | V91: 0 | W91: 0 | X91: 0 | Y91: 0 | Z91: 8 | AA91: 1 | AB91: 0 | AC91: 0 | AD91: 2 | AE91: 0 | AF91: 0 | AG91: 0 | AH91: 0 | AI91: 1 | AJ91: 0 | AK91: 3 | AL91: 0 | AM91: 0 | AN91: 22 | AO91: 0 | AP91: 4 | AQ91: 22
A92: G107451009MS | B92: Y | C92: 대전 | D92: 서구 | E92: 중학교 | F92: 가수원중학교 | G92: 1G | I92: X | J92: 2 | K92: 1 | L92: 1 | M92: 6 | N92: 3 | O92: 0 | P92: 4 | Q92: 4 | R92: 0 | S92: 0 | T92: 0 | U92: 0 | V92: 0 | W92: 0 | X92: 0 | Y92: 0 | Z92: 0 | AA92: 0 | AB92: 0 | AC92: 9 | AD92: 2 | AE92: 0 | AF92: 0 | AG92: 0 | AH92: 0 | AI92: 1 | AJ92: 0 | AK92: 4 | AL92: 0 | AM92: 0 | AN92: 25 | AO92: 0 | AP92: 4 | AQ92: 25
A93: G107451057ES | B93: Y | C93: 대전 | D93: 서구 | E93: 초등학교 | F93: 가수원초등학교 | G93: 1G | H93: 2.5G | I93: O | J93: 2 | K93: 1 | L93: 0 | M93: 7 | N93: 3 | O93: 1 | P93: 4 | Q93: 4 | R93: 0 | S93: 0 | T93: 1 | U93: 0 | V93: 0 | W93: 0 | X93: 0 | Y93: 0 | Z93: 0 | AA93: 0 | AB93: 0 | AC93: 8 | AD93: 2 | AE93: 4 | AF93: 0 | AG93: 0 | AH93: 0 | AI93: 1 | AJ93: 0 | AK93: 6 | AL93: 0 | AM93: 16 | AN93: 23 | AO93: 1 | AP93: 4 | AQ93: 40
A94: G107451010MS | B94: Y | C94: 대전 | D94: 서구 | E94: 중학교 | F94: 갈마중학교 | G94: 1G | I94: O | J94: 2 | K94: 0 | L94: 0 | M94: 13 | N94: 3 | O94: 1 | P94: 0 | Q94: 0 | R94: 0 | S94: 0 | T94: 0 | U94: 0 | V94: 0 | W94: 0 | X94: 0 | Y94: 0 | Z94: 9 | AA94: 1 | AB94: 4 | AC94: 0 | AD94: 0 | AE94: 0 | AF94: 1 | AG94: 1 | AH94: 1 | AI94: 1 | AJ94: 0 | AK94: 5 | AL94: 0 | AM94: 0 | AN94: 22 | AO94: 0 | AP94: 5 | AQ94: 22
A95: G107451011MS | B95: Y | C95: 대전 | D95: 서구 | E95: 중학교 | F95: 기성중학교 | G95: 1G | I95: X | J95: 2 | K95: 1 | L95: 1 | M95: 5 | N95: 3 | O95: 0 | P95: 3 | Q95: 1 | R95: 2 | S95: 0 | T95: 0 | U95: 0 | V95: 0 | W95: 0 | X95: 0 | Y95: 0 | Z95: 0 | AA95: 0 | AB95: 0 | AC95: 5 | AD95: 4 | AE95: 0 | AF95: 0 | AG95: 0 | AH95: 0 | AI95: 1 | AJ95: 0 | AK95: 4 | AL95: 0 | AM95: 0 | AN95: 13 | AO95: 0 | AP95: 3 | AQ95: 14
A96: G107451060ES | B96: Y | C96: 대전 | D96: 서구 | E96: 초등학교 | F96: 기성초등학교 | G96: 1G | I96: X | J96: 2 | K96: 1 | L96: 1 | M96: 7 | N96: 1 | O96: 0 | P96: 1 | Q96: 0 | R96: 1 | S96: 0 | T96: 0 | U96: 0 | V96: 0 | W96: 1 | X96: 0 | Y96: 0 | Z96: 0 | AA96: 0 | AB96: 0 | AC96: 5 | AD96: 1 | AE96: 0 | AF96: 0 | AG96: 0 | AH96: 0 | AI96: 1 | AJ96: 1 | AK96: 6 | AL96: 0 | AM96: 4 | AN96: 10 | AO96: 0 | AP96: 5 | AQ96: 17
A97: G107451061ES | B97: Y | C97: 대전 | D97: 서구 | E97: 초등학교 | F97: 기성초등학교길헌분교장 | G97: 1G | I97: X | J97: 2 | K97: 1 | L97: 1 | M97: 5 | N97: 1 | O97: 0 | P97: 1 | Q97: 0 | R97: 1 | S97: 0 | T97: 0 | U97: 0 | V97: 0 | W97: 0 | X97: 0 | Y97: 0 | Z97: 0 | AA97: 0 | AB97: 0 | AC97: 4 | AD97: 1 | AE97: 0 | AF97: 0 | AG97: 0 | AH97: 0 | AI97: 1 | AJ97: 1 | AK97: 3 | AL97: 0 | AM97: 2 | AN97: 6 | AO97: 0 | AP97: 2 | AQ97: 10
A98: G107430281SS | B98: Y | C98: 대전 | D98: 서구 | E98: 특수학교 | F98: 대전가원학교 | G98: 1G | I98: O | J98: 2 | K98: 1 | L98: 2 | M98: 8 | N98: 1 | O98: 0 | P98: 8 | Q98: 5 | R98: 3 | S98: 0 | T98: 2 | U98: 1 | V98: 0 | W98: 0 | X98: 0 | Y98: 0 | Z98: 0 | AA98: 0 | AB98: 0 | AC98: 0 | AD98: 0 | AE98: 0 | AF98: 10 | AG98: 2 | AH98: 0 | AI98: 1 | AJ98: 0 | AK98: 10 | AL98: 0 | AM98: 0 | AN98: 70 | AO98: 0 | AP98: 5 | AQ98: 75
A99: G107451065ES | B99: Y | C99: 대전 | D99: 서구 | E99: 초등학교 | F99: 대전가장초등학교 | G99: 1G | H99: 2.5G | I99: X | J99: 2 | K99: 0 | L99: 1 | M99: 11 | N99: 2 | O99: 1 | P99: 3 | Q99: 1 | R99: 2 | S99: 0 | T99: 1 | U99: 0 | V99: 0 | W99: 1 | X99: 0 | Y99: 0 | Z99: 0 | AA99: 0 | AB99: 0 | AC99: 8 | AD99: 3 | AE99: 4 | AF99: 0 | AG99: 0 | AH99: 0 | AI99: 1 | AJ99: 1 | AK99: 7 | AL99: 0 | AM99: 18 | AN99: 38 | AO99: 0 | AP99: 5 | AQ99: 59
A100: G107451066ES | B100: Y | C100: 대전 | D100: 서구 | E100: 초등학교 | F100: 대전갈마초등학교 | G100: 1G | I100: O | J100: 2 | K100: 1 | L100: 1 | M100: 5 | N100: 3 | O100: 0 | P100: 3 | Q100: 3 | R100: 0 | S100: 0 | T100: 0 | U100: 0 | V100: 0 | W100: 0 | X100: 0 | Y100: 0 | Z100: 7 | AA100: 2 | AB100: 0 | AC100: 0 | AD100: 0 | AE100: 0 | AF100: 0 | AG100: 0 | AH100: 0 | AI100: 1 | AJ100: 1 | AK100: 5 | AL100: 0 | AM100: 18 | AN100: 30 | AO100: 1 | AP100: 2 | AQ100: 51
...

Sheet 케이블통계
D1: =SUBTOTAL(9,D4:D721) -> 6506 | E1: =SUBTOTAL(9,E4:E721) -> 3717 | F1: =SUBTOTAL(9,F4:F721) -> 42551 | G1: =SUBTOTAL(9,G4:G721) -> 52395 | H1: =SUBTOTAL(9,H4:H721) -> 8098 | I1: =SUBTOTAL(9,I4:I721) -> 1866 | J1: =SUBTOTAL(9,J4:J721) -> 754 | K1: =SUBTOTAL(9,K4:K721) -> 239 | ... AB1: =SUBTOTAL(9,AB4:AB721) -> 12
A2: 힉교코드 | B2: 학교 | C2: 지역명 | D2: SM | E2: MM | F2: UTP Cat.6 | G2: UTP Cat.5e | H2: UTP Cat.5 | I2: SM | J2: SM | K2: SM | L2: SM | M2: MM | N2: MM | O2: MM | P2: MM | Q2: UTP Cat.5e | R2: UTP Cat.5e | S2: UTP Cat.5e | T2: UTP Cat.5 | U2: UTP Cat.6 | V2: UTP Cat.6 | W2: UTP Cat.6 | X2: UTP Cat.5 | Y2: UTP Cat.5 | Z2: UTP Cat.5 | AA2: UTP Cat.5 | AB2: UTP Cat.5
D3: 합계 | E3: 합계 | F3: 합계 | G3: 합계 | H3: 합계 | I3: 업무망 | J3: 교육망 | K3: 기타 | L3: 무선망 | M3: 업무망 | N3: 교육망 | O3: 기타 | P3: 무선망 | Q3: 업무망 | R3: 교육망 | S3: 기타 | T3: 무선망 | U3: 업무망 | V3: 교육망 | W3: 기타 | X3: 무선망 | Y3: 업무망 | Z3: 교육망 | AA3: 기타 | AB3: 무선망
A4: N108222061ES | B4: 금암초등학교 | C4: 계룡 | D4: 7 | E4: 13 | F4: 4 | G4: 345 | H4: 0 | I4: 2 | J4: 0 | K4: 0 | L4: 5 | M4: 11 | N4: 1 | O4: 0 | P4: 1 | Q4: 221 | R4: 124 | S4: 0 | T4: 0 | U4: 2 | V4: 2 | W4: 0 | X4: 0 | Y4: 0 | Z4: 0 | AA4: 0 | AB4: 0
A5: N108222036ES | B5: 두마초등학교 | C5: 계룡 | D5: 7 | E5: 19 | F5: 6 | G5: 181 | H5: 0 | I5: 0 | J5: 0 | K5: 0 | L5: 7 | M5: 18 | N5: 0 | O5: 0 | P5: 1 | Q5: 181 | R5: 0 | S5: 0 | T5: 0 | U5: 3 | V5: 3 | W5: 0 | X5: 0 | Y5: 0 | Z5: 0 | AA5: 0 | AB5: 0
A6: N108222019ES | B6: 신도초등학교 | C6: 계룡 | D6: 7 | E6: 1 | F6: 8 | G6: 186 | H6: 0 | I6: 0 | J6: 0 | K6: 0 | L6: 7 | M6: 0 | N6: 0 | O6: 0 | P6: 1 | Q6: 178 | R6: 8 | S6: 0 | T6: 0 | U6: 6 | V6: 2 | W6: 0 | X6: 0 | Y6: 0 | Z6: 0 | AA6: 0 | AB6: 0
A7: N108222046ES | B7: 엄사초등학교 | C7: 계룡 | D7: 9 | E7: 1 | F7: 10 | G7: 172 | H7: 0 | I7: 0 | J7: 0 | K7: 0 | L7: 9 | M7: 0 | N7: 0 | O7: 0 | P7: 1 | Q7: 139 | R7: 33 | S7: 0 | T7: 0 | U7: 8 | V7: 2 | W7: 0 | X7: 0 | Y7: 0 | Z7: 0 | AA7: 0 | AB7: 0
A8: N108222051ES | B8: 용남초등학교 | C8: 계룡 | D8: 6 | E8: 1 | F8: 110 | G8: 84 | H8: 0 | I8: 0 | J8: 0 | K8: 0 | L8: 6 | M8: 0 | N8: 0 | O8: 0 | P8: 1 | Q8: 48 | R8: 36 | S8: 0 | T8: 0 | U8: 15 | V8: 95 | W8: 0 | X8: 0 | Y8: 0 | Z8: 0 | AA8: 0 | AB8: 0
A9: N108222119MS | B9: 계룡중학교 | C9: 계룡 | D9: 6 | E9: 19 | F9: 6 | G9: 215 | H9: 78 | I9: 0 | J9: 0 | K9: 0 | L9: 6 | M9: 17 | N9: 1 | O9: 0 | P9: 1 | Q9: 137 | R9: 78 | S9: 0 | T9: 0 | U9: 3 | V9: 3 | W9: 0 | X9: 0 | Y9: 78 | Z9: 0 | AA9: 0 | AB9: 0
A10: N108222017MS | B10: 엄사중학교 | C10: 계룡 | D10: 8 | E10: 3 | F10: 8 | G10: 154 | H10: 43 | I10: 0 | J10: 0 | K10: 0 | L10: 8 | M10: 2 | N10: 0 | O10: 0 | P10: 1 | Q10: 145 | R10: 9 | S10: 0 | T10: 0 | U10: 4 | V10: 4 | W10: 0 | X10: 0 | Y10: 43 | Z10: 0 | AA10: 0 | AB10: 0
A11: N108222012MS | B11: 용남중학교 | C11: 계룡 | D11: 7 | E11: 1 | F11: 36 | G11: 28 | H11: 0 | I11: 1 | J11: 1 | K11: 0 | L11: 5 | M11: 0 | N11: 0 | O11: 0 | P11: 1 | Q11: 25 | R11: 3 | S11: 0 | T11: 0 | U11: 32 | V11: 4 | W11: 0 | X11: 0 | Y11: 0 | Z11: 0 | AA11: 0 | AB11: 0
A12: N108140237HS | B12: 계룡고등학교 | C12: 계룡 | D12: 14 | E12: 1 | F12: 36 | G12: 116 | H12: 209 | I12: 4 | J12: 4 | K12: 0 | L12: 6 | M12: 0 | N12: 0 | O12: 0 | P12: 1 | Q12: 84 | R12: 32 | S12: 0 | T12: 0 | U12: 9 | V12: 27 | W12: 0 | X12: 0 | Y12: 144 | Z12: 65 | AA12: 0 | AB12: 0
A13: N108140063HS | B13: 용남고등학교 | C13: 계룡 | D13: 6 | E13: 1 | F13: 5 | G13: 73 | H13: 0 | I13: 0 | J13: 0 | K13: 0 | L13: 6 | M13: 0 | N13: 0 | O13: 0 | P13: 1 | Q13: 47 | R13: 26 | S13: 0 | T13: 0 | U13: 3 | V13: 2 | W13: 0 | X13: 0 | Y13: 0 | Z13: 0 | AA13: 0 | AB13: 0
A14: N10C035902MS | B14: 국립공주대학교사범대학부설중학교 | C14: 공주 | D14: 0 | E14: 3 | F14: 5 | G14: 17 | H14: 0 | I14: 0 | J14: 0 | K14: 0 | L14: 0 | M14: 1 | N14: 0 | O14: 0 | P14: 2 | Q14: 16 | R14: 1 | S14: 0 | T14: 0 | U14: 3 | V14: 2 | W14: 0 | X14: 0 | Y14: 0 | Z14: 0 | AA14: 0 | AB14: 0
A15: N10C035903HS | B15: 국립공주대학교사범대학부설고등학교 | C15: 공주 | D15: 0 | E15: 9 | F15: 22 | G15: 15 | H15: 0 | I15: 0 | J15: 0 | K15: 0 | L15: 0 | M15: 7 | N15: 0 | O15: 0 | P15: 2 | Q15: 14 | R15: 1 | S15: 0 | T15: 0 | U15: 20 | V15: 2 | W15: 0 | X15: 0 | Y15: 0 | Z15: 0 | AA15: 0 | AB15: 0
... A721: N108261098ES | B721: 한울초등학교 | C721: 홍성 | D721: 4 | E721: 33 | F721: 9 | G721: 247 | H721: 0 | I721: 0 | J721: 0 | K721: 0 | L721: 4 | M721: 19 | N721: 5 | O721: 8 | P721: 1 | Q721: 121 | R721: 44 | S721: 82 | T721: 0 | U721: 6 | V721: 3 | W721: 0 | X721: 0 | Y721: 0 | Z721: 0 | AA721: 0 | AB721: 0

Sheet POE
A1: 학교코드 | B1: 학교명 | C1: 최대사용포트수 | D1: 채널 중첩수
A2: N108140237HS | B2: 계룡고등학교 | C2: 9 | D2: 1.07
A3: N108222119MS | B3: 계룡중학교 | C3: 8 | D3: 0
A4: N108222061ES | B4: 금암초등학교 | C4: 7 | D4: 0
A5: N108222036ES | B5: 두마초등학교 | C5: 9 | D5: 0.21
A6: N108222019ES | B6: 신도초등학교 | C6: 5 | D6: 1.04
A7: N108222017MS | B7: 엄사중학교 | C7: 9 | D7: 0.03
A8: N108222046ES | B8: 엄사초등학교 | C8: 6 | D8: 1
A9: N108140063HS | B9: 용남고등학교 | C9: 14 | D9: 0.59
A10: N108222012MS | B10: 용남중학교 | C10: 6 | D10: 1.27
A11: N108222051ES | B11: 용남초등학교 | C11: 11 | D11: 0.65
A12: N108161016MS | B12: 경천중학교 | C12: 5 | D12: 0.34
A13: N108161021ES | B13: 경천초등학교 | C13: 6 | D13: 1.27
... A245: N108171043ES | B245: 천북초등학교 | C245: 6 | D245: 0.8
A246: N108171014MS | B246: 청라중학교 | C246: 10 | D246: x
A247: N108171044ES | B247: 청라초등학교 | C247: 5 | D247: x
A248: N108171045ES | B248: 청룡초등학교 | C248: 4 | D248: 1.1666
A249: N108171051ES | B249: 청룡초등학교장고분교장 | C249: 3 | D249: 1.02
A250: N108171046ES | B250: 청보초등학교 | C250: 4 | D250: x
A251: N108171047ES | B251: 청소초등학교 | C251: 0 | D251: 0
A252: N108171048ES | B252: 청파초등학교 | C252: 4 | D252: 2
A253: N108171103ES | B253: 청파초등학교외연도분교장 | C253: 0 | D253: 2.3
A254: N108140206HS | B254: 충남해양과학고등학교 | C254: 8 | D254: 2.78
A255: N108171015MS | B255: 한내여자중학교 | C255: 9 | D255: 0.01
A256: N108171049ES | B256: 한내초등학교 | C256: 8 | D256: 8.1438
A257: N108231017ES | B257: 구룡초등학교 | C257: 5 | D257: 2.5588
A258: N108231018ES | B258: 궁남초등학교 | C258: 8 | D258: 1.707
A259: N108231019ES | B259: 규암초등학교 | C259: 11 | D259: 4.09
A260: N108231022ES | B260: 내산초등학교 | C260: 4 | D260: 4.5185
A261: N108231023ES | B261: 대왕초등학교 | C261: 7 | D261: 4.06
A262: N108231025ES | B262: 백강초등학교 | C262: 8 | D262: 2.4375
... A568: N108151074ES | B568: 천안봉서초등학교 | C568: 10 | D568: 1.05
A569: N108151075ES | B569: 천안부대초등학교 | C569: 5 | D569: 이미지 오류
A570: N108151017MS | B570: 천안부성중학교 | C570: 10 | D570: 1.37
A571: N108151086ES | B571: 천안부성초등학교 | C571: 11 | D571: 2.753
A572: N108151087ES | B572: 천안부영초등학교 | C572: 7 | D572: 1.851
A573: N108151018MS | B573: 천안북중학교 | C573: 5 | D573: 1.0838
A574: N108140387HS | B574: 천안불당고등학교 | C574: 11 | D574: 1.75
A575: N108151010MS | B575: 천안불당중학교 | C575: 11 | D575: 4.5097
A576: N108151036ES | B576: 천안불당초등학교 | C576: 12 | D576: 4.46
A577: N108151255MS | B577: 천안불무중학교 | C577: 12 | D577: 3.88
A578: N108151237ES | B578: 천안불무초등학교 | C578: 12 | D578: 5.05
A579: N108151108ES | B579: 천안삼거리초등학교 | C579: 12 | D579: 1.331
A580: N108140358HS | B580: 천안상업고등학교 | C580: 8 | D580: 0.917
A581: N108151211MS | B581: 천안새샘중학교 | C581: 11 | D581: 1.548
... A720: N108261015MS | B720: 홍주중학교 | C720: 9 | D720: 6.9

Sheet 대전AP
A1: 학교코드 | B1: 지역 | C1: 학교명 | D1: n | E1: ac | F1: ax | G1: 위치 5 | H1: 위치 5 외
A2: N108140237HS | B2: 계룡 | C2: 계룡고등학교 | D2: 0 | E2: 0 | F2: 39 | G2: 16 | H2: 23
A3: N108222119MS | B3: 계룡 | C3: 계룡중학교 | D3: 0 | E3: 0 | F3: 30 | G3: 7 | H3: 23
A4: N108222061ES | B4: 계룡 | C4: 금암초등학교 | D4: 0 | E4: 0 | F4: 25 | G4: 20 | H4: 5
A5: N108222036ES | B5: 계룡 | C5: 두마초등학교 | D5: 0 | E5: 0 | F5: 33 | G5: 32 | H5: 1
A6: N108222019ES | B6: 계룡 | C6: 신도초등학교 | D6: 0 | E6: 0 | F6: 26 | G6: 6 | H6: 20
A7: N108222017MS | B7: 계룡 | C7: 엄사중학교 | D7: 0 | E7: 0 | F7: 38 | G7: 5 | H7: 33
A8: N108222046ES | B8: 계룡 | C8: 엄사초등학교 | D8: 0 | E8: 0 | F8: 30 | G8: 10 | H8: 20
A9: N108140063HS | B9: 계룡 | C9: 용남고등학교 | D9: 0 | E9: 0 | F9: 54 | G9: 46 | H9: 8
A10: N108222012MS | B10: 계룡 | C10: 용남중학교 | D10: 0 | E10: 0 | F10: 32 | G10: 29 | H10: 3
A11: N108222051ES | B11: 계룡 | C11: 용남초등학교 | D11: 0 | E11: 0 | F11: 44 | G11: 4 | H11: 40
A12: N108161016MS | B12: 공주 | C12: 경천중학교 | D12: 0 | E12: 0 | F12: 9 | G12: 3 | H12: 4
A13: N108161021ES | B13: 공주 | C13: 경천초등학교 | D13: 0 | E13: 2 | F13: 6 | G13: 6 | H13: 0
... A720: N108261015MS | B720: 홍성 | C720: 홍주중학교 | D720: 0 | E720: 0 | F720: 30 | G720: 7 | H720: 23

Sheet Sheet1
A1: 학교코드 | B1: 지역 | C1: 학교명
A2: G107441266MS | B2: 대덕구 | C2: 대전경덕중학교
A3: G107441056ES | B3: 대덕구 | C3: 대전대양초등학교
A4: G107441016MS | B4: 대덕구 | C4: 대전대청중학교
A5: G107441017MS | B5: 대덕구 | C5: 대전대화중학교
A6: G107441057ES | B6: 대덕구 | C6: 대전대화초등학교
A7: G107441060ES | B7: 대덕구 | C7: 대전동도초등학교
A8: G107441062ES | B8: 대덕구 | C8: 대전동산초등학교
A9: G107441019MS | B9: 대덕구 | C9: 대전매봉중학교
A10: G107441064ES | B10: 대덕구 | C10: 대전매봉초등학교
A11: G107441066ES | B11: 대덕구 | C11: 대전목상초등학교
A12: G107441021MS | B12: 대덕구 | C12: 대전법동중학교
... A316: G107451353ES | B316: 서구 | C316: 대전탄방초등학교용문분교장
