Workbook

Sheet 대전
K1: 방화벽 | L1: 보안L2/L3 | N1: L2SW | Q1: L2SW(100M) | T1: 광케이블MM | W1: 광케이블SM | Z1: Cat6 | AC1: Cat5E | AF1: Cat5 | AI1: L2SW(10G) | AJ1: L2PoE(2.5G이상) | AK1: L2PoE(1G이상) | AL1: 기타L2/L3 | AM1: 무선AP5이하 | AN1: 무선AP6이상 | AO1: 광케이블MM_무선 | AP1: 광케이블SM_무선 | AQ1: Cat6_무선
A2: 배포순서 | B2: 학교코드 | C2: 사업대상 | D2: 교육청 | E2: 지역 | F2: 학교유형 | G2: 학교명 | H2: 스쿨넷 회선속도 | I2: 무선망 전용 회선속도 | J2: 망분리현황 | K2: 스쿨넷 | L2: 업무망 | M2: 교육망 | N2: 업무망 | O2: 교육망 | P2: 기타 | Q2: 업무망 | R2: 교육망 | S2: 기타 | T2: 업무망 | U2: 교육망 | V2: 기타 | W2: 업무망 | X2: 교육망 | Y2: 기타 | Z2: 업무망 | AA2: 교육망 | AB2: 기타 | AC2: 업무망 | AD2: 교육망 | AE2: 기타 | AF2: 업무망 | AG2: 교육망 | AH2: 기타 | AI2: 무선망 | AJ2: 무선망 | AK2: 무선망 | AL2: 무선망 | AM2: 무선망 | AN2: 무선망 | AO2: 무선망 | AP2: 무선망 | AQ2: 무선망
A3: 1 | B3: G107441266MS | C3: Y | D3: 대전 | E3: 대덕구 | F3: 중학교 | G3: 대전경덕중학교 | H3: 1G | J3: O | K3: 2 | L3: 0 | M3: 0 | N3: 10 | O3: 3 | P3: 1 | Q3: 0 | R3: 0 | S3: 0 | T3: 2 | U3: 1 | V3: 0 | W3: 0 | X3: 0 | Y3: 0 | Z3: 4 | AA3: 1 | AB3: 5 | AC3: 0 | AD3: 0 | AE3: 0 | AF3: 0 | AG3: 0 | AH3: 0 | AI3: 1 | AJ3: 0 | AK3: 6 | AL3: 1 | AM3: 0 | AN3: 23 | AO3: 2 | AP3: 5 | AQ3: 24
A4: 2 | B4: G107441056ES | C4: Y | D4: 대전 | E4: 대덕구 | F4: 초등학교 | G4: 대전대양초등학교 | H4: 1G | J4: O | K4: 2 | L4: 1 | M4: 1 | N4: 15 | O4: 1 | P4: 0 | Q4: 1 | R4: 2 | S4: 0 | T4: 0 | U4: 0 | V4: 0 | W4: 0 | X4: 0 | Y4: 0 | Z4: 0 | AA4: 0 | AB4: 0 | AC4: 0 | AD4: 0 | AE4: 0 | AF4: 15 | AG4: 2 | AH4: 0 | AI4: 1 | AJ4: 1 | AK4: 4 | AL4: 0 | AM4: 18 | AN4: 32 | AO4: 0 | AP4: 4 | AQ4: 51
A5: 3 | B5: G107441016MS | C5: Y | D5: 대전 | E5: 대덕구 | F5: 중학교 | G5: 대전대청중학교 | H5: 1G | J5: X | K5: 2 | L5: 1 | M5: 2 | N5: 21 | O5: 5 | P5: 0 | Q5: 1 | R5: 1 | S5: 0 | T5: 2 | U5: 1 | V5: 0 | W5: 0 | X5: 0 | Y5: 0 | Z5: 20 | AA5: 4 | AB5: 0 | AC5: 0 | AD5: 0 | AE5: 0 | AF5: 0 | AG5: 0 | AH5: 0 | AI5: 1 | AJ5: 0 | AK5: 7 | AL5: 0 | AM5: 1 | AN5: 32 | AO5: 1 | AP5: 3 | AQ5: 33
A6: 4 | B6: G107441017MS | C6: Y | D6: 대전 | E6: 대덕구 | F6: 중학교 | G6: 대전대화중학교 | H6: 1G | J6: X | K6: 2 | L6: 1 | M6: 1 | N6: 11 | O6: 2 | P6: 0 | Q6: 3 | R6: 1 | S6: 0 | T6: 0 | U6: 0 | V6: 0 | W6: 0 | X6: 0 | Y6: 0 | Z6: 0 | AA6: 0 | AB6: 0 | AC6: 13 | AD6: 2 | AE6: 0 | AF6: 0 | AG6: 0 | AH6: 0 | AI6: 1 | AJ6: 0 | AK6: 5 | AL6: 0 | AM6: 0 | AN6: 24 | AO6: 0 | AP6: 4 | AQ6: 25
A7: 5 | B7: G107441057ES | C7: Y | D7: 대전 | E7: 대덕구 | F7: 초등학교 | G7: 대전대화초등학교 | H7: 1G | J7: O | K7: 2 | L7: 3 | M7: 1 | N7: 6 | O7: 2 | P7: 0 | Q7: 4 | R7: 2 | S7: 0 | T7: 0 | U7: 0 | V7: 0 | W7: 1 | X7: 1 | Y7: 0 | Z7: 8 | AA7: 2 | AB7: 0 | AC7: 0 | AD7: 0 | AE7: 0 | AF7: 0 | AG7: 0 | AH7: 0 | AI7: 1 | AJ7: 1 | AK7: 3 | AL7: 0 | AM7: 14 | AN7: 11 | AO7: 0 | AP7: 2 | AQ7: 27
A8: 6 | B8: G107441060ES | C8: Y | D8: 대전 | E8: 대덕구 | F8: 초등학교 | G8: 대전동도초등학교 | H8: 1G | J8: X | K8: 2 | L8: 3 | M8: 1 | N8: 7 | O8: 4 | P8: 0 | Q8: 8 | R8: 0 | S8: 0 | T8: 1 | U8: 1 | V8: 0 | W8: 0 | X8: 0 | Y8: 0 | Z8: 0 | AA8: 0 | AB8: 0 | AC8: 13 | AD8: 2 | AE8: 0 | AF8: 0 | AG8: 0 | AH8: 0 | AI8: 1 | AJ8: 1 | AK8: 3 | AL8: 0 | AM8: 11 | AN8: 8 | AO8: 1 | AP8: 2 | AQ8: 20
A9: 7 | B9: G107441062ES | C9: Y | D9: 대전 | E9: 대덕구 | F9: 초등학교 | G9: 대전동산초등학교 | H9: 1G | J9: O | K9: 2 | L9: 1 | M9: 2 | N9: 7 | O9: 1 | P9: 0 | Q9: 3 | R9: 2 | S9: 0 | T9: 0 | U9: 0 | V9: 0 | W9: 0 | X9: 0 | Y9: 0 | Z9: 0 | AA9: 0 | AB9: 0 | AC9: 9 | AD9: 2 | AE9: 0 | AF9: 0 | AG9: 0 | AH9: 0 | AI9: 1 | AJ9: 1 | AK9: 6 | AL9: 0 | AM9: 12 | AN9: 35 | AO9: 0 | AP9: 5 | AQ9: 49
A10: 8 | B10: G107441019MS | C10: Y | D10: 대전 | E10: 대덕구 | F10: 중학교 | G10: 대전매봉중학교 | H10: 1G | I10: 2.5G | J10: X | K10: 2 | L10: 2 | M10: 1 | N10: 9 | O10: 4 | P10: 0 | Q10: 3 | R10: 0 | S10: 0 | T10: 0 | U10: 1 | V10: 0 | W10: 0 | X10: 0 | Y10: 0 | Z10: 11 | AA10: 2 | AB10: 0 | AC10: 0 | AD10: 0 | AE10: 0 | AF10: 0 | AG10: 0 | AH10: 0 | AI10: 1 | AJ10: 0 | AK10: 6 | AL10: 0 | AM10: 0 | AN10: 40 | AO10: 0 | AP10: 6 | AQ10: 40
A11: 9 | B11: G107441064ES | C11: Y | D11: 대전 | E11: 대덕구 | F11: 초등학교 | G11: 대전매봉초등학교 | H11: 1G | I11: 2.5G | J11: O | K11: 2 | L11: 2 | M11: 1 | N11: 11 | O11: 3 | P11: 0 | Q11: 8 | R11: 1 | S11: 0 | T11: 1 | U11: 1 | V11: 0 | W11: 0 | X11: 0 | Y11: 0 | Z11: 17 | AA11: 2 | AB11: 0 | AC11: 0 | AD11: 0 | AE11: 0 | AF11: 0 | AG11: 0 | AH11: 0 | AI11: 1 | AJ11: 1 | AK11: 11 | AL11: 0 | AM11: 20 | AN11: 39 | AO11: 2 | AP11: 3 | AQ11: 63
A12: 10 | B12: G107441066ES | C12: Y | D12: 대전 | E12: 대덕구 | F12: 초등학교 | G12: 대전목상초등학교 | H12: 1G | J12: X | K12: 2 | L12: 2 | M12: 1 | N12: 10 | O12: 3 | P12: 0 | Q12: 7 | R12: 0 | S12: 0 | T12: 0 | U12: 0 | V12: 0 | W12: 0 | X12: 0 | Y12: 0 | Z12: 0 | AA12: 0 | AB12: 0 | AC12: 16 | AD12: 2 | AE12: 0 | AF12: 0 | AG12: 0 | AH12: 0 | AI12: 1 | AJ12: 0 | AK12: 5 | AL12: 0 | AM12: 15 | AN12: 12 | AO12: 0 | AP12: 3 | AQ12: 29
A13: 11 | B13: G107441021MS | C13: Y | D13: 대전 | E13: 대덕구 | F13: 중학교 | G13: 대전법동중학교 | H13: 1G | J13: X | K13: 2 | L13: 0 | M13: 0 | N13: 10 | O13: 3 | P13: 1 | Q13: 1 | R13: 0 | S13: 0 | T13: 0 | U13: 0 | V13: 0 | W13: 0 | X13: 1 | Y13: 1 | Z13: 6 | AA13: 1 | AB13: 6 | AC13: 0 | AD13: 0 | AE13: 0 | AF13: 1 | AG13: 0 | AH13: 1 | AI13: 1 | AJ13: 0 | AK13: 7 | AL13: 1 | AM13: 6 | AN13: 42 | AO13: 3 | AP13: 7 | AQ13: 48
A14: 12 | B14: G107441072ES | C14: Y | D14: 대전 | E14: 대덕구 | F14: 초등학교 | G14: 대전법동초등학교 | H14: 1G | J14: O | K14: 2 | L14: 3 | M14: 1 | N14: 3 | O14: 1 | P14: 0 | Q14: 10 | R14: 2 | S14: 0 | T14: 0 | U14: 0 | V14: 0 | W14: 0 | X14: 0 | Y14: 0 | Z14: 0 | AA14: 0 | AB14: 0 | AC14: 12 | AD14: 2 | AE14: 0 | AF14: 0 | AG14: 0 | AH14: 0 | AI14: 1 | AJ14: 0 | AK14: 7 | AL14: 0 | AM14: 10 | AN14: 22 | AO14: 0 | AP14: 6 | AQ14: 33
A15: 13 | B15: G107441075ES | C15: Y | D15: 대전 | E15: 대덕구 | F15: 초등학교 | G15: 대전비래초등학교 | H15: 1G | J15: O | K15: 2 | L15: 3 | M15: 1 | N15: 6 | O15: 1 | P15: 0 | Q15: 6 | R15: 4 | S15: 0 | T15: 2 | U15: 1 | V15: 0 | W15: 0 | X15: 0 | Y15: 0 | Z15: 9 | AA15: 3 | AB15: 0 | AC15: 0 | AD15: 0 | AE15: 0 | AF15: 0 | AG15: 0 | AH15: 0 | AI15: 1 | AJ15: 0 | AK15: 7 | AL15: 1 | AM15: 0 | AN15: 15 | AO15: 4 | AP15: 4 | AQ15: 17
A16: 14 | B16: G107441256ES | C16: Y | D16: 대전 | E16: 대덕구 | F16: 초등학교 | G16: 대전새여울초등학교 | H16: 1G | I16: 2.5G | J16: X | K16: 2 | L16: 1 | M16: 1 | N16: 16 | O16: 7 | P16: 0 | Q16: 1 | R16: 0 | S16: 0 | T16: 5 | U16: 0 | V16: 0 | W16: 0 | X16: 1 | Y16: 0 | Z16: 11 | AA16: 5 | AB16: 0 | AC16: 0 | AD16: 0 | AE16: 0 | AF16: 0 | AG16: 0 | AH16: 0 | AI16: 1 | AJ16: 1 | AK16: 6 | AL16: 0 | AM16: 2 | AN16: 53 | AO16: 0 | AP16: 5 | AQ16: 58
A17: 15 | B17: G107430329HS | C17: Y | D17: 대전 | E17: 대덕구 | F17: 고등학교 | G17: 대전생활과학고등학교 | H17: 1G | J17: X | K17: 2 | L17: 2 | M17: 1 | N17: 8 | O17: 8 | P17: 0 | Q17: 3 | R17: 0 | S17: 0 | T17: 0 | U17: 0 | V17: 0 | W17: 2 | X17: 2 | Y17: 0 | Z17: 8 | AA17: 5 | AB17: 0 | AC17: 0 | AD17: 0 | AE17: 0 | AF17: 0 | AG17: 0 | AH17: 0 | AI17: 1 | AJ17: 0 | AK17: 10 | AL17: 0 | AM17: 0 | AN17: 60 | AO17: 0 | AP17: 9 | AQ17: 61
A18: 16 | B18: G107441079ES | C18: Y | D18: 대전 | E18: 대덕구 | F18: 초등학교 | G18: 대전석봉초등학교 | H18: 1G | J18: O | K18: 2 | L18: 1 | M18: 1 | N18: 5 | O18: 3 | P18: 0 | Q18: 2 | R18: 1 | S18: 0 | T18: 0 | U18: 0 | V18: 0 | W18: 0 | X18: 0 | Y18: 0 | Z18: 0 | AA18: 0 | AB18: 0 | AC18: 6 | AD18: 3 | AE18: 0 | AF18: 0 | AG18: 0 | AH18: 0 | AI18: 1 | AJ18: 0 | AK18: 4 | AL18: 0 | AM18: 9 | AN18: 7 | AO18: 0 | AP18: 2 | AQ18: 18
A19: 17 | B19: G107430132HS | C19: Y | D19: 대전 | E19: 대덕구 | F19: 고등학교 | G19: 대전송촌고등학교 | H19: 1G | I19: 2.5G | J19: X | K19: 2 | L19: 3 | M19: 1 | N19: 14 | O19: 8 | P19: 0 | Q19: 15 | R19: 0 | S19: 0 | T19: 0 | U19: 1 | V19: 0 | W19: 0 | X19: 0 | Y19: 0 | Z19: 18 | AA19: 2 | AB19: 0 | AC19: 0 | AD19: 0 | AE19: 0 | AF19: 10 | AG19: 4 | AH19: 0 | AI19: 1 | AJ19: 0 | AK19: 11 | AL19: 0 | AM19: 0 | AN19: 53 | AO19: 0 | AP19: 10 | AQ19: 54
A20: 18 | B20: G107441022MS | C20: Y | D20: 대전 | E20: 대덕구 | F20: 중학교 | G20: 대전송촌중학교 | H20: 1G | I20: 2.5G | J20: X | K20: 2 | L20: 3 | M20: 1 | N20: 5 | O20: 3 | P20: 0 | Q20: 10 | R20: 4 | S20: 0 | T20: 3 | U20: 1 | V20: 0 | W20: 0 | X20: 0 | Y20: 0 | Z20: 11 | AA20: 5 | AB20: 0 | AC20: 0 | AD20: 0 | AE20: 0 | AF20: 0 | AG20: 0 | AH20: 0 | AI20: 1 | AJ20: 0 | AK20: 8 | AL20: 0 | AM20: 0 | AN20: 41 | AO20: 0 | AP20: 5 | AQ20: 44
A21: 19 | B21: G107441083ES | C21: Y | D21: 대전 | E21: 대덕구 | F21: 초등학교 | G21: 대전송촌초등학교 | H21: 1G | I21: 2.5G | J21: O | K21: 2 | L21: 0 | M21: 0 | N21: 11 | O21: 2 | P21: 1 | Q21: 1 | R21: 0 | S21: 0 | T21: 0 | U21: 0 | V21: 0 | W21: 0 | X21: 0 | Y21: 0 | Z21: 8 | AA21: 1 | AB21: 6 | AC21: 0 | AD21: 0 | AE21: 0 | AF21: 0 | AG21: 0 | AH21: 0 | AI21: 1 | AJ21: 0 | AK21: 6 | AL21: 0 | AM21: 33 | AN21: 15 | AO21: 0 | AP21: 2 | AQ21: 53
A22: 20 | B22: G107441086ES | C22: Y | D22: 대전 | E22: 대덕구 | F22: 초등학교 | G22: 대전양지초등학교 | H22: 1G | J22: O | K22: 2 | L22: 1 | M22: 1 | N22: 11 | O22: 4 | P22: 0 | Q22: 5 | R22: 0 | S22: 0 | T22: 0 | U22: 0 | V22: 0 | W22: 0 | X22: 0 | Y22: 0 | Z22: 15 | AA22: 3 | AB22: 0 | AC22: 0 | AD22: 0 | AE22: 0 | AF22: 0 | AG22: 0 | AH22: 0 | AI22: 1 | AJ22: 1 | AK22: 2 | AL22: 0 | AM22: 9 | AN22: 27 | AO22: 0 | AP22: 3 | AQ22: 36
A23: 21 | B23: G107430357VH | C23: Y | D23: 대전 | E23: 대덕구 | F23: 특수학교 | G23: 대전온라인학교 | H23: 1G | J23: X | K23: 2 | L23: 1 | M23: 1 | N23: 8 | O23: 2 | P23: 0 | Q23: 0 | R23: 0 | S23: 0 | T23: 0 | U23: 0 | V23: 0 | W23: 1 | X23: 0 | Y23: 0 | Z23: 6 | AA23: 1 | AB23: 0 | AC23: 0 | AD23: 0 | AE23: 0 | AF23: 0 | AG23: 0 | AH23: 0 | AI23: 1 | AJ23: 0 | AK23: 1 | AL23: 0 | AM23: 0 | AN23: 13 | AO23: 0 | AP23: 1 | AQ23: 13
A24: 22 | B24: G107441025MS | C24: Y | D24: 대전 | E24: 대덕구 | F24: 중학교 | G24: 대전용전중학교 | H24: 1G | J24: X | K24: 2 | L24: 2 | M24: 1 | N24: 4 | O24: 3 | P24: 0 | Q24: 13 | R24: 0 | S24: 0 | T24: 0 | U24: 0 | V24: 0 | W24: 0 | X24: 0 | Y24: 0 | Z24: 0 | AA24: 0 | AB24: 0 | AC24: 17 | AD24: 2 | AE24: 0 | AF24: 0 | AG24: 0 | AH24: 0 | AI24: 1 | AJ24: 0 | AK24: 8 | AL24: 0 | AM24: 0 | AN24: 39 | AO24: 0 | AP24: 7 | AQ24: 40
A25: 23 | B25: G107430113SS | C25: Y | D25: 대전 | E25: 대덕구 | F25: 특수학교 | G25: 대전원명학교 | H25: 1G | J25: X | K25: 2 | L25: 3 | M25: 1 | N25: 10 | O25: 1 | P25: 0 | Q25: 6 | R25: 0 | S25: 0 | T25: 2 | U25: 0 | V25: 0 | W25: 0 | X25: 0 | Y25: 0 | Z25: 14 | AA25: 0 | AB25: 0 | AC25: 0 | AD25: 0 | AE25: 0 | AF25: 0 | AG25: 0 | AH25: 0 | AI25: 1 | AJ25: 0 | AK25: 14 | AL25: 0 | AM25: 0 | AN25: 65 | AO25: 3 | AP25: 11 | AQ25: 65
A26: 24 | B26: G107430240HS | C26: Y | D26: 대전 | E26: 대덕구 | F26: 고등학교 | G26: 대전이문고등학교 | H26: 1G | J26: X | K26: 2 | L26: 2 | M26: 1 | N26: 7 | O26: 3 | P26: 0 | Q26: 6 | R26: 2 | S26: 0 | T26: 2 | U26: 3 | V26: 0 | W26: 0 | X26: 0 | Y26: 0 | Z26: 10 | AA26: 1 | AB26: 0 | AC26: 0 | AD26: 0 | AE26: 0 | AF26: 0 | AG26: 0 | AH26: 0 | AI26: 1 | AJ26: 0 | AK26: 11 | AL26: 0 | AM26: 0 | AN26: 64 | AO26: 0 | AP26: 10 | AQ26: 65
A27: 25 | B27: G107441095ES | C27: Y | D27: 대전 | E27: 대덕구 | F27: 초등학교 | G27: 대전중리초등학교 | H27: 1G | I27: 2.5G | J27: O | K27: 2 | L27: 1 | M27: 1 | N27: 6 | O27: 3 | P27: 0 | Q27: 10 | R27: 2 | S27: 0 | T27: 0 | U27: 0 | V27: 0 | W27: 0 | X27: 0 | Y27: 0 | Z27: 0 | AA27: 0 | AB27: 0 | AC27: 0 | AD27: 0 | AE27: 0 | AF27: 15 | AG27: 4 | AH27: 0 | AI27: 1 | AJ27: 0 | AK27: 6 | AL27: 0 | AM27: 23 | AN27: 27 | AO27: 0 | AP27: 5 | AQ27: 51
A28: 26 | B28: G107441097ES | C28: Y | D28: 대전 | E28: 대덕구 | F28: 초등학교 | G28: 대전중원초등학교 | H28: 1G | I28: 2.5G | J28: O | K28: 2 | L28: 0 | M28: 0 | N28: 9 | O28: 10 | P28: 1 | Q28: 0 | R28: 0 | S28: 0 | T28: 1 | U28: 0 | V28: 0 | W28: 0 | X28: 1 | Y28: 0 | Z28: 5 | AA28: 7 | AB28: 6 | AC28: 0 | AD28: 0 | AE28: 0 | AF28: 0 | AG28: 0 | AH28: 0 | AI28: 1 | AJ28: 0 | AK28: 8 | AL28: 1 | AM28: 26 | AN28: 26 | AO28: 2 | AP28: 4 | AQ28: 56
A29: 27 | B29: G107430349SS | C29: Y | D29: 대전 | E29: 대덕구 | F29: 특수학교 | G29: 대전해든학교 | H29: 1G | J29: X | K29: 2 | L29: 12 | M29: 11 | N29: 17 | O29: 10 | P29: 0 | Q29: 2 | R29: 1 | S29: 0 | T29: 0 | U29: 0 | V29: 0 | W29: 0 | X29: 0 | Y29: 0 | Z29: 18 | AA29: 10 | AB29: 0 | AC29: 0 | AD29: 0 | AE29: 0 | AF29: 0 | AG29: 0 | AH29: 0 | AI29: 1 | AJ29: 0 | AK29: 6 | AL29: 0 | AM29: 0 | AN29: 58 | AO29: 0 | AP29: 6 | AQ29: 58
A30: 28 | B30: G107441103ES | C30: Y | D30: 대전 | E30: 대덕구 | F30: 초등학교 | G30: 대전화정초등학교 | H30: 1G | J30: X | K30: 2 | L30: 1 | M30: 1 | N30: 8 | O30: 1 | P30: 0 | Q30: 13 | R30: 4 | S30: 0 | T30: 0 | U30: 0 | V30: 0 | W30: 0 | X30: 0 | Y30: 0 | Z30: 0 | AA30: 0 | AB30: 0 | AC30: 0 | AD30: 0 | AE30: 0 | AF30: 21 | AG30: 5 | AH30: 0 | AI30: 1 | AJ30: 1 | AK30: 6 | AL30: 0 | AM30: 13 | AN30: 25 | AO30: 0 | AP30: 6 | AQ30: 39
A31: 29 | B31: G107430039HS | C31: Y | D31: 대전 | E31: 대덕구 | F31: 고등학교 | G31: 동대전고등학교 | H31: 1G | I31: 2.5G | J31: X | K31: 2 | L31: 1 | M31: 1 | N31: 19 | O31: 4 | P31: 0 | Q31: 0 | R31: 0 | S31: 0 | T31: 0 | U31: 0 | V31: 0 | W31: 0 | X31: 0 | Y31: 0 | Z31: 18 | AA31: 3 | AB31: 0 | AC31: 0 | AD31: 0 | AE31: 0 | AF31: 0 | AG31: 0 | AH31: 0 | AI31: 1 | AJ31: 0 | AK31: 6 | AL31: 0 | AM31: 0 | AN31: 47 | AO31: 0 | AP31: 5 | AQ31: 48
A32: 30 | B32: G107441110ES | C32: Y | D32: 대전 | E32: 대덕구 | F32: 초등학교 | G32: 새일초등학교 | H32: 1G | J32: O | K32: 2 | L32: 1 | M32: 1 | N32: 7 | O32: 1 | P32: 0 | Q32: 2 | R32: 4 | S32: 0 | T32: 0 | U32: 0 | V32: 0 | W32: 0 | X32: 0 | Y32: 0 | Z32: 0 | AA32: 0 | AB32: 0 | AC32: 9 | AD32: 4 | AE32: 0 | AF32: 0 | AG32: 0 | AH32: 0 | AI32: 1 | AJ32: 0 | AK32: 11 | AL32: 0 | AM32: 19 | AN32: 19 | AO32: 0 | AP32: 7 | AQ32: 42
A33: 31 | B33: G107441036MS | C33: Y | D33: 대전 | E33: 대덕구 | F33: 중학교 | G33: 신탄중앙중학교 | H33: 1G | J33: X | K33: 2 | L33: 1 | M33: 1 | N33: 11 | O33: 3 | P33: 0 | Q33: 0 | R33: 0 | S33: 0 | T33: 0 | U33: 0 | V33: 0 | W33: 0 | X33: 0 | Y33: 0 | Z33: 10 | AA33: 2 | AB33: 0 | AC33: 0 | AD33: 0 | AE33: 0 | AF33: 0 | AG33: 0 | AH33: 0 | AI33: 1 | AJ33: 0 | AK33: 5 | AL33: 0 | AM33: 0 | AN33: 27 | AO33: 0 | AP33: 4 | AQ33: 28
A34: 32 | B34: G107430041HS | C34: Y | D34: 대전 | E34: 대덕구 | F34: 고등학교 | G34: 신탄진고등학교 | H34: 1G | J34: O | K34: 2 | L34: 1 | M34: 1 | N34: 11 | O34: 5 | P34: 0 | Q34: 3 | R34: 3 | S34: 0 | T34: 0 | U34: 0 | V34: 0 | W34: 0 | X34: 0 | Y34: 0 | Z34: 0 | AA34: 0 | AB34: 0 | AC34: 13 | AD34: 7 | AE34: 0 | AF34: 0 | AG34: 0 | AH34: 0 | AI34: 1 | AJ34: 0 | AK34: 5 | AL34: 0 | AM34: 0 | AN34: 43 | AO34: 0 | AP34: 5 | AQ34: 43
A35: 33 | B35: G107441113ES | C35: Y | D35: 대전 | E35: 대덕구 | F35: 초등학교 | G35: 신탄진용정초등학교 | H35: 1G | I35: 2.5G | J35: X | K35: 2 | L35: 1 | M35: 1 | N35: 10 | O35: 3 | P35: 0 | Q35: 0 | R35: 0 | S35: 0 | T35: 1 | U35: 1 | V35: 0 | W35: 0 | X35: 0 | Y35: 0 | Z35: 5 | AA35: 0 | AB35: 0 | AC35: 0 | AD35: 0 | AE35: 0 | AF35: 4 | AG35: 1 | AH35: 0 | AI35: 1 | AJ35: 0 | AK35: 6 | AL35: 0 | AM35: 14 | AN35: 20 | AO35: 2 | AP35: 3 | AQ35: 35
A36: 34 | B36: G107441037MS | C36: Y | D36: 대전 | E36: 대덕구 | F36: 중학교 | G36: 신탄진중학교 | H36: 1G | J36: X | K36: 2 | L36: 3 | M36: 1 | N36: 21 | O36: 3 | P36: 0 | Q36: 3 | R36: 0 | S36: 0 | T36: 0 | U36: 0 | V36: 0 | W36: 1 | X36: 0 | Y36: 0 | Z36: 23 | AA36: 2 | AB36: 0 | AC36: 0 | AD36: 0 | AE36: 0 | AF36: 0 | AG36: 0 | AH36: 0 | AI36: 1 | AJ36: 0 | AK36: 7 | AL36: 0 | AM36: 0 | AN36: 29 | AO36: 0 | AP36: 3 | AQ36: 30
A37: 35 | B37: G107441114ES | C37: Y | D37: 대전 | E37: 대덕구 | F37: 초등학교 | G37: 신탄진초등학교 | H37: 1G | J37: X | K37: 2 | L37: 2 | M37: 2 | N37: 14 | O37: 1 | P37: 0 | Q37: 18 | R37: 3 | S37: 0 | T37: 0 | U37: 0 | V37: 0 | W37: 0 | X37: 0 | Y37: 0 | Z37: 31 | AA37: 3 | AB37: 0 | AC37: 0 | AD37: 0 | AE37: 0 | AF37: 0 | AG37: 0 | AH37: 0 | AI37: 1 | AJ37: 2 | AK37: 11 | AL37: 0 | AM37: 5 | AN37: 48 | AO37: 0 | AP37: 5 | AQ37: 57
A38: 36 | B38: G107441038MS | C38: Y | D38: 대전 | E38: 대덕구 | F38: 중학교 | G38: 오정중학교 | H38: 1G | J38: X | K38: 2 | L38: 1 | M38: 1 | N38: 9 | O38: 2 | P38: 2 | Q38: 11 | R38: 3 | S38: 1 | T38: 0 | U38: 0 | V38: 0 | W38: 0 | X38: 0 | Y38: 0 | Z38: 0 | AA38: 0 | AB38: 0 | AC38: 18 | AD38: 4 | AE38: 6 | AF38: 0 | AG38: 0 | AH38: 0 | AI38: 1 | AJ38: 0 | AK38: 6 | AL38: 0 | AM38: 0 | AN38: 20 | AO38: 0 | AP38: 5 | AQ38: 20
A39: 37 | B39: G107441115ES | C39: Y | D39: 대전 | E39: 대덕구 | F39: 초등학교 | G39: 와동초등학교 | H39: 1G | J39: O | K39: 2 | L39: 0 | M39: 0 | N39: 9 | O39: 1 | P39: 1 | Q39: 1 | R39: 0 | S39: 0 | T39: 0 | U39: 0 | V39: 0 | W39: 0 | X39: 0 | Y39: 0 | Z39: 0 | AA39: 0 | AB39: 0 | AC39: 0 | AD39: 0 | AE39: 0 | AF39: 8 | AG39: 1 | AH39: 3 | AI39: 1 | AJ39: 0 | AK39: 6 | AL39: 0 | AM39: 14 | AN39: 13 | AO39: 0 | AP39: 3 | AQ39: 30
A40: 38 | B40: G107441116ES | C40: Y | D40: 대전 | E40: 대덕구 | F40: 초등학교 | G40: 장동초등학교 | H40: 1G | J40: X | K40: 2 | L40: 1 | M40: 1 | N40: 6 | O40: 1 | P40: 0 | Q40: 3 | R40: 2 | S40: 0 | T40: 0 | U40: 0 | V40: 0 | W40: 0 | X40: 0 | Y40: 0 | Z40: 8 | AA40: 2 | AB40: 0 | AC40: 0 | AD40: 0 | AE40: 0 | AF40: 0 | AG40: 0 | AH40: 0 | AI40: 1 | AJ40: 1 | AK40: 2 | AL40: 0 | AM40: 2 | AN40: 11 | AO40: 0 | AP40: 2 | AQ40: 14
A41: 39 | B41: G107441040MS | C41: Y | D41: 대전 | E41: 대덕구 | F41: 중학교 | G41: 중리중학교 | H41: 1G | J41: X | K41: 2 | L41: 0 | M41: 0 | N41: 9 | O41: 2 | P41: 1 | Q41: 0 | R41: 0 | S41: 0 | T41: 0 | U41: 0 | V41: 0 | W41: 1 | X41: 1 | Y41: 1 | Z41: 7 | AA41: 1 | AB41: 2 | AC41: 0 | AD41: 0 | AE41: 0 | AF41: 0 | AG41: 0 | AH41: 0 | AI41: 1 | AJ41: 0 | AK41: 6 | AL41: 0 | AM41: 0 | AN41: 32 | AO41: 1 | AP41: 4 | AQ41: 33
A42: 40 | B42: G107441047MS | C42: Y | D42: 대전 | E42: 대덕구 | F42: 중학교 | G42: 회덕중학교 | H42: 1G | J42: X | K42: 2 | L42: 1 | M42: 1 | N42: 6 | O42: 2 | P42: 0 | Q42: 2 | R42: 1 | S42: 0 | T42: 2 | U42: 0 | V42: 0 | W42: 0 | X42: 0 | Y42: 0 | Z42: 4 | AA42: 0 | AB42: 0 | AC42: 0 | AD42: 0 | AE42: 0 | AF42: 1 | AG42: 2 | AH42: 0 | AI42: 1 | AJ42: 0 | AK42: 4 | AL42: 0 | AM42: 0 | AN42: 23 | AO42: 1 | AP42: 3 | AQ42: 23
A43: 41 | B43: G107441117ES | C43: Y | D43: 대전 | E43: 대덕구 | F43: 초등학교 | G43: 회덕초등학교 | H43: 1G | J43: X | K43: 2 | L43: 1 | M43: 1 | N43: 8 | O43: 2 | P43: 0 | Q43: 2 | R43: 4 | S43: 0 | T43: 0 | U43: 1 | V43: 0 | W43: 0 | X43: 0 | Y43: 0 | Z43: 3 | AA43: 0 | AB43: 0 | AC43: 6 | AD43: 4 | AE43: 0 | AF43: 0 | AG43: 0 | AH43: 0 | AI43: 1 | AJ43: 1 | AK43: 6 | AL43: 0 | AM43: 9 | AN43: 22 | AO43: 0 | AP43: 6 | AQ43: 32
A44: 42 | B44: G107430324HS | C44: Y | D44: 대전 | E44: 동구 | F44: 고등학교 | G44: 계룡디지텍고등학교 | H44: 1G | J44: X | K44: 2 | L44: 1 | M44: 1 | N44: 7 | O44: 11 | P44: 0 | Q44: 4 | R44: 17 | S44: 0 | T44: 1 | U44: 0 | V44: 0 | W44: 1 | X44: 1 | Y44: 0 | Z44: 0 | AA44: 0 | AB44: 0 | AC44: 0 | AD44: 0 | AE44: 0 | AF44: 8 | AG44: 26 | AH44: 0 | AI44: 1 | AJ44: 0 | AK44: 10 | AL44: 0 | AM44: 0 | AN44: 68 | AO44: 0 | AP44: 8 | AQ44: 70
A45: 43 | B45: G107441012MS | C45: Y | D45: 대전 | E45: 동구 | F45: 중학교 | G45: 대전가양중학교 | H45: 1G | J45: X | K45: 2 | L45: 1 | M45: 0 | N45: 16 | O45: 0 | P45: 6 | Q45: 3 | R45: 0 | S45: 2 | T45: 5 | U45: 0 | V45: 8 | W45: 0 | X45: 0 | Y45: 0 | Z45: 2 | AA45: 0 | AB45: 0 | AC45: 0 | AD45: 0 | AE45: 0 | AF45: 7 | AG45: 0 | AH45: 5 | AI45: 1 | AJ45: 0 | AK45: 6 | AL45: 0 | AM45: 0 | AN45: 39 | AO45: 3 | AP45: 2 | AQ45: 40
A46: 44 | B46: G107441048ES | C46: Y | D46: 대전 | E46: 동구 | F46: 초등학교 | G46: 대전가양초등학교 | H46: 1G | I46: 2.5G | J46: X | K46: 2 | L46: 2 | M46: 1 | N46: 7 | O46: 2 | P46: 0 | Q46: 3 | R46: 4 | S46: 0 | T46: 0 | U46: 0 | V46: 0 | W46: 0 | X46: 0 | Y46: 0 | Z46: 12 | AA46: 5 | AB46: 0 | AC46: 0 | AD46: 0 | AE46: 0 | AF46: 0 | AG46: 0 | AH46: 0 | AI46: 1 | AJ46: 0 | AK46: 4 | AL46: 0 | AM46: 28 | AN46: 18 | AO46: 0 | AP46: 1 | AQ46: 49
A47: 45 | B47: G107430241HS | C47: Y | D47: 대전 | E47: 동구 | F47: 고등학교 | G47: 대전가오고등학교 | H47: 1G | I47: 2.5G | J47: X | K47: 2 | L47: 1 | M47: 1 | N47: 9 | O47: 3 | P47: 0 | Q47: 5 | R47: 2 | S47: 0 | T47: 1 | U47: 1 | V47: 0 | W47: 0 | X47: 1 | Y47: 0 | Z47: 12 | AA47: 3 | AB47: 0 | AC47: 0 | AD47: 0 | AE47: 0 | AF47: 0 | AG47: 0 | AH47: 0 | AI47: 1 | AJ47: 0 | AK47: 7 | AL47: 0 | AM47: 0 | AN47: 45 | AO47: 0 | AP47: 6 | AQ47: 46
A48: 46 | B48: G107441013MS | C48: Y | D48: 대전 | E48: 동구 | F48: 중학교 | G48: 대전가오중학교 | H48: 1G | I48: 2.5G | J48: X | K48: 2 | L48: 0 | M48: 1 | N48: 12 | O48: 3 | P48: 1 | Q48: 1 | R48: 1 | S48: 0 | T48: 0 | U48: 1 | V48: 0 | W48: 0 | X48: 0 | Y48: 0 | Z48: 11 | AA48: 2 | AB48: 4 | AC48: 0 | AD48: 0 | AE48: 0 | AF48: 0 | AG48: 0 | AH48: 0 | AI48: 1 | AJ48: 0 | AK48: 7 | AL48: 0 | AM48: 0 | AN48: 31 | AO48: 0 | AP48: 3 | AQ48: 33
A49: 47 | B49: G107441049ES | C49: Y | D49: 대전 | E49: 동구 | F49: 초등학교 | G49: 대전가오초등학교 | H49: 1G | I49: 2.5G | J49: O | K49: 2 | L49: 1 | M49: 1 | N49: 8 | O49: 1 | P49: 0 | Q49: 6 | R49: 4 | S49: 0 | T49: 0 | U49: 0 | V49: 0 | W49: 0 | X49: 0 | Y49: 0 | Z49: 13 | AA49: 4 | AB49: 0 | AC49: 0 | AD49: 0 | AE49: 0 | AF49: 0 | AG49: 0 | AH49: 0 | AI49: 1 | AJ49: 0 | AK49: 8 | AL49: 0 | AM49: 25 | AN49: 26 | AO49: 0 | AP49: 6 | AQ49: 53
A50: 48 | B50: G107441051ES | C50: Y | D50: 대전 | E50: 동구 | F50: 초등학교 | G50: 대전대동초등학교 | H50: 1G | J50: X | K50: 2 | L50: 3 | M50: 1 | N50: 9 | O50: 3 | P50: 0 | Q50: 2 | R50: 3 | S50: 0 | T50: 0 | U50: 0 | V50: 0 | W50: 0 | X50: 0 | Y50: 0 | Z50: 11 | AA50: 5 | AB50: 0 | AC50: 0 | AD50: 0 | AE50: 0 | AF50: 0 | AG50: 0 | AH50: 0 | AI50: 1 | AJ50: 1 | AK50: 4 | AL50: 0 | AM50: 13 | AN50: 18 | AO50: 0 | AP50: 2 | AQ50: 32
A51: 49 | B51: G107441052ES | C51: Y | D51: 대전 | E51: 동구 | F51: 초등학교 | G51: 대전대룡초등학교 | H51: 1G | I51: 2.5G | J51: O | K51: 2 | L51: 3 | M51: 1 | N51: 3 | O51: 3 | P51: 0 | Q51: 7 | R51: 0 | S51: 0 | T51: 0 | U51: 0 | V51: 0 | W51: 0 | X51: 0 | Y51: 0 | Z51: 0 | AA51: 0 | AB51: 0 | AC51: 0 | AD51: 0 | AE51: 0 | AF51: 9 | AG51: 2 | AH51: 0 | AI51: 1 | AJ51: 1 | AK51: 4 | AL51: 1 | AM51: 11 | AN51: 21 | AO51: 0 | AP51: 4 | AQ51: 34
A52: 50 | B52: G107430326HS | C52: Y | D52: 대전 | E52: 동구 | F52: 고등학교 | G52: 대전대성여자고등학교 | H52: 1G | J52: X | K52: 2 | L52: 2 | M52: 1 | N52: 16 | O52: 7 | P52: 0 | Q52: 3 | R52: 0 | S52: 0 | T52: 1 | U52: 0 | V52: 0 | W52: 0 | X52: 0 | Y52: 0 | Z52: 17 | AA52: 6 | AB52: 0 | AC52: 0 | AD52: 0 | AE52: 0 | AF52: 0 | AG52: 0 | AH52: 0 | AI52: 1 | AJ52: 0 | AK52: 13 | AL52: 0 | AM52: 0 | AN52: 61 | AO52: 0 | AP52: 6 | AQ52: 68
A53: 51 | B53: G107441263MS | C53: Y | D53: 대전 | E53: 동구 | F53: 중학교 | G53: 대전대성여자중학교 | H53: 1G | J53: X | K53: 2 | L53: 3 | M53: 1 | N53: 7 | O53: 4 | P53: 0 | Q53: 5 | R53: 0 | S53: 0 | T53: 0 | U53: 0 | V53: 0 | W53: 0 | X53: 0 | Y53: 0 | Z53: 1 | AA53: 0 | AB53: 0 | AC53: 0 | AD53: 0 | AE53: 0 | AF53: 11 | AG53: 3 | AH53: 0 | AI53: 1 | AJ53: 0 | AK53: 5 | AL53: 0 | AM53: 0 | AN53: 28 | AO53: 0 | AP53: 4 | AQ53: 29
A54: 52 | B54: G107441055ES | C54: Y | D54: 대전 | E54: 동구 | F54: 초등학교 | G54: 대전대암초등학교 | H54: 1G | J54: X | K54: 2 | L54: 2 | M54: 1 | N54: 9 | O54: 1 | P54: 0 | Q54: 2 | R54: 2 | S54: 0 | T54: 0 | U54: 0 | V54: 0 | W54: 0 | X54: 0 | Y54: 0 | Z54: 0 | AA54: 0 | AB54: 0 | AC54: 10 | AD54: 2 | AE54: 0 | AF54: 0 | AG54: 0 | AH54: 0 | AI54: 1 | AJ54: 1 | AK54: 5 | AL54: 0 | AM54: 8 | AN54: 23 | AO54: 0 | AP54: 5 | AQ54: 32
A55: 53 | B55: G107441059ES | C55: Y | D55: 대전 | E55: 동구 | F55: 초등학교 | G55: 대전동광초등학교 | H55: 1G | J55: X | K55: 2 | L55: 1 | M55: 1 | N55: 11 | O55: 1 | P55: 0 | Q55: 3 | R55: 3 | S55: 0 | T55: 0 | U55: 0 | V55: 0 | W55: 0 | X55: 0 | Y55: 0 | Z55: 0 | AA55: 0 | AB55: 0 | AC55: 13 | AD55: 3 | AE55: 0 | AF55: 0 | AG55: 0 | AH55: 0 | AI55: 1 | AJ55: 1 | AK55: 5 | AL55: 0 | AM55: 7 | AN55: 20 | AO55: 0 | AP55: 4 | AQ55: 29
A56: 54 | B56: G107441063ES | C56: Y | D56: 대전 | E56: 동구 | F56: 초등학교 | G56: 대전동서초등학교 | H56: 1G | J56: X | K56: 2 | L56: 1 | M56: 1 | N56: 10 | O56: 2 | P56: 0 | Q56: 0 | R56: 0 | S56: 0 | T56: 0 | U56: 0 | V56: 0 | W56: 0 | X56: 0 | Y56: 0 | Z56: 0 | AA56: 0 | AB56: 0 | AC56: 0 | AD56: 0 | AE56: 0 | AF56: 9 | AG56: 1 | AH56: 0 | AI56: 1 | AJ56: 1 | AK56: 4 | AL56: 1 | AM56: 5 | AN56: 23 | AO56: 1 | AP56: 4 | AQ56: 31
A57: 55 | B57: G107430295HS | C57: Y | D57: 대전 | E57: 동구 | F57: 고등학교 | G57: 대전동신과학고등학교 | H57: 1G | J57: O | K57: 2 | L57: 1 | M57: 1 | N57: 16 | O57: 12 | P57: 0 | Q57: 3 | R57: 4 | S57: 0 | T57: 2 | U57: 2 | V57: 0 | W57: 0 | X57: 0 | Y57: 0 | Z57: 16 | AA57: 13 | AB57: 0 | AC57: 0 | AD57: 0 | AE57: 0 | AF57: 0 | AG57: 0 | AH57: 0 | AI57: 1 | AJ57: 0 | AK57: 6 | AL57: 0 | AM57: 0 | AN57: 51 | AO57: 1 | AP57: 5 | AQ57: 56
A58: 56 | B58: G107430110SS | C58: Y | D58: 대전 | E58: 동구 | F58: 특수학교 | G58: 대전맹학교 | H58: 1G | J58: O | K58: 2 | L58: 2 | M58: 1 | N58: 8 | O58: 2 | P58: 0 | Q58: 6 | R58: 3 | S58: 0 | T58: 1 | U58: 1 | V58: 0 | W58: 0 | X58: 0 | Y58: 0 | Z58: 0 | AA58: 0 | AB58: 0 | AC58: 12 | AD58: 3 | AE58: 0 | AF58: 0 | AG58: 0 | AH58: 0 | AI58: 1 | AJ58: 0 | AK58: 7 | AL58: 0 | AM58: 0 | AN58: 52 | AO58: 0 | AP58: 6 | AQ58: 53
A59: 57 | B59: G107441077ES | C59: Y | D59: 대전 | E59: 동구 | F59: 초등학교 | G59: 대전삼성초등학교 | H59: 1G | J59: X | K59: 2 | L59: 1 | M59: 1 | N59: 6 | O59: 3 | P59: 0 | Q59: 4 | R59: 4 | S59: 0 | T59: 0 | U59: 0 | V59: 0 | W59: 0 | X59: 0 | Y59: 0 | Z59: 0 | AA59: 0 | AB59: 0 | AC59: 9 | AD59: 6 | AE59: 0 | AF59: 0 | AG59: 0 | AH59: 0 | AI59: 1 | AJ59: 0 | AK59: 5 | AL59: 1 | AM59: 1 | AN59: 19 | AO59: 1 | AP59: 3 | AQ59: 22
A60: 58 | B60: G107441081ES | C60: Y | D60: 대전 | E60: 동구 | F60: 초등학교 | G60: 대전성남초등학교 | H60: 1G | I60: 2.5G | J60: X | K60: 2 | L60: 1 | M60: 1 | N60: 11 | O60: 4 | P60: 0 | Q60: 1 | R60: 0 | S60: 0 | T60: 0 | U60: 0 | V60: 0 | W60: 2 | X60: 2 | Y60: 0 | Z60: 0 | AA60: 0 | AB60: 0 | AC60: 9 | AD60: 1 | AE60: 0 | AF60: 0 | AG60: 0 | AH60: 0 | AI60: 1 | AJ60: 1 | AK60: 4 | AL60: 0 | AM60: 13 | AN60: 21 | AO60: 3 | AP60: 2 | AQ60: 34
A61: 59 | B61: G107441085ES | C61: Y | D61: 대전 | E61: 동구 | F61: 초등학교 | G61: 대전신흥초등학교 | H61: 1G | I61: 5G | J61: X | K61: 2 | L61: 3 | M61: 1 | N61: 8 | O61: 6 | P61: 0 | Q61: 2 | R61: 0 | S61: 0 | T61: 0 | U61: 0 | V61: 0 | W61: 0 | X61: 0 | Y61: 0 | Z61: 0 | AA61: 0 | AB61: 0 | AC61: 0 | AD61: 0 | AE61: 0 | AF61: 9 | AG61: 5 | AH61: 0 | AI61: 1 | AJ61: 2 | AK61: 12 | AL61: 0 | AM61: 5 | AN61: 63 | AO61: 0 | AP61: 11 | AQ61: 67
A62: 60 | B62: G107430036HS | C62: Y | D62: 대전 | E62: 동구 | F62: 고등학교 | G62: 대전여자고등학교 | H62: 1G | I62: 2.5G | J62: O | K62: 2 | L62: 7 | M62: 2 | N62: 13 | O62: 6 | P62: 1 | Q62: 2 | R62: 0 | S62: 0 | T62: 2 | U62: 1 | V62: 0 | W62: 3 | X62: 2 | Y62: 0 | Z62: 8 | AA62: 2 | AB62: 4 | AC62: 0 | AD62: 0 | AE62: 0 | AF62: 0 | AG62: 0 | AH62: 0 | AI62: 1 | AJ62: 0 | AK62: 11 | AL62: 0 | AM62: 0 | AN62: 61 | AO62: 0 | AP62: 11 | AQ62: 61
A63: 61 | B63: G107430090BH | C63: N | D63: 대전 | E63: 동구 | F63: 고등학교 | G63: 대전여자고등학교부설방송통신고등학교 | H63: 1G | AJ63: 0 | AK63: 0 | AL63: 0
A64: 62 | B64: G107441024MS | C64: Y | D64: 대전 | E64: 동구 | F64: 중학교 | G64: 대전용운중학교 | H64: 1G | J64: X | K64: 2 | L64: 1 | M64: 1 | N64: 15 | O64: 3 | P64: 0 | Q64: 0 | R64: 0 | S64: 0 | T64: 0 | U64: 0 | V64: 0 | W64: 1 | X64: 0 | Y64: 0 | Z64: 1 | AA64: 0 | AB64: 0 | AC64: 0 | AD64: 0 | AE64: 0 | AF64: 15 | AG64: 2 | AH64: 0 | AI64: 1 | AJ64: 0 | AK64: 7 | AL64: 0 | AM64: 0 | AN64: 32 | AO64: 0 | AP64: 6 | AQ64: 33
A65: 63 | B65: G107441089ES | C65: Y | D65: 대전 | E65: 동구 | F65: 초등학교 | G65: 대전용운초등학교 | H65: 1G | I65: 2.5G | J65: X | K65: 2 | L65: 1 | M65: 1 | N65: 9 | O65: 5 | P65: 0 | Q65: 0 | R65: 0 | S65: 0 | T65: 1 | U65: 1 | V65: 0 | W65: 0 | X65: 0 | Y65: 0 | Z65: 7 | AA65: 4 | AB65: 0 | AC65: 0 | AD65: 0 | AE65: 0 | AF65: 0 | AG65: 0 | AH65: 0 | AI65: 1 | AJ65: 1 | AK65: 6 | AL65: 0 | AM65: 5 | AN65: 30 | AO65: 0 | AP65: 6 | AQ65: 36
A66: 64 | B66: G107441090ES | C66: Y | D66: 대전 | E66: 동구 | F66: 초등학교 | G66: 대전용전초등학교 | H66: 1G | I66: 2.5G | J66: X | K66: 2 | L66: 1 | M66: 1 | N66: 18 | O66: 5 | P66: 0 | Q66: 0 | R66: 0 | S66: 0 | T66: 3 | U66: 1 | V66: 0 | W66: 1 | X66: 0 | Y66: 0 | Z66: 13 | AA66: 3 | AB66: 0 | AC66: 0 | AD66: 0 | AE66: 0 | AF66: 0 | AG66: 0 | AH66: 0 | AI66: 1 | AJ66: 1 | AK66: 6 | AL66: 0 | AM66: 24 | AN66: 30 | AO66: 0 | AP66: 3 | AQ66: 42
A67: 65 | B67: G107441026MS | C67: Y | D67: 대전 | E67: 동구 | F67: 중학교 | G67: 대전은어송중학교 | H67: 1G | I67: 2.5G | J67: O | K67: 2 | L67: 2 | M67: 1 | N67: 11 | O67: 3 | P67: 0 | Q67: 1 | R67: 0 | S67: 0 | T67: 0 | U67: 0 | V67: 0 | W67: 0 | X67: 0 | Y67: 0 | Z67: 1 | AA67: 0 | AB67: 0 | AC67: 11 | AD67: 2 | AE67: 0 | AF67: 0 | AG67: 0 | AH67: 0 | AI67: 1 | AJ67: 0 | AK67: 5 | AL67: 0 | AM67: 0 | AN67: 47 | AO67: 0 | AP67: 4 | AQ67: 48
A68: 66 | B68: G107441093ES | C68: Y | D68: 대전 | E68: 동구 | F68: 초등학교 | G68: 대전은어송초등학교 | H68: 1G | I68: 5G | J68: X | K68: 2 | L68: 2 | M68: 1 | N68: 4 | O68: 5 | P68: 0 | Q68: 1 | R68: 4 | S68: 0 | T68: 0 | U68: 1 | V68: 0 | W68: 1 | X68: 0 | Y68: 0 | Z68: 0 | AA68: 0 | AB68: 0 | AC68: 4 | AD68: 7 | AE68: 0 | AF68: 0 | AG68: 0 | AH68: 0 | AI68: 1 | AJ68: 2 | AK68: 8 | AL68: 0 | AM68: 5 | AN68: 55 | AO68: 0 | AP68: 8 | AQ68: 62
A69: 67 | B69: G107441094ES | C69: Y | D69: 대전 | E69: 동구 | F69: 초등학교 | G69: 대전자양초등학교 | H69: 1G | J69: X | K69: 2 | L69: 1 | M69: 1 | N69: 8 | O69: 2 | P69: 0 | Q69: 0 | R69: 1 | S69: 0 | T69: 0 | U69: 0 | V69: 0 | W69: 0 | X69: 0 | Y69: 0 | Z69: 9 | AA69: 3 | AB69: 0 | AC69: 0 | AD69: 0 | AE69: 0 | AF69: 0 | AG69: 0 | AH69: 0 | AI69: 1 | AJ69: 0 | AK69: 6 | AL69: 0 | AM69: 12 | AN69: 19 | AO69: 0 | AP69: 3 | AQ69: 32
A70: 68 | B70: G107441099ES | C70: Y | D70: 대전 | E70: 동구 | F70: 초등학교 | G70: 대전천동초등학교 | H70: 1G | I70: 2.5G | J70: O | K70: 2 | L70: 1 | M70: 0 | N70: 9 | O70: 5 | P70: 1 | Q70: 1 | R70: 0 | S70: 0 | T70: 0 | U70: 0 | V70: 0 | W70: 2 | X70: 1 | Y70: 0 | Z70: 7 | AA70: 4 | AB70: 2 | AC70: 0 | AD70: 0 | AE70: 0 | AF70: 0 | AG70: 0 | AH70: 0 | AI70: 1 | AJ70: 0 | AK70: 9 | AL70: 0 | AM70: 33 | AN70: 24 | AO70: 0 | AP70: 8 | AQ70: 59
A71: 69 | B71: G107441101ES | C71: Y | D71: 대전 | E71: 동구 | F71: 초등학교 | G71: 대전판암초등학교 | H71: 1G | I71: 2.5G | J71: X | K71: 2 | L71: 2 | M71: 1 | N71: 7 | O71: 3 | P71: 0 | Q71: 2 | R71: 3 | S71: 0 | T71: 0 | U71: 0 | V71: 0 | W71: 0 | X71: 0 | Y71: 0 | Z71: 9 | AA71: 5 | AB71: 0 | AC71: 0 | AD71: 0 | AE71: 0 | AF71: 0 | AG71: 0 | AH71: 0 | AI71: 1 | AJ71: 0 | AK71: 9 | AL71: 0 | AM71: 20 | AN71: 20 | AO71: 0 | AP71: 7 | AQ71: 41
A72: 70 | B72: G107441102ES | C72: Y | D72: 대전 | E72: 동구 | F72: 초등학교 | G72: 대전현암초등학교 | H72: 1G | J72: X | K72: 2 | L72: 2 | M72: 0 | N72: 13 | O72: 1 | P72: 1 | Q72: 6 | R72: 0 | S72: 0 | T72: 0 | U72: 0 | V72: 0 | W72: 0 | X72: 0 | Y72: 0 | Z72: 0 | AA72: 0 | AB72: 0 | AC72: 0 | AD72: 0 | AE72: 0 | AF72: 14 | AG72: 1 | AH72: 6 | AI72: 1 | AJ72: 0 | AK72: 4 | AL72: 0 | AM72: 9 | AN72: 9 | AO72: 0 | AP72: 2 | AQ72: 20
A73: 71 | B73: G107430111SS | C73: Y | D73: 대전 | E73: 동구 | F73: 특수학교 | G73: 대전혜광학교 | H73: 1G | J73: O | K73: 2 | L73: 1 | M73: 2 | N73: 7 | O73: 1 | P73: 0 | Q73: 9 | R73: 1 | S73: 0 | T73: 0 | U73: 0 | V73: 0 | W73: 0 | X73: 0 | Y73: 0 | Z73: 15 | AA73: 1 | AB73: 0 | AC73: 0 | AD73: 0 | AE73: 0 | AF73: 0 | AG73: 0 | AH73: 0 | AI73: 1 | AJ73: 0 | AK73: 7 | AL73: 0 | AM73: 0 | AN73: 57 | AO73: 0 | AP73: 5 | AQ73: 59
A74: 72 | B74: G107441104ES | C74: Y | D74: 대전 | E74: 동구 | F74: 초등학교 | G74: 대전흥룡초등학교 | H74: 1G | J74: O | K74: 2 | L74: 1 | M74: 1 | N74: 6 | O74: 1 | P74: 0 | Q74: 4 | R74: 3 | S74: 0 | T74: 0 | U74: 0 | V74: 0 | W74: 0 | X74: 0 | Y74: 0 | Z74: 9 | AA74: 3 | AB74: 0 | AC74: 0 | AD74: 0 | AE74: 0 | AF74: 0 | AG74: 0 | AH74: 0 | AI74: 1 | AJ74: 0 | AK74: 4 | AL74: 0 | AM74: 24 | AN74: 12 | AO74: 1 | AP74: 2 | AQ74: 37
A75: 73 | B75: G107441031MS | C75: Y | D75: 대전 | E75: 동구 | F75: 중학교 | G75: 동대전중학교 | H75: 1G | J75: X | K75: 2 | L75: 0 | M75: 0 | N75: 13 | O75: 1 | P75: 1 | Q75: 0 | R75: 1 | S75: 0 | T75: 0 | U75: 0 | V75: 0 | W75: 0 | X75: 0 | Y75: 0 | Z75: 12 | AA75: 1 | AB75: 3 | AC75: 0 | AD75: 0 | AE75: 0 | AF75: 0 | AG75: 0 | AH75: 0 | AI75: 1 | AJ75: 0 | AK75: 5 | AL75: 1 | AM75: 1 | AN75: 31 | AO75: 0 | AP75: 5 | AQ75: 33
A76: 74 | B76: G107441105ES | C76: Y | D76: 대전 | E76: 동구 | F76: 초등학교 | G76: 동대전초등학교 | H76: 1G | I76: 2.5G | J76: X | K76: 2 | L76: 2 | M76: 2 | N76: 9 | O76: 3 | P76: 0 | Q76: 6 | R76: 5 | S76: 0 | T76: 1 | U76: 1 | V76: 0 | W76: 1 | X76: 0 | Y76: 0 | Z76: 12 | AA76: 6 | AB76: 0 | AC76: 0 | AD76: 0 | AE76: 0 | AF76: 0 | AG76: 0 | AH76: 0 | AI76: 1 | AJ76: 0 | AK76: 11 | AL76: 0 | AM76: 29 | AN76: 30 | AO76: 1 | AP76: 9 | AQ76: 58
A77: 75 | B77: G107441106ES | C77: Y | D77: 대전 | E77: 동구 | F77: 초등학교 | G77: 동명초등학교 | H77: 1G | J77: X | K77: 2 | L77: 1 | M77: 1 | N77: 3 | O77: 2 | P77: 0 | Q77: 1 | R77: 0 | S77: 0 | T77: 1 | U77: 0 | V77: 0 | W77: 0 | X77: 0 | Y77: 0 | Z77: 2 | AA77: 1 | AB77: 0 | AC77: 0 | AD77: 0 | AE77: 0 | AF77: 0 | AG77: 0 | AH77: 0 | AI77: 1 | AJ77: 1 | AK77: 1 | AL77: 0 | AM77: 3 | AN77: 10 | AO77: 0 | AP77: 1 | AQ77: 14
A78: 76 | B78: G107441033MS | C78: Y | D78: 대전 | E78: 동구 | F78: 중학교 | G78: 동신중학교 | H78: 1G | J78: X | K78: 2 | L78: 1 | M78: 1 | N78: 7 | O78: 7 | P78: 0 | Q78: 9 | R78: 2 | S78: 0 | T78: 0 | U78: 0 | V78: 0 | W78: 0 | X78: 0 | Y78: 0 | Z78: 0 | AA78: 0 | AB78: 0 | AC78: 0 | AD78: 0 | AE78: 0 | AF78: 15 | AG78: 9 | AH78: 0 | AI78: 1 | AJ78: 0 | AK78: 4 | AL78: 0 | AM78: 0 | AN78: 29 | AO78: 0 | AP78: 3 | AQ78: 30
A79: 77 | B79: G107430256HS | C79: Y | D79: 대전 | E79: 동구 | F79: 고등학교 | G79: 동아마이스터고등학교 | H79: 1G | J79: X | K79: 2 | L79: 2 | M79: 2 | N79: 13 | O79: 8 | P79: 0 | Q79: 16 | R79: 13 | S79: 0 | T79: 1 | U79: 2 | V79: 0 | W79: 5 | X79: 2 | Y79: 0 | Z79: 22 | AA79: 16 | AB79: 0 | AC79: 0 | AD79: 0 | AE79: 0 | AF79: 0 | AG79: 0 | AH79: 0 | AI79: 1 | AJ79: 0 | AK79: 14 | AL79: 0 | AM79: 0 | AN79: 107 | AO79: 0 | AP79: 14 | AQ79: 107
A80: 78 | B80: G107430056HS | C80: Y | D80: 대전 | E80: 동구 | F80: 고등학교 | G80: 명석고등학교 | H80: 1G | I80: 2.5G | J80: X | K80: 2 | L80: 1 | M80: 1 | N80: 13 | O80: 2 | P80: 0 | Q80: 0 | R80: 3 | S80: 0 | T80: 0 | U80: 0 | V80: 0 | W80: 0 | X80: 0 | Y80: 0 | Z80: 13 | AA80: 4 | AB80: 0 | AC80: 0 | AD80: 0 | AE80: 0 | AF80: 0 | AG80: 0 | AH80: 0 | AI80: 1 | AJ80: 0 | AK80: 6 | AL80: 0 | AM80: 0 | AN80: 36 | AO80: 0 | AP80: 6 | AQ80: 36
A81: 79 | B81: G107430057HS | C81: Y | D81: 대전 | E81: 동구 | F81: 고등학교 | G81: 보문고등학교 | H81: 1G | I81: 2.5G | J81: O | K81: 2 | L81: 1 | M81: 1 | N81: 9 | O81: 3 | P81: 0 | Q81: 6 | R81: 1 | S81: 0 | T81: 0 | U81: 0 | V81: 0 | W81: 0 | X81: 0 | Y81: 0 | Z81: 14 | AA81: 3 | AB81: 0 | AC81: 0 | AD81: 0 | AE81: 0 | AF81: 0 | AG81: 0 | AH81: 0 | AI81: 1 | AJ81: 0 | AK81: 8 | AL81: 0 | AM81: 0 | AN81: 48 | AO81: 1 | AP81: 8 | AQ81: 48
A82: 80 | B82: G107441034MS | C82: Y | D82: 대전 | E82: 동구 | F82: 중학교 | G82: 보문중학교 | H82: 1G | J82: O | K82: 2 | L82: 2 | M82: 1 | N82: 6 | O82: 4 | P82: 0 | Q82: 3 | R82: 1 | S82: 0 | T82: 0 | U82: 0 | V82: 0 | W82: 0 | X82: 0 | Y82: 0 | Z82: 8 | AA82: 4 | AB82: 0 | AC82: 0 | AD82: 0 | AE82: 0 | AF82: 0 | AG82: 0 | AH82: 0 | AI82: 1 | AJ82: 0 | AK82: 4 | AL82: 0 | AM82: 0 | AN82: 21 | AO82: 0 | AP82: 3 | AQ82: 22
A83: 81 | B83: G107441107ES | C83: Y | D83: 대전 | E83: 동구 | F83: 초등학교 | G83: 산내초등학교 | H83: 1G | I83: 2.5G | J83: X | K83: 2 | L83: 2 | M83: 1 | N83: 8 | O83: 1 | P83: 0 | Q83: 3 | R83: 2 | S83: 0 | T83: 0 | U83: 0 | V83: 0 | W83: 0 | X83: 0 | Y83: 0 | Z83: 0 | AA83: 0 | AB83: 0 | AC83: 10 | AD83: 2 | AE83: 0 | AF83: 0 | AG83: 0 | AH83: 0 | AI83: 1 | AJ83: 1 | AK83: 3 | AL83: 0 | AM83: 17 | AN83: 22 | AO83: 1 | AP83: 2 | AQ83: 42
A84: 82 | B84: G107441109ES | C84: Y | D84: 대전 | E84: 동구 | F84: 초등학교 | G84: 산흥초등학교 | H84: 1G | J84: O | K84: 2 | L84: 0 | M84: 0 | N84: 4 | O84: 1 | P84: 1 | Q84: 1 | R84: 0 | S84: 0 | T84: 0 | U84: 0 | V84: 0 | W84: 0 | X84: 0 | Y84: 0 | Z84: 0 | AA84: 0 | AB84: 0 | AC84: 0 | AD84: 0 | AE84: 0 | AF84: 4 | AG84: 1 | AH84: 2 | AI84: 1 | AJ84: 0 | AK84: 2 | AL84: 0 | AM84: 0 | AN84: 13 | AO84: 1 | AP84: 1 | AQ84: 13
A85: 83 | B85: G107441112ES | C85: Y | D85: 대전 | E85: 동구 | F85: 초등학교 | G85: 세천초등학교 | H85: 1G | J85: X | K85: 2 | L85: 2 | M85: 1 | N85: 4 | O85: 1 | P85: 0 | Q85: 2 | R85: 2 | S85: 0 | T85: 0 | U85: 0 | V85: 0 | W85: 0 | X85: 0 | Y85: 0 | Z85: 0 | AA85: 0 | AB85: 0 | AC85: 0 | AD85: 0 | AE85: 0 | AF85: 5 | AG85: 2 | AH85: 0 | AI85: 1 | AJ85: 1 | AK85: 1 | AL85: 0 | AM85: 2 | AN85: 7 | AO85: 0 | AP85: 2 | AQ85: 9
A86: 84 | B86: G107430140HS | C86: Y | D86: 대전 | E86: 동구 | F86: 고등학교 | G86: 우송고등학교 | H86: 1G | I86: 2.5G | J86: X | K86: 2 | L86: 1 | M86: 1 | N86: 7 | O86: 7 | P86: 0 | Q86: 7 | R86: 1 | S86: 0 | T86: 0 | U86: 1 | V86: 0 | W86: 0 | X86: 0 | Y86: 0 | Z86: 0 | AA86: 1 | AB86: 0 | AC86: 0 | AD86: 0 | AE86: 0 | AF86: 13 | AG86: 5 | AH86: 0 | AI86: 1 | AJ86: 0 | AK86: 9 | AL86: 0 | AM86: 0 | AN86: 64 | AO86: 1 | AP86: 5 | AQ86: 67
A87: 85 | B87: G107441039MS | C87: Y | D87: 대전 | E87: 동구 | F87: 중학교 | G87: 우송중학교 | H87: 1G | J87: X | K87: 2 | L87: 2 | M87: 1 | N87: 13 | O87: 2 | P87: 0 | Q87: 6 | R87: 0 | S87: 0 | T87: 0 | U87: 0 | V87: 0 | W87: 0 | X87: 0 | Y87: 0 | Z87: 0 | AA87: 0 | AB87: 0 | AC87: 0 | AD87: 0 | AE87: 0 | AF87: 18 | AG87: 1 | AH87: 0 | AI87: 1 | AJ87: 0 | AK87: 4 | AL87: 0 | AM87: 0 | AN87: 22 | AO87: 0 | AP87: 4 | AQ87: 22
A88: 86 | B88: G107441043MS | C88: Y | D88: 대전 | E88: 동구 | F88: 중학교 | G88: 충남중학교 | H88: 1G | I88: 2.5G | J88: X | K88: 2 | L88: 3 | M88: 1 | N88: 7 | O88: 3 | P88: 0 | Q88: 13 | R88: 2 | S88: 0 | T88: 0 | U88: 0 | V88: 0 | W88: 0 | X88: 0 | Y88: 0 | Z88: 19 | AA88: 4 | AB88: 0 | AC88: 0 | AD88: 0 | AE88: 0 | AF88: 0 | AG88: 0 | AH88: 0 | AI88: 1 | AJ88: 1 | AK88: 8 | AL88: 0 | AM88: 12 | AN88: 35 | AO88: 0 | AP88: 8 | AQ88: 48
A89: 87 | B89: G107430341H2 | C89: N | D89: 대전 | E89: 동구 | F89: 고등학교 | G89: 학력인정 대전시립중고등학교 | H89: 1G | AJ89: 0 | AK89: 0 | AL89: 0
A90: 88 | B90: G107430342M2 | C90: N | D90: 대전 | E90: 동구 | F90: 중학교 | G90: 학력인정 대전시립중학교 | H90: 1G | AJ90: 0 | AK90: 0 | AL90: 0
A91: 89 | B91: G107441044MS | C91: Y | D91: 대전 | E91: 동구 | F91: 중학교 | G91: 한밭여자중학교 | H91: 1G | J91: X | K91: 2 | L91: 1 | M91: 1 | N91: 7 | O91: 6 | P91: 0 | Q91: 7 | R91: 0 | S91: 0 | T91: 0 | U91: 0 | V91: 0 | W91: 1 | X91: 1 | Y91: 0 | Z91: 3 | AA91: 3 | AB91: 0 | AC91: 0 | AD91: 0 | AE91: 0 | AF91: 9 | AG91: 1 | AH91: 0 | AI91: 1 | AJ91: 0 | AK91: 5 | AL91: 2 | AM91: 6 | AN91: 25 | AO91: 0 | AP91: 5 | AQ91: 33
A92: 90 | B92: G107441045MS | C92: Y | D92: 대전 | E92: 동구 | F92: 중학교 | G92: 한밭중학교 | H92: 1G | J92: X | K92: 2 | L92: 1 | M92: 1 | N92: 8 | O92: 4 | P92: 0 | Q92: 1 | R92: 0 | S92: 0 | T92: 0 | U92: 0 | V92: 0 | W92: 0 | X92: 0 | Y92: 0 | Z92: 8 | AA92: 1 | AB92: 0 | AC92: 0 | AD92: 2 | AE92: 0 | AF92: 0 | AG92: 0 | AH92: 0 | AI92: 1 | AJ92: 0 | AK92: 3 | AL92: 0 | AM92: 0 | AN92: 22 | AO92: 0 | AP92: 4 | AQ92: 22
A93: 91 | B93: G107451009MS | C93: Y | D93: 대전 | E93: 서구 | F93: 중학교 | G93: 가수원중학교 | H93: 1G | J93: X | K93: 2 | L93: 1 | M93: 1 | N93: 6 | O93: 3 | P93: 0 | Q93: 4 | R93: 0 | S93: 0 | T93: 0 | U93: 0 | V93: 0 | W93: 0 | X93: 0 | Y93: 0 | Z93: 0 | AA93: 0 | AB93: 0 | AC93: 9 | AD93: 2 | AE93: 0 | AF93: 0 | AG93: 0 | AH93: 0 | AI93: 1 | AJ93: 0 | AK93: 4 | AL93: 0 | AM93: 0 | AN93: 25 | AO93: 0 | AP93: 4 | AQ93: 25
A94: 92 | B94: G107451057ES | C94: Y | D94: 대전 | E94: 서구 | F94: 초등학교 | G94: 가수원초등학교 | H94: 1G | I94: 2.5G | J94: O | K94: 2 | L94: 1 | M94: 0 | N94: 7 | O94: 3 | P94: 1 | Q94: 4 | R94: 0 | S94: 0 | T94: 1 | U94: 0 | V94: 0 | W94: 0 | X94: 0 | Y94: 0 | Z94: 0 | AA94: 0 | AB94: 0 | AC94: 8 | AD94: 2 | AE94: 4 | AF94: 0 | AG94: 0 | AH94: 0 | AI94: 1 | AJ94: 0 | AK94: 6 | AL94: 0 | AM94: 16 | AN94: 23 | AO94: 1 | AP94: 4 | AQ94: 40
A95: 93 | B95: G107451010MS | C95: Y | D95: 대전 | E95: 서구 | F95: 중학교 | G95: 갈마중학교 | H95: 1G | J95: O | K95: 2 | L95: 0 | M95: 0 | N95: 13 | O95: 3 | P95: 1 | Q95: 0 | R95: 0 | S95: 0 | T95: 0 | U95: 0 | V95: 0 | W95: 0 | X95: 0 | Y95: 0 | Z95: 9 | AA95: 1 | AB95: 4 | AC95: 0 | AD95: 0 | AE95: 0 | AF95: 1 | AG95: 1 | AH95: 1 | AI95: 1 | AJ95: 0 | AK95: 5 | AL95: 0 | AM95: 0 | AN95: 22 | AO95: 0 | AP95: 5 | AQ95: 22
A96: 94 | B96: G107451011MS | C96: Y | D96: 대전 | E96: 서구 | F96: 중학교 | G96: 기성중학교 | H96: 1G | J96: X | K96: 2 | L96: 1 | M96: 1 | N96: 5 | O96: 3 | P96: 0 | Q96: 1 | R96: 2 | S96: 0 | T96: 0 | U96: 0 | V96: 0 | W96: 0 | X96: 0 | Y96: 0 | Z96: 0 | AA96: 0 | AB96: 0 | AC96: 5 | AD96: 4 | AE96: 0 | AF96: 0 | AG96: 0 | AH96: 0 | AI96: 1 | AJ96: 0 | AK96: 4 | AL96: 0 | AM96: 0 | AN96: 13 | AO96: 0 | AP96: 3 | AQ96: 14
A97: 95 | B97: G107451060ES | C97: Y | D97: 대전 | E97: 서구 | F97: 초등학교 | G97: 기성초등학교 | H97: 1G | J97: X | K97: 2 | L97: 1 | M97: 1 | N97: 7 | O97: 1 | P97: 0 | Q97: 0 | R97: 1 | S97: 0 | T97: 0 | U97: 0 | V97: 0 | W97: 1 | X97: 0 | Y97: 0 | Z97: 0 | AA97: 0 | AB97: 0 | AC97: 5 | AD97: 1 | AE97: 0 | AF97: 0 | AG97: 0 | AH97: 0 | AI97: 1 | AJ97: 1 | AK97: 6 | AL97: 0 | AM97: 4 | AN97: 10 | AO97: 0 | AP97: 5 | AQ97: 17
A98: 96 | B98: G107451061ES | C98: Y | D98: 대전 | E98: 서구 | F98: 초등학교 | G98: 기성초등학교길헌분교장 | H98: 1G | J98: X | K98: 2 | L98: 1 | M98: 1 | N98: 5 | O98: 1 | P98: 0 | Q98: 0 | R98: 1 | S98: 0 | T98: 0 | U98: 0 | V98: 0 | W98: 0 | X98: 0 | Y98: 0 | Z98: 0 | AA98: 0 | AB98: 0 | AC98: 4 | AD98: 1 | AE98: 0 | AF98: 0 | AG98: 0 | AH98: 0 | AI98: 1 | AJ98: 1 | AK98: 3 | AL98: 0 | AM98: 2 | AN98: 6 | AO98: 0 | AP98: 2 | AQ98: 10
A99: 97 | B99: G107430281SS | C99: Y | D99: 대전 | E99: 서구 | F99: 특수학교 | G99: 대전가원학교 | H99: 1G | J99: O | K99: 2 | L99: 1 | M99: 2 | N99: 8 | O99: 1 | P99: 0 | Q99: 5 | R99: 3 | S99: 0 | T99: 2 | U99: 1 | V99: 0 | W99: 0 | X99: 0 | Y99: 0 | Z99: 0 | AA99: 0 | AB99: 0 | AC99: 0 | AD99: 0 | AE99: 0 | AF99: 10 | AG99: 2 | AH99: 0 | AI99: 1 | AJ99: 0 | AK99: 10 | AL99: 0 | AM99: 0 | AN99: 70 | AO99: 0 | AP99: 5 | AQ99: 75
A100: 98 | B100: G107451065ES | C100: Y | D100: 대전 | E100: 서구 | F100: 초등학교 | G100: 대전가장초등학교 | H100: 1G | I100: 2.5G | J100: X | K100: 2 | L100: 0 | M100: 1 | N100: 11 | O100: 2 | P100: 1 | Q100: 1 | R100: 2 | S100: 0 | T100: 1 | U100: 0 | V100: 0 | W100: 1 | X100: 0 | Y100: 0 | Z100: 0 | AA100: 0 | AB100: 0 | AC100: 8 | AD100: 3 | AE100: 4 | AF100: 0 | AG100: 0 | AH100: 0 | AI100: 1 | AJ100: 1 | AK100: 7 | AL100: 0 | AM100: 18 | AN100: 38 | AO100: 0 | AP100: 5 | AQ100: 59
...

Sheet 0.학교(충남+대전)
D1: 대상학교수 | AR1: SWIMS연동 AP 수량
E2: Y/N | AE2: 411 진단Data 작업 | AI2: 자산구성파일 개수 | AR2: 제조사 | AS2: H1Radio | AU2: MERCURY | AV2: 가온브로드밴드 | AX2: 다보링크 | BA2: 엘텍 | BB2: 다산네트웍스
B3: 기존 순서 | C3: 학교코드 | D3: 정보공시코드 | E3: 발행 | F3: 교육청 | G3: 지역 | H3: 학교유형 | I3: 학교명 | J3: 주소 | K3: 설립연도 | L3: 담당 선생님 이름 | M3: 담당 선생님 업무 | N3: 설문 담당자 이름 | O3: 직통 연락처 | P3: 이메일 | Q3: 건물수 | R3: 교실수 (특수) | S3: 교무 (연구)/ 행정실수 | T3: 학급수 (특수) | U3: 교직원수 | V3: 학생수 | W3: 컴퓨터실 수 | X3: 망분리 여부 | Y3: 스쿨넷 회선속도 | Z3: 스쿨넷 회선속도 | AA3: 무선망 전용 회선속도 | AB3: 10G 청약 여부 | AC3: SWIMS 연동 AP 수량 | AD3: 학교 자체 AP 수량 | AE3: 교육청AP수량 | AF3: 자체 AP 수량 | AG3: 교육청 PoE 수량 | AH3: 자체 PoE 수량 | AI3: AP 가상자산 | AJ3: PoE 가상자산 | AK3: 보안장비 가상자산 | AL3: Switch 가상자산 | AO3: 특성 | AP3: 학교 특이사항 | AQ3: 일괄업로드 특이사항 | AR3: 모델명 / 합계 | AS3: AR-WF6E-2564I | AT3: H1-A7114N | AU3: MCAP-704SM | AV3: EAP2244 | AW3: EAP2245 | AX3: DVW604 | AY3: DVW624 | AZ3: DVW704 | BA3: H834AX-P | BB3: W340 | BC3: 분류1 | BD3: 분류2 | BE3: 분류3
B4: 94 | C4: N108140237HS | D4: S120002546 | E4: Y | F4: 충남 | G4: 계룡 | H4: 고등학교 | I4: 계룡고등학교 | J4: 충남 계룡시 두마면 서금암로 89 | K4: 38833 | L4: 김대성 | M4: 정보 | N4: 김대성 | O4: 042-840-5314 | P4: kimds0316@naver.com | Q4: 2 | R4: 27(6) | S4: 9 | T4: 22(1) | U4: 57 | V4: 578(8) | W4: 1 | Y4: 1G | Z4: 1G | AB4: X | AC4: 39 | AD4: =AF4 -> 0 | AE4: 39 | AF4: 0 | AG4: 8 | AH4: 0 | AI4: 39 | AJ4: 8 | AK4: 2 | AL4: 25 | AR4: =SUM(AS4:BB4) -> 39 | AS4: 0 | AT4: 0 | AU4: 0 | AV4: 4 | AW4: 2 | AX4: 24 | AY4: 0 | AZ4: 0 | BA4: 0 | BB4: 9 | BC4: 집선스위치>>스쿨넷회선 구간 측정
B5: 530 | C5: N108222124ES | D5: S120002976 | E5: N | F5: 충남 | G5: 계룡 | H5: 초등학교 | I5: 계룡대실초등학교 | J5: 충남 계룡시 두마면 대실남북로 113 | K5: 45717 | L5: 조창희 | M5: 정보 | N5: 조창희 | O5: 042-710-4701 | P5: gomtingjo@naver.com | Q5: 2 | R5: 38(7) | S5: 11 | T5: 22(1) | U5: 32 | V5: 441(4) | W5: 1 | Y5: 1G | Z5: 1G | AB5: X | AC5: 73 | AD5: =AF5 -> 0 | AE5: 0 | AF5: 0 | AG5: 0 | AH5: 0 | AI5: 0 | AJ5: 0 | AK5: 0 | AL5: 0 | AO5: 1 | AP5: 진단업무제외/신설학교 | AQ5: 1 | AR5: =SUM(AS5:BB5) -> 73 | AS5: 0 | AT5: 0 | AU5: 0 | AV5: 0 | AW5: 73 | AX5: 0 | AY5: 0 | AZ5: 0 | BA5: 0 | BB5: 0
B6: 529 | C6: N108222119MS | D6: S120002545 | E6: Y | F6: 충남 | G6: 계룡 | H6: 중학교 | I6: 계룡중학교 | J6: 충남 계룡시 서금암 5길 17 | K6: 38777 | L6: 양현원 | M6: 정보 | Q6: 2 | R6: 34(6) | S6: 15 | T6: 28(2) | U6: 59 | V6: 659(8) | W6: 1 | Y6: 60M | Z6: 60M | AA6: 2.5G | AB6: O | AC6: 34 | AD6: =AF6 -> 0 | AE6: 30 | AF6: 0 | AG6: 6 | AH6: 0 | AI6: 30 | AJ6: 6 | AK6: 3 | AL6: 19 | AR6: =SUM(AS6:BB6) -> 34 | AS6: 0 | AT6: 0 | AU6: 0 | AV6: 0 | AW6: 1 | AX6: 29 | AY6: 3 | AZ6: 0 | BA6: 0 | BB6: 1 | BC6: 집선스위치>>무선인터넷회선 구간 측정
B7: 527 | C7: N108222061ES | E7: Y | F7: 충남 | G7: 계룡 | H7: 초등학교 | I7: 금암초등학교 | J7: 충남 계룡시 장안로 104 | K7: 38777 | L7: 문숙 | M7: 정보 | N7: 문숙 | O7: 042-841-0872 | P7: swani3@hanmail.net | Q7: 10 | R7: 22(3) | S7: 7 | T7: 18(1) | U7: 49 | V7: 365(10) | W7: 1 | Y7: 1G | Z7: 1G | AA7: 2.5G | AB7: O | AC7: 29 | AD7: =AF7 -> 0 | AE7: 25 | AF7: 0 | AG7: 6 | AH7: 0 | AI7: 25 | AJ7: 6 | AK7: 3 | AL7: 24 | AR7: =SUM(AS7:BB7) -> 29 | AS7: 0 | AT7: 4 | AU7: 0 | AV7: 0 | AW7: 4 | AX7: 2 | AY7: 15 | AZ7: 0 | BA7: 0 | BB7: 4 | BC7: 집선스위치>>무선인터넷회선 구간 측정
B8: 507 | C8: N108222036ES | D8: S120000459 | E8: Y | F8: 충남 | G8: 계룡 | H8: 초등학교 | I8: 두마초등학교 | J8: 충남 계룡시 두마면 팥거리로 160 | K8: 8553 | N8: 유보현 | O8: 010-3813-3682 | P8: topfgfl@naver.com | Q8: 8 | R8: 28(5) | S8: 6 | T8: 19(2) | U8: 31 | V8: 331(8) | W8: 1 | Y8: 1G | Z8: 1G | AA8: 2.5G | AB8: O | AC8: 33 | AD8: =AF8 -> 0 | AE8: 33 | AF8: 0 | AG8: 7 | AH8: 0 | AI8: 33 | AJ8: 7 | AK8: 3 | AL8: 17 | AR8: =SUM(AS8:BB8) -> 33 | AS8: 0 | AT8: 0 | AU8: 0 | AV8: 0 | AW8: 0 | AX8: 23 | AY8: 1 | AZ8: 0 | BA8: 0 | BB8: 9 | BC8: 집선스위치>>무선인터넷회선 구간 측정
B9: 492 | C9: N108222019ES | D9: S120002529 | E9: Y | F9: 충남 | G9: 계룡 | H9: 초등학교 | I9: 신도초등학교 | J9: 충남 계룡시 엄사면 번영3길 82 | K9: 38412 | L9: 최수현 | M9: 정보 | N9: 최수현 | O9: 042-841-9860 | P9: dhw1105@korea.kr | Q9: 3 | R9: 31(6) | S9: 11 | T9: 18(3) | U9: 28 | V9: 320(13) | W9: 1 | Y9: 60M | Z9: 60M | AA9: 2.5G | AB9: O | AC9: 29 | AD9: =AF9 -> 0 | AE9: 26 | AF9: 0 | AG9: 9 | AH9: 0 | AI9: 26 | AJ9: 9 | AK9: 3 | AL9: 14 | AR9: =SUM(AS9:BB9) -> 29 | AS9: 0 | AT9: 0 | AU9: 0 | AV9: 3 | AW9: 1 | AX9: 11 | AY9: 3 | AZ9: 0 | BA9: 0 | BB9: 11 | BC9: 집선스위치>>무선인터넷회선 구간 측정
B10: 490 | C10: N108222017MS | D10: S120000434 | E10: Y | F10: 충남 | G10: 계룡 | H10: 중학교 | I10: 엄사중학교 | J10: 충남 계룡시 엄사면 번영11길3 | K10: 36586 | N10: 김경애 | O10: 042-841-9676 | Q10: 2 | R10: 26(5) | S10: 17 | T10: 20(1) | U10: 49 | V10: 511(6) | W10: 1 | Y10: 1G | Z10: 1G | AA10: 2.5G | AB10: O | AC10: 41 | AD10: =AF10 -> 0 | AE10: 38 | AF10: 0 | AG10: 8 | AH10: 0 | AI10: 38 | AJ10: 8 | AK10: 3 | AL10: 15 | AR10: =SUM(AS10:BB10) -> 41 | AS10: 0 | AT10: 0 | AU10: 0 | AV10: 0 | AW10: 1 | AX10: 32 | AY10: 3 | AZ10: 0 | BA10: 0 | BB10: 5 | BC10: 집선스위치>>무선인터넷회선 구간 측정
B11: 516 | C11: N108222046ES | D11: S120000479 | E11: Y | F11: 충남 | G11: 계룡 | H11: 초등학교 | I11: 엄사초등학교 | J11: 충남 계룡시 엄사면 번영3길 30 | K11: 34947 | N11: 조석근 | O11: 042 841 4497 | P11: xkskxhshxm57@naver.com | Q11: 4 | R11: 22(5) | S11: 11 | T11: 17(1) | U11: 25 | V11: 301(4) | W11: 1 | Y11: 1G | Z11: 1G | AB11: X | AC11: 30 | AD11: =AF11 -> 0 | AE11: 30 | AF11: 0 | AG11: 10 | AH11: 0 | AI11: 30 | AJ11: 10 | AK11: 2 | AL11: 12 | AR11: =SUM(AS11:BB11) -> 30 | AS11: 0 | AT11: 0 | AU11: 0 | AV11: 0 | AW11: 0 | AX11: 25 | AY11: 1 | AZ11: 0 | BA11: 0 | BB11: 4 | BC11: 집선스위치>>스쿨넷회선 구간 측정
B12: 28 | C12: N108140063HS | D12: S120000218 | E12: Y | F12: 충남 | G12: 계룡 | H12: 고등학교 | I12: 용남고등학교 | J12: 충남 계룡시 신도안면 신도안1길 32 | K12: 33306 | L12: 정일영 | M12: 정보 | N12: 정일영 | O12: 042-717-2160 | Q12: 4 | R12: 40(9) | S12: 18 | T12: 31(1) | U12: 76 | V12: 817(6) | W12: 1 | Y12: 1G | Z12: 1G | AA12: 2.5G | AB12: O | AC12: 54 | AD12: =AF12 -> 0 | AE12: 54 | AF12: 0 | AG12: 6 | AH12: 0 | AI12: 54 | AJ12: 6 | AK12: 3 | AL12: 15 | AR12: =SUM(AS12:BB12) -> 54 | AS12: 0 | AT12: 0 | AU12: 0 | AV12: 4 | AW12: 4 | AX12: 46 | AY12: 0 | AZ12: 0 | BA12: 0 | BB12: 0 | BC12: 집선스위치>>무선인터넷회선 구간 측정
B13: 486 | C13: N108222012MS | D13: S120000439 | E13: Y | F13: 충남 | G13: 계룡 | H13: 중학교 | I13: 용남중학교 | J13: 충남 계룡시 신도안면 신도안2길 66 | K13: 32752 | L13: 이정재 | M13: 정보 | N13: 이정재 | O13: 042-551-1501 | P13: pisicc00@ai.cne.go.kr | Q13: 4 | R13: 29(4) | S13: 13 | T13: 23(1) | U13: 55 | V13: 605(3) | W13: 1 | Y13: 1G | Z13: 1G | AA13: 2.5G | AB13: O | AC13: 35 | AD13: =AF13 -> 0 | AE13: 32 | AF13: 0 | AG13: 7 | AH13: 0 | AI13: 32 | AJ13: 7 | AK13: 3 | AL13: 13 | AR13: =SUM(AS13:BB13) -> 35 | AS13: 0 | AT13: 0 | AU13: 0 | AV13: 0 | AW13: 1 | AX13: 0 | AY13: 3 | AZ13: 0 | BA13: 0 | BB13: 31 | BC13: 집선스위치>>무선인터넷회선 구간 측정
B14: 521 | C14: N108222051ES | E14: Y | F14: 충남 | G14: 계룡 | H14: 초등학교 | I14: 용남초등학교 | J14: 충남 계룡시 신도안면 신도안1길 88 | K14: 32758 | N14: 김수진 | O14: 042-551-1504 | P14: tnwls284566@naver.com | Q14: 4 | R14: 48(5) | S14: 5 | T14: 39(1) | U14: 83 | V14: 906(4) | W14: 2 | Y14: 1G | Z14: 1G | AA14: 2.5G | AB14: O | AC14: 51 | AD14: =AF14 -> 0 | AE14: 44 | AF14: 0 | AG14: 6 | AH14: 0 | AI14: 44 | AJ14: 6 | AK14: 3 | AL14: 19 | AR14: =SUM(AS14:BB14) -> 51 | AS14: 0 | AT14: 2 | AU14: 0 | AV14: 0 | AW14: 3 | AX14: 41 | AY14: 4 | AZ14: 0 | BA14: 0 | BB14: 1 | BC14: 집선스위치>>무선인터넷회선 구간 측정
B15: 258 | C15: N108161016MS | D15: S120000277 | E15: Y | F15: 충남 | G15: 공주 | H15: 중학교 | I15: 경천중학교 | J15: 충남 공주시 계룡면 어사길2 | K15: 25490 | L15: 조은아 | M15: 정보 | N15: 조은아 | O15: 041-852-4043 | P15: jea168@naver.com | Q15: 2 | R15: 8(5) | S15: 3 | T15: 3(0) | U15: 9 | V15: 32(0) | W15: 1 | Y15: 60M | Z15: 60M | AB15: X | AC15: 8 | AD15: =AF15 -> 0 | AE15: 9 | AF15: 0 | AG15: 4 | AH15: 0 | AI15: 9 | AJ15: 4 | AK15: 2 | AL15: 16 | AQ15: 0 | AR15: =SUM(AS15:BB15) -> 8 | AS15: 0 | AT15: 2 | AU15: 0 | AV15: 0 | AW15: 0 | AX15: 4 | AY15: 2 | AZ15: 0 | BA15: 0 | BB15: 0 | BC15: 집선스위치>>스쿨넷회선 구간 측정
B16: 262 | C16: N108161021ES | D16: S120000293 | E16: Y | F16: 충남 | G16: 공주 | H16: 초등학교 | I16: 경천초등학교 | J16: 충남 공주시 계룡면 신원사로112 | K16: 16577 | L16: 김채원 | M16: 정보 | N16: 김채원 | O16: 010-6402-3568 | P16: 1234567na@naver.com | Q16: 2 | R16: 9(3) | S16: 5 | T16: 6(0) | U16: 11 | V16: 14(0) | Y16: 60M | Z16: 60M | AB16: X | AC16: 12 | AD16: =AF16 -> 0 | AE16: 6 | AF16: 0 | AG16: 1 | AH16: 0 | AI16: 8 | AJ16: 2 | AK16: 2 | AL16: 26 | AQ16: 0 | AR16: =SUM(AS16:BB16) -> 12 | AS16: 0 | AT16: 0 | AU16: 0 | AV16: 0 | AW16: 0 | AX16: 0 | AY16: 8 | AZ16: 0 | BA16: 0 | BB16: 4 | BC16: 집선스위치>>스쿨넷회선 구간 측정
B17: 263 | C17: N108161022ES | D17: S120000294 | E17: Y | F17: 충남 | G17: 공주 | H17: 초등학교 | I17: 계룡초등학교 | J17: 충남 공주시 계룡면 영규대사로 459 | K17: 7108 | N17: 노유림 | O17: 041-857-5023 | P17: dbfla802@naver.com | Q17: 3 | R17: 11(5) | S17: 6 | T17: 6(0) | U17: 18 | V17: 40(0) | W17: 2 | Y17: 60M | Z17: 60M | AB17: X | AC17: 10 | AD17: =AF17 -> 0 | AE17: 10 | AF17: 0 | AG17: 4 | AH17: 0 | AI17: 11 | AJ17: 4 | AK17: 2 | AL17: 19 | AQ17: 0 | AR17: =SUM(AS17:BB17) -> 10 | AS17: 0 | AT17: 0 | AU17: 0 | AV17: 0 | AW17: 0 | AX17: 8 | AY17: 1 | AZ17: 0 | BA17: 0 | BB17: 1 | BC17: 집선스위치>>스쿨넷회선 구간 측정
B18: 4 | C18: N108140036HS | D18: S120000131 | E18: Y | F18: 충남 | G18: 공주 | H18: 고등학교 | I18: 공주고등학교 | J18: 충남 공주시 공주고담길 2 | K18: 8167 | N18: 팽주현 | O18: 041-855-1705 | P18: phlox898@gmail.com | Q18: 7 | R18: 41(14) | S18: 22 | T18: 25(1) | U18: 65 | V18: 491(4) | W18: 1 | Y18: 1G | Z18: 1G | AB18: X | AC18: 53 | AD18: =AF18 -> 0 | AE18: 41 | AF18: 0 | AG18: 7 | AH18: 0 | AI18: 41 | AJ18: 7 | AK18: 2 | AL18: 29 | AQ18: 0 | AR18: =SUM(AS18:BB18) -> 53 | AS18: 0 | AT18: 0 | AU18: 0 | AV18: 1 | AW18: 0 | AX18: 30 | AY18: 9 | AZ18: 0 | BA18: 0 | BB18: 13 | BC18: 집선스위치>>스쿨넷회선 구간 측정
B19: 264 | C19: N108161023ES | D19: S120000295 | E19: Y | F19: 충남 | G19: 공주 | H19: 초등학교 | I19: 공주교동초등학교 | J19: 충남 공주시 용당길 69-6 | K19: 24523 | L19: 윤송원 | M19: 정보 | N19: 윤송원 | O19: 010-8651-2480 | P19: hobbang305@naver.com | Q19: 2 | R19: 10(1) | S19: 6 | T19: 8(1) | U19: 15 | V19: 120(5) | W19: 1 | Y19: 1G | Z19: 1G | AB19: X | AC19: 31 | AD19: =AF19 -> 0 | AE19: 25 | AF19: 0 | AG19: 8 | AH19: 0 | AI19: 25 | AJ19: 8 | AK19: 2 | AL19: 14 | AQ19: 0 | AR19: =SUM(AS19:BB19) -> 31 | AS19: 0 | AT19: 9 | AU19: 0 | AV19: 0 | AW19: 0 | AX19: 21 | AY19: 1 | AZ19: 0 | BA19: 0 | BB19: 0 | BC19: 집선스위치>>스쿨넷회선 구간 측정
B20: 1 | C20: N107004442ES | D20: S000003499 | E20: Y | F20: 충남 | G20: 공주 | H20: 초등학교 | I20: 공주교육대학교부설초등학교 | J20: 충남 공주시 하선길 47 | K20: 13993 | Q20: 4 | R20: 36(11) | S20: 7 | T20: 25(1) | U20: 33 | V20: 469(6) | Y20: 1G | Z20: 1G | AB20: X | AC20: 0 | AD20: =AF20 -> 69 | AE20: 0 | AF20: 69 | AG20: 0 | AH20: 7 | AI20: 69 | AJ20: 7 | AK20: 2 | AL20: 16 | AQ20: 0 | AR20: =SUM(AS20:BB20) -> 0 | AS20: 0 | AT20: 0 | AU20: 0 | AV20: 0 | AW20: 0 | AX20: 0 | AY20: 0 | AZ20: 0 | BA20: 0 | BB20: 0 | BC20: 집선스위치>>스쿨넷회선 구간 측정
B21: 38 | C21: N108140080HS | D21: S120000133 | E21: Y | F21: 충남 | G21: 공주 | H21: 고등학교 | I21: 공주금성여자고등학교 | J21: 충남 공주시 무령로 103 | K21: 29285 | L21: 김동규 | M21: 정보 | N21: 김동규 | O21: 041-8546811 | P21: dongkyu7530@naver.com | Q21: 5 | R21: 31(10) | S21: 27 | T21: 21(0) | U21: 44 | V21: 390(0) | W21: 1 | Y21: 1G | Z21: 1G | AB21: X | AC21: 36 | AD21: =AF21 -> 0 | AE21: 35 | AF21: 0 | AG21: 11 | AH21: 0 | AI21: 35 | AJ21: 11 | AK21: 2 | AL21: 23 | AQ21: 0 | AR21: =SUM(AS21:BB21) -> 36 | AS21: 0 | AT21: 0 | AU21: 0 | AV21: 0 | AW21: 0 | AX21: 27 | AY21: 0 | AZ21: 0 | BA21: 0 | BB21: 9 | BC21: 집선스위치>>스쿨넷회선 구간 측정
B22: 265 | C22: N108161024ES | D22: S120000296 | E22: Y | F22: 충남 | G22: 공주 | H22: 초등학교 | I22: 공주금학초등학교 | J22: 충남 공주시 공주고담길 19 | K22: 14758 | Q22: 3 | R22: 9(2) | S22: 8 | T22: 7(1) | U22: 12 | V22: 47(4) | W22: 1 | Y22: 60M | Z22: 60M | AB22: X | AC22: 13 | AD22: =AF22 -> 0 | AE22: 13 | AF22: 0 | AG22: 4 | AH22: 0 | AI22: 15 | AJ22: 4 | AK22: 2 | AL22: 9 | AQ22: 0 | AR22: =SUM(AS22:BB22) -> 13 | AS22: 0 | AT22: 0 | AU22: 0 | AV22: 0 | AW22: 0 | AX22: 6 | AY22: 0 | AZ22: 0 | BA22: 0 | BB22: 7 | BC22: 집선스위치>>스쿨넷회선 구간 측정
B23: 112 | C23: N108140347HS | D23: S120000132 | E23: Y | F23: 충남 | G23: 공주 | H23: 고등학교 | I23: 공주마이스터고등학교 | J23: 충남 공주시 유구읍 중앙1길 27-12 | K23: 26372 | L23: 박진수 | M23: 정보 | N23: 박진수 | O23: 041-840-1441 | P23: pjs8674@naver.com | Q23: 5 | R23: 35(22) | S23: 12 | T23: 13(1) | U23: 38 | V23: 190(2) | Y23: 1G | Z23: 1G | AB23: X | AC23: 42 | AD23: =AF23 -> 0 | AE23: 37 | AF23: 0 | AG23: 12 | AH23: 0 | AI23: 37 | AJ23: 12 | AK23: 2 | AL23: 71 | AQ23: 0 | AR23: =SUM(AS23:BB23) -> 42 | AS23: 0 | AT23: 0 | AU23: 0 | AV23: 3 | AW23: 0 | AX23: 17 | AY23: 8 | AZ23: 0 | BA23: 0 | BB23: 14 | BC23: 집선스위치>>스쿨넷회선 구간 측정
B24: 266 | C24: N108161025ES | D24: S120000297 | E24: Y | F24: 충남 | G24: 공주 | H24: 초등학교 | I24: 공주봉황초등학교 | J24: 충남 공주시 오거리길5 | K24: 16735 | L24: 황순기 | M24: 정보 | N24: 황순기 | O24: 041-854-2203 | P24: skee0079@naver.com | Q24: 3 | R24: 12(5) | S24: 6 | T24: 7(1) | U24: 12 | V24: 73(4) | W24: 1 | Y24: 60M | Z24: 60M | AB24: X | AC24: 10 | AD24: =AF24 -> 0 | AE24: 10 | AF24: 0 | AG24: 3 | AH24: 0 | AI24: 10 | AJ24: 3 | AK24: 2 | AL24: 9 | AQ24: 0 | AR24: =SUM(AS24:BB24) -> 10 | AS24: 0 | AT24: 0 | AU24: 0 | AV24: 0 | AW24: 0 | AX24: 2 | AY24: 7 | AZ24: 0 | BA24: 0 | BB24: 1 | BC24: 집선스위치>>스쿨넷회선 구간 측정
B25: 259 | C25: N108161017MS | D25: S120000278 | E25: Y | F25: 충남 | G25: 공주 | H25: 중학교 | I25: 공주북중학교 | J25: 충남 공주시 제민천1길 113 | K25: 24819 | N25: 강용석 | O25: 041-854-3962 | P25: artman7@hanmail.net | Q25: 3 | R25: 12(3) | S25: 7 | T25: 9(0) | U25: 19 | V25: 214(0) | W25: 1 | Y25: 1G | Z25: 1G | AB25: X | AC25: 16 | AD25: =AF25 -> 0 | AE25: 16 | AF25: 0 | AG25: 5 | AH25: 0 | AI25: 16 | AJ25: 5 | AK25: 2 | AL25: 11 | AQ25: 0 | AR25: =SUM(AS25:BB25) -> 16 | AS25: 0 | AT25: 12 | AU25: 0 | AV25: 0 | AW25: 0 | AX25: 0 | AY25: 4 | AZ25: 0 | BA25: 0 | BB25: 0 | BC25: 집선스위치>>스쿨넷회선 구간 측정
B26: 95 | C26: N108140238HS | D26: S120000134 | E26: Y | F26: 충남 | G26: 공주 | H26: 고등학교 | I26: 공주생명과학고등학교 | J26: 충남 공주시 금벽로 317 | K26: 12126 | L26: 송민주 | M26: 정보 | N26: 송민주 | O26: 041-858-3500(3503~6) | P26: belle0037@naver.com | Q26: 18 | R26: 56(25) | S26: 9 | T26: 18(3) | U26: 45 | V26: 259(18) | W26: 2 | Y26: 1G | Z26: 1G | AB26: X | AC26: 55 | AD26: =AF26 -> 0 | AE26: 53 | AF26: 0 | AG26: 20 | AH26: 0 | AI26: 53 | AJ26: 20 | AK26: 2 | AL26: 40 | AQ26: 0 | AR26: =SUM(AS26:BB26) -> 55 | AS26: 0 | AT26: 0 | AU26: 0 | AV26: 1 | AW26: 0 | AX26: 54 | AY26: 0 | AZ26: 0 | BA26: 0 | BB26: 0 | BC26: 집선스위치>>스쿨넷회선 구간 측정
B27: 261 | C27: N108161020ES | D27: S120000298 | E27: Y | F27: 충남 | G27: 공주 | H27: 초등학교 | I27: 공주신월초등학교 | J27: 충남 공주시 번영1로 193 | K27: 37408 | N27: 신문수 | O27: 0418815013 | P27: tlstnans@cne.go.kr | Q27: 3 | R27: 52(8) | S27: 3 | T27: 45(2) | U27: 72 | V27: 1075(10) | W27: 2 | Y27: 1G | Z27: 1G | AA27: 2.5G | AB27: O | AC27: 59 | AD27: =AF27 -> 0 | AE27: 59 | AF27: 0 | AG27: 10 | AH27: 0 | AI27: 59 | AJ27: 10 | AK27: 3 | AL27: 38 | AQ27: 0 | AR27: =SUM(AS27:BB27) -> 59 | AS27: 0 | AT27: 0 | AU27: 0 | AV27: 0 | AW27: 0 | AX27: 46 | AY27: 5 | AZ27: 0 | BA27: 0 | BB27: 8 | BC27: 집선스위치>>무선인터넷회선 구간 측정
B28: 5 | C28: N108140037HS | D28: S120000135 | E28: Y | F28: 충남 | G28: 공주 | H28: 고등학교 | I28: 공주여자고등학교 | J28: 충남 공주시 공주여고길 14-1 | K28: 10349 | Q28: 5 | R28: 40(18) | S28: 13 | T28: 22(1) | U28: 56 | V28: 407(5) | W28: 1 | Y28: 1G | Z28: 1G | AB28: X | AC28: 35 | AD28: =AF28 -> 0 | AE28: 35 | AF28: 0 | AG28: 11 | AH28: 0 | AI28: 35 | AJ28: 11 | AK28: 2 | AL28: 24 | AQ28: 0 | AR28: =SUM(AS28:BB28) -> 35 | AS28: 0 | AT28: 0 | AU28: 0 | AV28: 0 | AW28: 0 | AX28: 28 | AY28: 2 | AZ28: 0 | BA28: 0 | BB28: 5 | BC28: 집선스위치>>스쿨넷회선 구간 측정
B29: 248 | C29: N108161005MS | D29: S120000279 | E29: Y | F29: 충남 | G29: 공주 | H29: 중학교 | I29: 공주여자중학교 | J29: 충남 공주시 용당길 54 | K29: 10349 | L29: 민선주 | M29: 정보 | N29: 민선주 | O29: 041-851-1001 | P29: miracle@ai.cne.go.kr | Q29: 3 | R29: 28(10) | S29: 13 | T29: 22(1) | U29: 51 | V29: 549(3) | W29: 1 | Y29: 1G | Z29: 1G | AA29: 2.5G | AB29: O | AC29: 35 | AD29: =AF29 -> 0 | AE29: 35 | AF29: 0 | AG29: 6 | AH29: 0 | AI29: 35 | AJ29: 6 | AK29: 3 | AL29: 26 | AQ29: 0 | AR29: =SUM(AS29:BB29) -> 35 | AS29: 0 | AT29: 0 | AU29: 0 | AV29: 0 | AW29: 0 | AX29: 22 | AY29: 4 | AZ29: 0 | BA29: 0 | BB29: 9 | BC29: 집선스위치>>무선인터넷회선 구간 측정
B30: 39 | C30: N108140082HS | D30: S120000137 | E30: Y | F30: 충남 | G30: 공주 | H30: 고등학교 | I30: 공주영명고등학교 | J30: 충남 공주시 중동 영명학당2길 33 | K30: 2480 | L30: 홍록기 | M30: 정보 | N30: 홍록기 | O30: 041-854-3382 | P30: lokki@hanmail.net | Q30: 5 | R30: 37(13) | S30: 12 | T30: 18(0) | U30: 41 | V30: 347(0) | W30: 1 | Y30: 1G | Z30: 1G | AB30: X | AC30: 34 | AD30: =AF30 -> 0 | AE30: 33 | AF30: 0 | AG30: 7 | AH30: 0 | AI30: 33 | AJ30: 7 | AK30: 2 | AL30: 18 | AQ30: 0 | AR30: =SUM(AS30:BB30) -> 34 | AS30: 0 | AT30: 0 | AU30: 0 | AV30: 2 | AW30: 0 | AX30: 28 | AY30: 0 | AZ30: 0 | BA30: 0 | BB30: 4 | BC30: 집선스위치>>스쿨넷회선 구간 측정
B31: 260 | C31: N108161019MS | D31: S120000280 | E31: Y | F31: 충남 | G31: 공주 | H31: 중학교 | I31: 공주영명중학교 | J31: 충남 공주시 영명학당2길 33 | K31: 2480 | L31: 김은호 | M31: 정보 | N31: 김은호 | O31: 041-858-0325 | P31: nsarang95@naver.com | Q31: 4 | R31: 12(6) | S31: 6 | T31: 6(0) | U31: 16 | V31: 132(0) | W31: 1 | Y31: 80M | Z31: 80M | AB31: X | AC31: 15 | AD31: =AF31 -> 0 | AE31: 14 | AF31: 0 | AG31: 4 | AH31: 0 | AI31: 14 | AJ31: 4 | AK31: 2 | AL31: 8 | AQ31: 0 | AR31: =SUM(AS31:BB31) -> 15 | AS31: 0 | AT31: 0 | AU31: 0 | AV31: 0 | AW31: 0 | AX31: 6 | AY31: 1 | AZ31: 0 | BA31: 0 | BB31: 8 | BC31: 집선스위치>>스쿨넷회선 구간 측정
B32: 70 | C32: N108140174SS | D32: S120001249 | E32: Y | F32: 충남 | G32: 공주 | H32: 특수학교 | I32: 공주정명학교 | J32: 충남 공주시 장척로 116-14 | K32: 30763 | L32: 정택함 | M32: 정보 | N32: 정택함 | O32: 041)857-1522 | P32: xorgka04@naver.com | Q32: 5 | R32: 48(27) | S32: 10 | T32: 25(2) | U32: 51 | V32: 106(1) | W32: 1 | Y32: 1G | Z32: 1G | AB32: X | AC32: 38 | AD32: =AF32 -> 0 | AE32: 38 | AF32: 0 | AG32: 9 | AH32: 0 | AI32: 38 | AJ32: 9 | AK32: 2 | AL32: 16 | AQ32: 0 | AR32: =SUM(AS32:BB32) -> 38 | AS32: 0 | AT32: 0 | AU32: 0 | AV32: 3 | AW32: 0 | AX32: 35 | AY32: 0 | AZ32: 0 | BA32: 0 | BB32: 0 | BC32: 집선스위치>>스쿨넷회선 구간 측정
B33: 76 | C33: N108140196HS | D33: S120000138 | E33: Y | F33: 충남 | G33: 공주 | H33: 고등학교 | I33: 공주정보고등학교 | J33: 충남 공주시 마근동길 29 | K33: 28931 | L33: 지경숙 | M33: 정보 | N33: 지경숙 | O33: 041-856-1674 | P33: lovlov3737@gmail.com | Q33: 4 | R33: 16(4) | S33: 7 | T33: 12(0) | U33: 31 | V33: 182(0) | W33: 5 | Y33: 1G | Z33: 1G | AB33: X | AC33: 28 | AD33: =AF33 -> 0 | AE33: 27 | AF33: 0 | AG33: 6 | AH33: 0 | AI33: 27 | AJ33: 6 | AK33: 2 | AL33: 19 | AQ33: 0 | AR33: =SUM(AS33:BB33) -> 28 | AS33: 0 | AT33: 0 | AU33: 0 | AV33: 0 | AW33: 0 | AX33: 28 | AY33: 0 | AZ33: 0 | BA33: 0 | BB33: 0 | BC33: 집선스위치>>스쿨넷회선 구간 측정
B34: 267 | C34: N108161026ES | D34: S120000299 | E34: Y | F34: 충남 | G34: 공주 | H34: 초등학교 | I34: 공주중동초등학교 | J34: 충남 공주시 웅진로 146-5 | K34: 2482 | L34: 류지찬 | M34: 정보 | N34: 류지찬 | O34: 041-850-9693 | P34: 5327681@naver.com | Q34: 5 | R34: 26(13) | S34: 11 | T34: 10(2) | U34: 20 | V34: 130(9) | W34: 1 | Y34: 1G | Z34: 1G | AB34: X | AC34: 18 | AD34: =AF34 -> 0 | AE34: 18 | AF34: 0 | AG34: 8 | AH34: 0 | AI34: 18 | AJ34: 9 | AK34: 2 | AL34: 16 | AQ34: 0 | AR34: =SUM(AS34:BB34) -> 18 | AS34: 0 | AT34: 0 | AU34: 0 | AV34: 0 | AW34: 0 | AX34: 13 | AY34: 5 | AZ34: 0 | BA34: 0 | BB34: 0 | BC34: 집선스위치>>스쿨넷회선 구간 측정
B35: 249 | C35: N108161006MS | D35: S120000281 | E35: Y | F35: 충남 | G35: 공주 | H35: 중학교 | I35: 공주중학교 | J35: 충남 공주시 왕릉로 111 | K35: 8167 | L35: 이병만 | M35: 정보 | N35: 이병만 | O35: 041-960-3518 | P35: manicomu@naver.com | Q35: 4 | R35: 20(5) | S35: 16 | T35: 17(3) | U35: 42 | V35: 347(13) | W35: 1 | Y35: 1G | Z35: 1G | AB35: X | AC35: 37 | AD35: =AF35 -> 0 | AE35: 37 | AF35: 0 | AG35: 8 | AH35: 0 | AI35: 37 | AJ35: 8 | AK35: 2 | AL35: 25 | AQ35: 0 | AR35: =SUM(AS35:BB35) -> 37 | AS35: 0 | AT35: 0 | AU35: 0 | AV35: 0 | AW35: 0 | AX35: 21 | AY35: 3 | AZ35: 0 | BA35: 0 | BB35: 13 | BC35: 집선스위치>>스쿨넷회선 구간 측정
B36: 268 | C36: N108161027ES | D36: S120000302 | E36: Y | F36: 충남 | G36: 공주 | H36: 초등학교 | I36: 구산초등학교 | J36: 충남 공주시 유구읍 유구마곡사로 61-1 | K36: 25715 | Q36: 3 | R36: 11(5) | S36: 10 | T36: 6(0) | U36: 12 | V36: 34(0) | W36: 1 | Y36: 60M | Z36: 60M | AB36: X | AC36: 13 | AD36: =AF36 -> 0 | AE36: 13 | AF36: 0 | AG36: 2 | AH36: 0 | AI36: 13 | AJ36: 2 | AK36: 2 | AL36: 10 | AQ36: 0 | AR36: =SUM(AS36:BB36) -> 13 | AS36: 0 | AT36: 0 | AU36: 0 | AV36: 0 | AW36: 0 | AX36: 6 | AY36: 0 | AZ36: 0 | BA36: 0 | BB36: 7 | BC36: 집선스위치>>스쿨넷회선 구간 측정
B37: 760 | C37: N10C035903HS | D37: S000003496 | E37: Y | F37: 충남 | G37: 공주 | H37: 고등학교 | I37: 국립공주대학교사범대학부설고등학교 | J37: 충남 공주시 봉황로 75 | K37: 20560 | Q37: 5 | R37: 38(15) | S37: 19 | T37: 19(1) | U37: 53 | V37: 452(3) | W37: 1 | Y37: 1G | Z37: 1G | AB37: X | AC37: 0 | AD37: =AF37 -> 36 | AE37: 0 | AF37: 36 | AG37: 0 | AH37: 0 | AI37: 36 | AJ37: 0 | AK37: 2 | AL37: 25 | AO37: 5 | AP37: 부설중과 스쿨넷 회선공유 / 무선 자체AP | AQ37: 5 | AR37: =SUM(AS37:BB37) -> 0 | AS37: 0 | AT37: 0 | AU37: 0 | AV37: 0 | AW37: 0 | AX37: 0 | AY37: 0 | AZ37: 0 | BA37: 0 | BB37: 0 | BC37: 집선스위치>>스쿨넷회선 구간 측정
B38: 759 | C38: N10C035902MS | D38: S000003501 | E38: Y | F38: 충남 | G38: 공주 | H38: 중학교 | I38: 국립공주대학교사범대학부설중학교 | J38: 충남 공주시 봉황로 75 | K38: 19464 | Q38: 3 | R38: 7(1) | S38: 5 | T38: 7(1) | U38: 23 | V38: 161(6) | W38: 1 | Y38: 부설고공유 | Z38: (1G) | AB38: X | AC38: 0 | AD38: =AF38 -> 23 | AE38: 0 | AF38: 23 | AG38: 0 | AH38: 2 | AI38: 23 | AJ38: 2 | AK38: 2 | AL38: 11 | AO38: 5 | AP38: 부설고와 스쿨넷 회선공유 / 무선 자체AP | AQ38: 5 | AR38: =SUM(AS38:BB38) -> 0 | AS38: 0 | AT38: 0 | AU38: 0 | AV38: 0 | AW38: 0 | AX38: 0 | AY38: 0 | AZ38: 0 | BA38: 0 | BB38: 0 | BC38: 집선스위치>>스쿨넷회선 구간 측정
B39: 761 | C39: N10C036093SS | D39: S000006122 | E39: Y | F39: 충남 | G39: 공주 | H39: 특수학교 | I39: 국립공주대학교사범대학부설특수학교 | J39: 충남 공주시 우금티로 753 | K39: 45536 | Q39: 2 | R39: 29(11) | S39: 11 | T39: 12(0) | U39: 27 | V39: 70(0) | W39: 2 | Y39: 1G | Z39: 1G | AB39: X | AC39: 0 | AD39: =AF39 -> 69 | AE39: 0 | AF39: 69 | AG39: 0 | AH39: 7 | AI39: 42 | AJ39: 3 | AK39: 1 | AL39: 89 | AO39: 1 | AP39: 무선 자체AP | AQ39: 0 | AR39: =SUM(AS39:BB39) -> 0 | AS39: 0 | AT39: 0 | AU39: 0 | AV39: 0 | AW39: 0 | AX39: 0 | AY39: 0 | AZ39: 0 | BA39: 0 | BB39: 0 | BC39: 집선스위치>>스쿨넷회선 구간 측정
B40: 269 | C40: N108161028ES | D40: S120000304 | E40: Y | F40: 충남 | G40: 공주 | H40: 초등학교 | I40: 귀산초등학교 | J40: 충남 공주시 우성면 귀산길 81-15 | K40: 15213 | L40: 주종민 | M40: 정보 | N40: 주종민 | O40: 041-854-7301 | P40: hibes@naver.com | Q40: 4 | R40: 9(2) | S40: 4 | T40: 6(0) | U40: 12 | V40: 49(0) | W40: 1 | Y40: 60M | Z40: 60M | AB40: X | AC40: 10 | AD40: =AF40 -> 3 | AE40: 10 | AF40: 3 | AG40: 3 | AH40: 0 | AI40: 13 | AJ40: 3 | AK40: 2 | AL40: 20 | AQ40: 0 | AR40: =SUM(AS40:BB40) -> 10 | AS40: 0 | AT40: 2 | AU40: 0 | AV40: 0 | AW40: 0 | AX40: 5 | AY40: 2 | AZ40: 0 | BA40: 0 | BB40: 1 | BC40: 집선스위치>>스쿨넷회선 구간 측정
B41: 270 | C41: N108161031ES | D41: S120000312 | E41: Y | F41: 충남 | G41: 공주 | H41: 초등학교 | I41: 덕암초등학교 | J41: 충남 공주시 유구읍 금계산로 943 | K41: 14221 | Q41: 2 | R41: 9(2) | S41: 8 | T41: 7(1) | U41: 10 | V41: 15(1) | W41: 1 | Y41: 60M | Z41: 60M | AB41: X | AC41: 9 | AD41: =AF41 -> 0 | AE41: 9 | AF41: 0 | AG41: 2 | AH41: 0 | AI41: 10 | AJ41: 3 | AK41: 2 | AL41: 10 | AQ41: 0 | AR41: =SUM(AS41:BB41) -> 9 | AS41: 0 | AT41: 0 | AU41: 0 | AV41: 0 | AW41: 0 | AX41: 9 | AY41: 0 | AZ41: 0 | BA41: 0 | BB41: 0 | BC41: 집선스위치>>스쿨넷회선 구간 측정
B42: 271 | C42: N108161032ES | D42: S120000315 | E42: Y | F42: 충남 | G42: 공주 | H42: 초등학교 | I42: 마곡초등학교 | J42: 충남 공주시 사곡면 운정길 29-10 | K42: 17486 | L42: 윤완희 | M42: 정보 | N42: 윤완희 | O42: 041-841-8010 | P42: coba1985@kjbh.cnees.kr | Q42: 3 | R42: 9(3) | S42: 3 | T42: 7(1) | U42: 11 | V42: 22(2) | W42: 1 | Y42: 60M | Z42: 60M | AB42: X | AC42: 13 | AD42: =AF42 -> 0 | AE42: 13 | AF42: 0 | AG42: 3 | AH42: 0 | AI42: 13 | AJ42: 4 | AK42: 2 | AL42: 6 | AQ42: 0 | AR42: =SUM(AS42:BB42) -> 13 | AS42: 0 | AT42: 1 | AU42: 0 | AV42: 0 | AW42: 0 | AX42: 5 | AY42: 2 | AZ42: 0 | BA42: 0 | BB42: 5 | BC42: 집선스위치>>스쿨넷회선 구간 측정
B43: 250 | C43: N108161007MS | D43: S120000282 | E43: Y | F43: 충남 | G43: 공주 | H43: 중학교 | I43: 반포중학교 | J43: 충남 공주시 반포면 원당1길 28 | K43: 28560 | Q43: 2 | R43: 7(3) | S43: 7 | T43: 4(1) | U43: 11 | V43: 50(6) | W43: 1 | Y43: 60M | Z43: 60M | AB43: X | AC43: 12 | AD43: =AF43 -> 0 | AE43: 12 | AF43: 0 | AG43: 3 | AH43: 0 | AI43: 12 | AJ43: 3 | AK43: 3 | AL43: 13 | AQ43: 0 | AR43: =SUM(AS43:BB43) -> 12 | AS43: 0 | AT43: 0 | AU43: 0 | AV43: 0 | AW43: 0 | AX43: 3 | AY43: 3 | AZ43: 0 | BA43: 0 | BB43: 6 | BC43: 집선스위치>>스쿨넷회선 구간 측정
B44: 272 | C44: N108161033ES | D44: S120000317 | E44: Y | F44: 충남 | G44: 공주 | H44: 초등학교 | I44: 반포초등학교 | J44: 충남 공주시 반포면 반포초교길 97 | K44: 7762 | N44: 서유빈 | O44: 041-857-7010 | P44: yubin2430@naver.com | Q44: 2 | R44: 9(2) | S44: 8 | T44: 8(2) | U44: 13 | V44: 35(6) | W44: 1 | Y44: 60M | Z44: 60M | AB44: X | AC44: 10 | AD44: =AF44 -> 0 | AE44: 10 | AF44: 0 | AG44: 5 | AH44: 0 | AI44: 10 | AJ44: 6 | AK44: 2 | AL44: 22 | AQ44: 0 | AR44: =SUM(AS44:BB44) -> 10 | AS44: 0 | AT44: 0 | AU44: 0 | AV44: 0 | AW44: 0 | AX44: 7 | AY44: 2 | AZ44: 0 | BA44: 0 | BB44: 1 | BC44: 집선스위치>>스쿨넷회선 구간 측정
B45: 251 | C45: N108161008MS | D45: S120000283 | E45: Y | F45: 충남 | G45: 공주 | H45: 중학교 | I45: 봉황중학교 | J45: 충남 공주시 금벽로 301 | K45: 18872 | L45: 신동준 | M45: 정보 | N45: 신동준 | O45: 041-854-2772 | P45: sdjojo@hanmail.net | Q45: 2 | R45: 21(7) | S45: 14 | T45: 14(2) | U45: 34 | V45: 326(8) | W45: 2 | Y45: 1G | Z45: 1G | AB45: X | AC45: 30 | AD45: =AF45 -> 0 | AE45: 22 | AF45: 0 | AG45: 6 | AH45: 0 | AI45: 22 | AJ45: 7 | AK45: 2 | AL45: 14 | AQ45: 0 | AR45: =SUM(AS45:BB45) -> 30 | AS45: 0 | AT45: 0 | AU45: 0 | AV45: 0 | AW45: 0 | AX45: 13 | AY45: 7 | AZ45: 0 | BA45: 0 | BB45: 10 | BC45: 집선스위치>>스쿨넷회선 구간 측정
B46: 252 | C46: N108161009MS | D46: S120000284 | E46: Y | F46: 충남 | G46: 공주 | H46: 중학교 | I46: 사곡중학교 | J46: 충남 공주시 사곡면 마곡사로 293-106 | K46: 28920 | N46: 김동호 | O46: 041-841-5208 | P46: idea@yonsei.ac.kr | Q46: 2 | R46: 9(6) | S46: 6 | T46: 4(1) | U46: 10 | V46: 25(4) | W46: 1 | Y46: 60M | Z46: 60M | AB46: X | AC46: 11 | AD46: =AF46 -> 0 | AE46: 11 | AF46: 0 | AG46: 3 | AH46: 0 | AI46: 11 | AJ46: 4 | AK46: 2 | AL46: 11 | AQ46: 0 | AR46: =SUM(AS46:BB46) -> 11 | AS46: 0 | AT46: 0 | AU46: 0 | AV46: 0 | AW46: 0 | AX46: 1 | AY46: 4 | AZ46: 0 | BA46: 0 | BB46: 6 | BC46: 집선스위치>>스쿨넷회선 구간 측정
B47: 273 | C47: N108161036ES | E47: Y | F47: 충남 | G47: 공주 | H47: 초등학교 | I47: 상서초등학교 | J47: 충남 공주시 우성면 우성길 137-37 | K47: 20584 | L47: 이진용 | M47: 정보 | N47: 이진용 | O47: 041-854-0544 | P47: gom2013@cne.go.kr | Q47: 3 | R47: 8(1) | S47: 1 | T47: 6 | U47: 16 | V47: 49 | W47: 1 | Y47: 60M | Z47: 60M | AB47: X | AC47: 8 | AD47: =AF47 -> 0 | AE47: 8 | AF47: 0 | AG47: 2 | AH47: 0 | AI47: 8 | AJ47: 2 | AK47: 2 | AL47: 5 | AQ47: 0 | AR47: =SUM(AS47:BB47) -> 8 | AS47: 0 | AT47: 1 | AU47: 0 | AV47: 0 | AW47: 0 | AX47: 5 | AY47: 1 | AZ47: 0 | BA47: 0 | BB47: 1 | BC47: 집선스위치>>스쿨넷회선 구간 측정
B48: 274 | C48: N108161037ES | D48: S120000326 | E48: Y | F48: 충남 | G48: 공주 | H48: 초등학교 | I48: 석송초등학교 | J48: 충남 공주시 정안면 마래섭들길56 | K48: 18171 | L48: 양기호 | M48: 정보 | N48: 양기호 | O48: 041-858-0384 | P48: da11131@hanmail.net | Q48: 4 | R48: 9(2) | S48: 4 | T48: 6(0) | U48: 14 | V48: 52(0) | W48: 1 | Y48: 60M | Z48: 60M | AB48: X | AC48: 5 | AD48: =AF48 -> 0 | AE48: 6 | AF48: 0 | AG48: 2 | AH48: 0 | AI48: 6 | AJ48: 2 | AK48: 2 | AL48: 5 | AQ48: 0 | AR48: =SUM(AS48:BB48) -> 5 | AS48: 0 | AT48: 0 | AU48: 0 | AV48: 0 | AW48: 0 | AX48: 5 | AY48: 0 | AZ48: 0 | BA48: 0 | BB48: 0 | BC48: 집선스위치>>스쿨넷회선 구간 측정
B49: 275 | C49: N108161038ES | D49: S120000330 | E49: Y | F49: 충남 | G49: 공주 | H49: 초등학교 | I49: 수촌초등학교 | J49: 충남 공주시 의당면 윗태실길 1-8 | K49: 24584 | Q49: 3 | R49: 8(1) | S49: 4 | T49: 7(1) | U49: 15 | V49: 44(6) | W49: 1 | Y49: 60M | Z49: 60M | AB49: X | AC49: 14 | AD49: =AF49 -> 0 | AE49: 14 | AF49: 0 | AG49: 3 | AH49: 0 | AI49: 14 | AJ49: 4 | AK49: 2 | AL49: 17 | AQ49: 0 | AR49: =SUM(AS49:BB49) -> 14 | AS49: 0 | AT49: 0 | AU49: 0 | AV49: 1 | AW49: 0 | AX49: 7 | AY49: 4 | AZ49: 0 | BA49: 0 | BB49: 2 | BC49: 집선스위치>>스쿨넷회선 구간 측정
B50: 276 | C50: N108161039ES | D50: S120000331 | E50: Y | F50: 충남 | G50: 공주 | H50: 초등학교 | I50: 신관초등학교 | J50: 충남 공주시 번영1로 97-13 | K50: 22402 | Q50: 5 | R50: 39(5) | S50: 12 | T50: 24(2) | U50: 37 | V50: 456(10) | W50: 2 | Y50: 1G | Z50: 1G | AA50: 2.5G | AB50: O | AC50: 43 | AD50: =AF50 -> 0 | AE50: 43 | AF50: 0 | AG50: 8 | AH50: 0 | AI50: 43 | AJ50: 8 | AK50: 3 | AL50: 18 | AQ50: 0 | AR50: =SUM(AS50:BB50) -> 43 | AS50: 0 | AT50: 0 | AU50: 0 | AV50: 0 | AW50: 0 | AX50: 37 | AY50: 2 | AZ50: 0 | BA50: 0 | BB50: 4 | BC50: 집선스위치>>무선인터넷회선 구간 측정
B51: 277 | C51: N108161040ES | D51: S120000332 | E51: Y | F51: 충남 | G51: 공주 | H51: 초등학교 | I51: 신풍초등학교 | J51: 충남 공주시 신풍면 신풍길 50-11 | K51: 10023 | L51: 임효진 | M51: 정보 | N51: 임효진 | O51: 041-841-1002 | P51: djm06121@naver.com | Q51: 4 | R51: 10(2) | S51: 4 | T51: 7(1) | U51: 12 | V51: 32(2) | W51: 1 | Y51: 60M | Z51: 60M | AB51: X | AC51: 10 | AD51: =AF51 -> 0 | AE51: 10 | AF51: 0 | AG51: 2 | AH51: 0 | AI51: 10 | AJ51: 3 | AK51: 2 | AL51: 7 | AQ51: 0 | AR51: =SUM(AS51:BB51) -> 10 | AS51: 0 | AT51: 0 | AU51: 0 | AV51: 0 | AW51: 0 | AX51: 6 | AY51: 2 | AZ51: 0 | BA51: 0 | BB51: 2 | BC51: 집선스위치>>스쿨넷회선 구간 측정
B52: 253 | C52: N108161010MS | D52: S120000286 | E52: Y | F52: 충남 | G52: 공주 | H52: 중학교 | I52: 우성중학교 | J52: 충남 공주시 우성면 구레말길86 | K52: 26001 | N52: 임관수 | O52: 041-855-7025 | P52: noyes82@naver.com | Q52: 4 | R52: 13(5) | S52: 9 | T52: 8(2) | U52: 17 | V52: 78(7) | W52: 1 | Y52: 60M | Z52: 60M | AB52: X | AC52: 21 | AD52: =AF52 -> 0 | AE52: 21 | AF52: 0 | AG52: 3 | AH52: 0 | AI52: 21 | AJ52: 3 | AK52: 2 | AL52: 24 | AQ52: 0 | AR52: =SUM(AS52:BB52) -> 21 | AS52: 0 | AT52: 9 | AU52: 0 | AV52: 2 | AW52: 0 | AX52: 7 | AY52: 3 | AZ52: 0 | BA52: 0 | BB52: 0 | BC52: 집선스위치>>스쿨넷회선 구간 측정
B53: 278 | C53: N108161042ES | D53: S120000338 | E53: Y | F53: 충남 | G53: 공주 | H53: 초등학교 | I53: 우성초등학교 | J53: 충남 공주시 우성면 동대리길 33 | K53: 9267 | L53: 이서현 | M53: 정보 | N53: 이서현 | O53: 0418532481 | P53: korea321123@naver.com | Q53: 2 | R53: 10(3) | S53: 5 | T53: 7(1) | U53: 13 | V53: 39(2) | W53: 1 | Y53: 60M | Z53: 60M | AB53: X | AC53: 13 | AD53: =AF53 -> 0 | AE53: 13 | AF53: 0 | AG53: 2 | AH53: 0 | AI53: 13 | AJ53: 3 | AK53: 2 | AL53: 9 | AQ53: 0 | AR53: =SUM(AS53:BB53) -> 13 | AS53: 0 | AT53: 0 | AU53: 0 | AV53: 0 | AW53: 0 | AX53: 10 | AY53: 2 | AZ53: 0 | BA53: 0 | BB53: 1 | BC53: 집선스위치>>스쿨넷회선 구간 측정
B54: 254 | C54: N108161011MS | D54: S120000287 | E54: Y | F54: 충남 | G54: 공주 | H54: 중학교 | I54: 유구중학교 | J54: 충남 공주시 유구읍 중앙1길 49-10 | K54: 19099 | N54: 오은미 | O54: 041-841-2901 | P54: taby75@naver.com | Q54: 4 | R54: 14 | S54: 8 | T54: 7(1) | U54: 18 | V54: 109(1) | W54: 1 | Y54: 1G | Z54: 1G | AB54: X | AC54: 19 | AD54: =AF54 -> 0 | AE54: 19 | AF54: 0 | AG54: 3 | AH54: 0 | AI54: 19 | AJ54: 3 | AK54: 2 | AL54: 12 | AQ54: 0 | AR54: =SUM(AS54:BB54) -> 19 | AS54: 0 | AT54: 4 | AU54: 0 | AV54: 0 | AW54: 0 | AX54: 10 | AY54: 0 | AZ54: 0 | BA54: 0 | BB54: 5 | BC54: 집선스위치>>스쿨넷회선 구간 측정
B55: 279 | C55: N108161044ES | D55: S120000343 | E55: Y | F55: 충남 | G55: 공주 | H55: 초등학교 | I55: 유구초등학교 | J55: 충남 공주시 유구읍 유구초교길 12 | K55: 5222 | Q55: 4 | R55: 13(2) | S55: 8 | T55: 7(1) | U55: 14 | V55: 75(5) | W55: 1 | Y55: 60M | Z55: 60M | AB55: X | AC55: 25 | AD55: =AF55 -> 0 | AE55: 25 | AF55: 0 | AG55: 6 | AH55: 0 | AI55: 27 | AJ55: 6 | AK55: 2 | AL55: 15 | AQ55: 0 | AR55: =SUM(AS55:BB55) -> 25 | AS55: 0 | AT55: 0 | AU55: 0 | AV55: 0 | AW55: 0 | AX55: 17 | AY55: 3 | AZ55: 0 | BA55: 0 | BB55: 5 | BC55: 집선스위치>>스쿨넷회선 구간 측정
B56: 280 | C56: N108161045ES | D56: S120000345 | E56: Y | F56: 충남 | G56: 공주 | H56: 초등학교 | I56: 의당초등학교 | J56: 충남 공주시 의당면 의당초교길 49 | K56: 8536 | L56: 최재경 | M56: 정보 | N56: 최재경 | O56: 041-852-0010 | P56: espoiress@naver.com | Q56: 4 | R56: 10(4) | S56: 3 | T56: 7(1) | U56: 11 | V56: 45(2) | W56: 1 | Y56: 60M | Z56: 60M | AB56: X | AC56: 9 | AD56: =AF56 -> 7 | AE56: 3 | AF56: 7 | AG56: 2 | AH56: 0 | AI56: 10 | AJ56: 1 | AK56: 2 | AL56: 26 | AQ56: 0 | AR56: =SUM(AS56:BB56) -> 9 | AS56: 0 | AT56: 0 | AU56: 0 | AV56: 0 | AW56: 0 | AX56: 2 | AY56: 6 | AZ56: 0 | BA56: 0 | BB56: 1 | BC56: 집선스위치>>스쿨넷회선 구간 측정
B57: 255 | C57: N108161012MS | D57: S120000288 | E57: Y | F57: 충남 | G57: 공주 | H57: 중학교 | I57: 이인중학교 | J57: 충남 공주시 이인면 금광로 12-5 | K57: 30016 | Q57: 3 | R57: 7(4) | S57: 10 | T57: 3(0) | U57: 10 | V57: 25(0) | W57: 1 | Y57: 60M | Z57: 60M | AB57: X | AC57: 9 | AD57: =AF57 -> 0 | AE57: 9 | AF57: 0 | AG57: 2 | AH57: 0 | AI57: 9 | AJ57: 3 | AK57: 2 | AL57: 9 | AQ57: 0 | AR57: =SUM(AS57:BB57) -> 9 | AS57: 0 | AT57: 0 | AU57: 0 | AV57: 0 | AW57: 0 | AX57: 7 | AY57: 2 | AZ57: 0 | BA57: 0 | BB57: 0 | BC57: 집선스위치>>스쿨넷회선 구간 측정
B58: 281 | C58: N108161047ES | D58: S120000348 | E58: Y | F58: 충남 | G58: 공주 | H58: 초등학교 | I58: 이인초등학교 | J58: 충남 공주시 이인면 은행길 56 | K58: 4870 | N58: 이유민 | O58: 041-857-4014 | P58: nimuyee@naver.com | Q58: 3 | R58: 11(3) | S58: 5 | T58: 7(1) | U58: 13 | V58: 37(2) | W58: 1 | Y58: 60M | Z58: 60M | AB58: X | AC58: 14 | AD58: =AF58 -> 0 | AE58: 14 | AF58: 0 | AG58: 4 | AH58: 0 | AI58: 14 | AJ58: 4 | AK58: 2 | AL58: 10 | AQ58: 0 | AR58: =SUM(AS58:BB58) -> 14 | AS58: 0 | AT58: 1 | AU58: 0 | AV58: 0 | AW58: 0 | AX58: 6 | AY58: 1 | AZ58: 0 | BA58: 0 | BB58: 6 | BC58: 집선스위치>>스쿨넷회선 구간 측정
B59: 256 | C59: N108161014MS | D59: S120000290 | E59: Y | F59: 충남 | G59: 공주 | H59: 중학교 | I59: 정안중학교 | J59: 충남 공주시 정안면 정안중앙길 89-6 | K59: 20059 | N59: 고아라 | O59: 041-961-6022 | P59: triplese7en@naver.com | Q59: 3 | R59: 7(4) | S59: 5 | T59: 3(0) | U59: 11 | V59: 32(0) | W59: 1 | Y59: 60M | Z59: 60M | AB59: X | AC59: 8 | AD59: =AF59 -> 0 | AE59: 8 | AF59: 0 | AG59: 2 | AH59: 0 | AI59: 8 | AJ59: 2 | AK59: 2 | AL59: 8 | AQ59: 0 | AR59: =SUM(AS59:BB59) -> 8 | AS59: 0 | AT59: 0 | AU59: 0 | AV59: 0 | AW59: 0 | AX59: 4 | AY59: 4 | AZ59: 0 | BA59: 0 | BB59: 0 | BC59: 집선스위치>>스쿨넷회선 구간 측정
B60: 282 | C60: N108161049ES | D60: S120000353 | E60: Y | F60: 충남 | G60: 공주 | H60: 초등학교 | I60: 정안초등학교 | J60: 충남 공주시 정안면 내촌리 정안중앙길79 | K60: 8179 | L60: 차융화 | M60: 정보 | N60: 차융화 | O60: 041-858-6004 | P60: cyhz0317@cne.go.kr | Q60: 3 | R60: 10(4) | S60: 5 | T60: 6(0) | U60: 12 | V60: 37(0) | W60: 1 | Y60: 60M | Z60: 60M | AB60: X | AC60: 10 | AD60: =AF60 -> 0 | AE60: 10 | AF60: 0 | AG60: 3 | AH60: 0 | AI60: 10 | AJ60: 4 | AK60: 2 | AL60: 9 | AQ60: 0 | AR60: =SUM(AS60:BB60) -> 10 | AS60: 0 | AT60: 0 | AU60: 0 | AV60: 0 | AW60: 0 | AX60: 7 | AY60: 3 | AZ60: 0 | BA60: 0 | BB60: 0 | BC60: 집선스위치>>스쿨넷회선 구간 측정
B61: 32 | C61: N108140071HS | D61: S120000254 | E61: Y | F61: 충남 | G61: 공주 | H61: 고등학교 | I61: 충남과학고등학교 | J61: 충남 공주시 반포면 금벽로 1351-15 | K61: 34474 | Q61: 4 | R61: 22(10) | S61: 9 | T61: 12(0) | U61: 38 | V61: 195(0) | W61: 1 | Y61: 1G | Z61: 1G | AB61: X | AC61: 29 | AD61: =AF61 -> 0 | AE61: 27 | AF61: 0 | AG61: 5 | AH61: 0 | AI61: 37 | AJ61: 4 | AK61: 2 | AL61: 39 | AQ61: 0 | AR61: =SUM(AS61:BB61) -> 29 | AS61: 0 | AT61: 1 | AU61: 0 | AV61: 0 | AW61: 0 | AX61: 19 | AY61: 0 | AZ61: 0 | BA61: 0 | BB61: 9 | BC61: 집선스위치>>스쿨넷회선 구간 측정
B62: 257 | C62: N108161015MS | D62: S120000291 | E62: Y | F62: 충남 | G62: 공주 | H62: 중학교 | I62: 탄천중학교 | J62: 충남 공주시 탄천면 통산로 168 | K62: 19467 | Q62: 3 | R62: 2(2) | S62: 2 | T62: 4(1) | U62: 10 | V62: 18(2) | W62: 1 | Y62: 탄천초공유 | Z62: (60M) | AB62: X | AC62: 12 | AD62: =AF62 -> 0 | AE62: 12 | AF62: 0 | AG62: 2 | AH62: 0 | AI62: 12 | AJ62: 4 | AK62: 2 | AL62: 6 | AO62: 5 | AP62: 탄천초/중 스쿨넷 회선공유 | AQ62: 5 | AR62: =SUM(AS62:BB62) -> 12 | AS62: 0 | AT62: 0 | AU62: 0 | AV62: 0 | AW62: 0 | AX62: 5 | AY62: 2 | AZ62: 0 | BA62: 0 | BB62: 5 | BC62: 집선스위치>>스쿨넷회선 구간 측정
B63: 283 | C63: N108161052ES | D63: S120000360 | E63: Y | F63: 충남 | G63: 공주 | H63: 초등학교 | I63: 탄천초등학교 | J63: 충남 공주시 탄천면 통산로 168 | K63: 10684 | L63: 심찬섭 | M63: 정보 | N63: 심찬섭 | O63: 041-854-1625 | P63: scs9610@naver.com | Q63: 3 | R63: 17(5) | S63: 10 | T63: 7(1) | U63: 14 | V63: 30(4) | W63: 2 | Y63: 60M | Z63: 60M | AB63: X | AC63: 9 | AD63: =AF63 -> 0 | AE63: 8 | AF63: 0 | AG63: 2 | AH63: 0 | AI63: 8 | AJ63: 2 | AK63: 2 | AL63: 7 | AO63: 5 | AP63: 탄천초/중 스쿨넷 회선공유 | AQ63: 5 | AR63: =SUM(AS63:BB63) -> 9 | AS63: 0 | AT63: 1 | AU63: 0 | AV63: 1 | AW63: 0 | AX63: 3 | AY63: 3 | AZ63: 0 | BA63: 0 | BB63: 1 | BC63: 집선스위치>>스쿨넷회선 구간 측정
B64: 284 | C64: N108161053ES | E64: N | F64: 충남 | G64: 공주 | H64: 초등학교 | I64: 태봉초등학교 | J64: 충남 공주시 원태봉길57 | K64: 17486 | L64: 전상구 | M64: 정보 | N64: 전상구 | O64: 041-852-8007 | P64: sgjeon2000@naver.com | Q64: 4 | R64: 8(1) | Y64: 60M | Z64: 60M | AB64: X | AC64: 10 | AD64: =AF64 -> 0 | AE64: 0 | AF64: 0 | AG64: 0 | AH64: 0 | AI64: 0 | AJ64: 0 | AK64: 0 | AL64: 0 | AO64: 2 | AP64: 폐교 예정 | AQ64: 2 | AR64: =SUM(AS64:BB64) -> 10 | AS64: 0 | AT64: 0 | AU64: 0 | AV64: 0 | AW64: 0 | AX64: 6 | AY64: 1 | AZ64: 0 | BA64: 0 | BB64: 3
B65: 285 | C65: N108161054ES | D65: S120000362 | E65: Y | F65: 충남 | G65: 공주 | H65: 초등학교 | I65: 학봉초등학교 | J65: 충남 공주시 반포면 동학사 1로 141-10 | K65: 22890 | L65: 한솔 | M65: 정보 | N65: 한솔 | O65: 042-825-4069 | P65: hansol9292@naver.com | Q65: 3 | R65: 11(3) | S65: 6 | T65: 6(0) | U65: 11 | V65: 22(0) | W65: 1 | Y65: 60M | Z65: 60M | AB65: X | AC65: 13 | AD65: =AF65 -> 0 | AE65: 13 | AF65: 0 | AG65: 4 | AH65: 0 | AI65: 13 | AJ65: 4 | AK65: 2 | AL65: 13 | AQ65: 0 | AR65: =SUM(AS65:BB65) -> 13 | AS65: 0 | AT65: 1 | AU65: 0 | AV65: 0 | AW65: 0 | AX65: 6 | AY65: 3 | AZ65: 0 | BA65: 0 | BB65: 3 | BC65: 집선스위치>>스쿨넷회선 구간 측정
B66: 55 | C66: N108140107HS | D66: S120000264 | E66: Y | F66: 충남 | G66: 공주 | H66: 고등학교 | I66: 한일고등학교 | J66: 충남 공주시 정안면 어물길 81 | K66: 31837 | L66: 구재랑 | M66: 정보 | N66: 구재랑 | O66: 041-840-6034 | P66: kujae11@hanilgo.cnehs.kr | Q66: 10 | R66: 17(2) | S66: 34 | T66: 15(0) | U66: 40 | V66: 379(0) | W66: 3 | Y66: 1G | Z66: 1G | AB66: X | AC66: 57 | AD66: =AF66 -> 0 | AE66: 55 | AF66: 0 | AG66: 6 | AH66: 0 | AI66: 55 | AJ66: 9 | AK66: 2 | AL66: 16 | AQ66: 0 | AR66: =SUM(AS66:BB66) -> 57 | AS66: 0 | AT66: 0 | AU66: 0 | AV66: 3 | AW66: 0 | AX66: 27 | AY66: 27 | AZ66: 0 | BA66: 0 | BB66: 0 | BC66: 집선스위치>>스쿨넷회선 구간 측정
B67: 286 | C67: N108161055ES | E67: Y | F67: 충남 | G67: 공주 | H67: 초등학교 | I67: 호계초등학교 | J67: 충남 공주시 사곡면 마곡사로 149-12 | K67: 7792 | L67: 성영제 | M67: 정보 | N67: 성영제 | O67: 041-841-7014 | P67: syj4381@naver.com | Q67: 3 | R67: 12(4) | S67: 1 | T67: 6 | U67: 21 | V67: 27 | W67: 1 | Y67: 60M | Z67: 60M | AB67: X | AC67: 14 | AD67: =AF67 -> 0 | AE67: 14 | AF67: 0 | AG67: 2 | AH67: 0 | AI67: 14 | AJ67: 4 | AK67: 2 | AL67: 7 | AQ67: 0 | AR67: =SUM(AS67:BB67) -> 14 | AS67: 0 | AT67: 0 | AU67: 0 | AV67: 0 | AW67: 0 | AX67: 6 | AY67: 5 | AZ67: 0 | BA67: 0 | BB67: 3 | BC67: 집선스위치>>스쿨넷회선 구간 측정
B68: 287 | C68: N108161056ES | D68: S120000366 | E68: Y | F68: 충남 | G68: 공주 | H68: 초등학교 | I68: 효포초등학교 | J68: 충남 공주시 전진배길 313 | K68: 18171 | Q68: 3 | R68: 13(6) | S68: 5 | T68: 7(1) | U68: 15 | V68: 32(1) | W68: 1 | Y68: 60M | Z68: 60M | AB68: X | AC68: 17 | AD68: =AF68 -> 0 | AE68: 10 | AF68: 0 | AG68: 4 | AH68: 0 | AI68: 19 | AJ68: 3 | AK68: 2 | AL68: 24 | AQ68: 0 | AR68: =SUM(AS68:BB68) -> 17 | AS68: 0 | AT68: 1 | AU68: 0 | AV68: 0 | AW68: 0 | AX68: 8 | AY68: 2 | AZ68: 0 | BA68: 0 | BB68: 6 | BC68: 집선스위치>>스쿨넷회선 구간 측정
B69: 460 | C69: N108201013ES | D69: S120000376 | E69: Y | F69: 충남 | G69: 금산 | H69: 초등학교 | I69: 군북초등학교 | J69: 충남 금산군 군북면 군북로 714 | K69: 11433 | L69: 이정희 | M69: 정보 | N69: 이정희 | O69: 041-753-2008 | P69: jh961207@hanmail.net | Q69: 3 | R69: 10(3) | S69: 3 | T69: 7(1) | U69: 11 | V69: 28(4) | W69: 1 | Y69: 60M | Z69: 60M | AB69: X | AC69: 6 | AD69: =AF69 -> 0 | AE69: 6 | AF69: 0 | AG69: 3 | AH69: 0 | AI69: 6 | AJ69: 2 | AK69: 2 | AL69: 8 | AR69: =SUM(AS69:BB69) -> 6 | AS69: 0 | AT69: 0 | AU69: 0 | AV69: 0 | AW69: 0 | AX69: 0 | AY69: 0 | AZ69: 0 | BA69: 0 | BB69: 6 | BC69: 집선스위치>>스쿨넷회선 구간 측정
B70: 6 | C70: N108140038HS | D70: S120000144 | E70: Y | F70: 충남 | G70: 금산 | H70: 고등학교 | I70: 금산고등학교 | J70: 충남 금산군 금산읍 탑선길5 | K70: 19159 | L70: 박도규 | M70: 정보 | N70: 박도규 | O70: 041-753- | P70: pdk_365@naver.com | Q70: 2 | R70: 34(4) | S70: 14 | T70: 16(1) | U70: 41 | V70: 349(1) | W70: 2 | Y70: 1G | Z70: 1G | AB70: X | AC70: 30 | AD70: =AF70 -> 0 | AE70: 28 | AF70: 0 | AG70: 4 | AH70: 0 | AI70: 28 | AJ70: 4 | AK70: 2 | AL70: 31 | AO70: 5 | AP70: 금산중/고 스쿨넷 회선공유 | AQ70: 5 | AR70: =SUM(AS70:BB70) -> 30 | AS70: 0 | AT70: 0 | AU70: 0 | AV70: 0 | AW70: 0 | AX70: 0 | AY70: 0 | AZ70: 0 | BA70: 0 | BB70: 30 | BC70: 집선스위치>>스쿨넷회선 구간 측정
B71: 452 | C71: N108201004MS | D71: S120000367 | E71: Y | F71: 충남 | G71: 금산 | H71: 중학교 | I71: 금산동중학교 | J71: 충남 금산군 금산읍 용머리길 25 | K71: 18891 | N71: 이예진 | O71: 041-753-7106 | P71: yejin0808@ai.cne.go.kr | Q71: 4 | R71: 17(4) | S71: 12 | T71: 13(2) | U71: 31 | V71: 281(14) | W71: 1 | Y71: 1G | Z71: 1G | AB71: X | AC71: 34 | AD71: =AF71 -> 0 | AE71: 23 | AF71: 0 | AG71: 4 | AH71: 0 | AI71: 23 | AJ71: 4 | AK71: 2 | AL71: 15 | AR71: =SUM(AS71:BB71) -> 34 | AS71: 0 | AT71: 11 | AU71: 0 | AV71: 0 | AW71: 0 | AX71: 0 | AY71: 1 | AZ71: 0 | BA71: 0 | BB71: 22 | BC71: 집선스위치>>스쿨넷회선 구간 측정
B72: 462 | C72: N108201016ES | D72: S120000382 | E72: Y | F72: 충남 | G72: 금산 | H72: 초등학교 | I72: 금산동초등학교 | J72: 충남 금산군 금산읍 후곤천길 145 | K72: 23437 | N72: 정수정 | O72: 041-753-6137 | P72: kyowoo0706@korea.kr | Q72: 2 | R72: 15(5) | S72: 8 | T72: 8(2) | U72: 14 | V72: 86(9) | W72: 1 | Y72: 60M | Z72: 60M | AB72: X | AC72: 6 | AD72: =AF72 -> 0 | AE72: 11 | AF72: 0 | AG72: 3 | AH72: 0 | AI72: 11 | AJ72: 3 | AK72: 2 | AL72: 12 | AR72: =SUM(AS72:BB72) -> 6 | AS72: 0 | AT72: 0 | AU72: 0 | AV72: 0 | AW72: 0 | AX72: 0 | AY72: 0 | AZ72: 0 | BA72: 0 | BB72: 6 | BC72: 집선스위치>>스쿨넷회선 구간 측정
B73: 58 | C73: N108140115HS | D73: S120000146 | E73: Y | F73: 충남 | G73: 금산 | H73: 고등학교 | I73: 금산산업고등학교 | J73: 충남 금산군 금산읍 진악로 1003 | K73: 16497 | L73: 노진모 | M73: 정보 | N73: 노진모 | O73: 041-753-5101 | P73: swa0927@naver.ocm | Q73: 3 | R73: 18(9) | S73: 14 | T73: 12(3) | U73: 33 | V73: 188(19) | W73: 7 | Y73: 1G | Z73: 1G | AB73: X | AC73: 38 | AD73: =AF73 -> 0 | AE73: 37 | AF73: 0 | AG73: 5 | AH73: 0 | AI73: 37 | AJ73: 5 | AK73: 2 | AL73: 51 | AR73: =SUM(AS73:BB73) -> 38 | AS73: 0 | AT73: 24 | AU73: 0 | AV73: 0 | AW73: 0 | AX73: 0 | AY73: 0 | AZ73: 0 | BA73: 0 | BB73: 14 | BC73: 집선스위치>>스쿨넷회선 구간 측정
B74: 7 | C74: N108140039HS | D74: S120000147 | E74: Y | F74: 충남 | G74: 금산 | H74: 고등학교 | I74: 금산여자고등학교 | J74: 충남 금산군 금산읍 인삼로21 | K74: 20893 | Q74: 3 | R74: 22(6) | S74: 12 | T74: 16(1) | U74: 44 | V74: 341(4) | W74: 1 | Y74: 1G | Z74: 1G | AB74: X | AC74: 34 | AD74: =AF74 -> 0 | AE74: 34 | AF74: 0 | AG74: 9 | AH74: 0 | AI74: 34 | AJ74: 9 | AK74: 2 | AL74: 24 | AR74: =SUM(AS74:BB74) -> 34 | AS74: 0 | AT74: 0 | AU74: 0 | AV74: 0 | AW74: 0 | AX74: 0 | AY74: 2 | AZ74: 0 | BA74: 0 | BB74: 32 | BC74: 집선스위치>>스쿨넷회선 구간 측정
B75: 453 | C75: N108201005MS | D75: S120000368 | E75: Y | F75: 충남 | G75: 금산 | H75: 중학교 | I75: 금산여자중학교 | J75: 충남 금산군 금산읍 인삼로11 | K75: 18050 | L75: 오은정 | M75: 정보 | N75: 오은정 | O75: 041-753-6144 | P75: sesess17@naver.com | Q75: 9 | R75: 16(4) | S75: 29 | T75: 12(2) | U75: 25 | V75: 246(7) | W75: 1 | Y75: 1G | Z75: 1G | AB75: X | AC75: 32 | AD75: =AF75 -> 0 | AE75: 32 | AF75: 0 | AG75: 6 | AH75: 0 | AI75: 32 | AJ75: 5 | AK75: 2 | AL75: 14 | AR75: =SUM(AS75:BB75) -> 32 | AS75: 0 | AT75: 22 | AU75: 0 | AV75: 0 | AW75: 0 | AX75: 0 | AY75: 2 | AZ75: 0 | BA75: 0 | BB75: 8 | BC75: 집선스위치>>스쿨넷회선 구간 측정
B76: 463 | C76: N108201017ES | D76: S120000383 | E76: Y | F76: 충남 | G76: 금산 | H76: 초등학교 | I76: 금산중앙초등학교 | J76: 충남 금산군 금산읍 금산로 1427 | K76: 2632 | L76: 김희일 | M76: 정보 | N76: 김희일 | O76: 041-753-6333 | P76: 1whiteill@naver.com | Q76: 10 | R76: 26(3) | S76: 10 | T76: 23(2) | U76: 39 | V76: 450(8) | W76: 1 | Y76: 1G | Z76: 1G | AA76: 2.5G | AB76: O | AC76: 29 | AD76: =AF76 -> 0 | AE76: 24 | AF76: 0 | AG76: 6 | AH76: 0 | AI76: 24 | AJ76: 6 | AK76: 3 | AL76: 17 | AR76: =SUM(AS76:BB76) -> 29 | AS76: 0 | AT76: 11 | AU76: 0 | AV76: 0 | AW76: 0 | AX76: 0 | AY76: 3 | AZ76: 0 | BA76: 0 | BB76: 15 | BC76: 집선스위치>>무선인터넷회선 구간 측정
B77: 454 | C77: N108201006MS | D77: S120000369 | E77: Y | F77: 충남 | G77: 금산 | H77: 중학교 | I77: 금산중학교 | J77: 충남 금산군 금산읍 탑선길 5 | K77: 19159 | Q77: 3 | S77: 10 | T77: 11(1) | U77: 26 | V77: 264(4) | W77: 1 | Y77: 금산고공유 | Z77: (1G) | AB77: X | AC77: 15 | AD77: =AF77 -> 0 | AE77: 19 | AF77: 0 | AG77: 4 | AH77: 0 | AI77: 19 | AJ77: 5 | AK77: 2 | AL77: 16 | AO77: 5 | AP77: 금산중/고 스쿨넷 회선공유 | AQ77: 5 | AR77: =SUM(AS77:BB77) -> 15 | AS77: 0 | AT77: 0 | AU77: 0 | AV77: 0 | AW77: 0 | AX77: 0 | AY77: 0 | AZ77: 0 | BA77: 0 | BB77: 15 | BC77: 집선스위치>>스쿨넷회선 구간 측정
B78: 461 | C78: N108201015ES | E78: Y | F78: 충남 | G78: 금산 | H78: 초등학교 | I78: 금산초등학교 | J78: 충남 금산군 금산읍 인삼로 69 | K78: 16754 | L78: 김윤 | M78: 정보 | N78: 김윤 | O78: 041-753-6230 | P78: khshz1205@naver.com | Q78: 5 | R78: 28(5) | S78: 8 | T78: 17(2) | U78: 50 | V78: 363(11) | W78: 1 | Y78: 60M | Z78: 60M | AA78: 2.5G | AB78: O | AC78: 37 | AD78: =AF78 -> 0 | AE78: 37 | AF78: 0 | AG78: 7 | AH78: 0 | AI78: 37 | AJ78: 7 | AK78: 3 | AL78: 30 | AR78: =SUM(AS78:BB78) -> 37 | AS78: 0 | AT78: 0 | AU78: 0 | AV78: 0 | AW78: 0 | AX78: 0 | AY78: 0 | AZ78: 0 | BA78: 0 | BB78: 37 | BC78: 집선스위치>>무선인터넷회선 구간 측정
B79: 110 | C79: N108140343HS | D79: S120000236 | E79: Y | F79: 충남 | G79: 금산 | H79: 고등학교 | I79: 금산하이텍고등학교 | J79: 충남 금산군 진산면 대둔산로 412 | K79: 27459 | L79: 김경득 | M79: 정보 | N79: 김경득 | O79: 041-752-4375 | P79: kimduk@daum.net | Q79: 6 | R79: 22(13) | S79: 8 | T79: 10(1) | U79: 30 | V79: 133(3) | W79: 10 | Y79: 1G | Z79: 1G | AB79: X | AC79: 13 | AD79: =AF79 -> 0 | AE79: 13 | AF79: 0 | AG79: 3 | AH79: 0 | AI79: 13 | AJ79: 3 | AK79: 2 | AL79: 25 | AR79: =SUM(AS79:BB79) -> 13 | AS79: 0 | AT79: 0 | AU79: 0 | AV79: 0 | AW79: 0 | AX79: 0 | AY79: 0 | AZ79: 0 | BA79: 0 | BB79: 13 | BC79: 집선스위치>>스쿨넷회선 구간 측정
B80: 464 | C80: N108201018ES | E80: Y | F80: 충남 | G80: 금산 | H80: 초등학교 | I80: 금성초등학교(금산) | J80: 충남 금산군 금성면 진산로 370 | K80: 12164 | Q80: 12 | S80: 3 | T80: 6(1) | U80: 28 | V80: 24(4) | W80: 1 | Y80: 60M | Z80: 60M | AB80: X | AC80: 0 | AD80: =AF80 -> 0 | AE80: 12 | AF80: 0 | AG80: 2 | AH80: 0 | AI80: 12 | AJ80: 2 | AK80: 2 | AL80: 8 | AR80: =SUM(AS80:BB80) -> 0 | AS80: 0 | AT80: 0 | AU80: 0 | AV80: 0 | AW80: 0 | AX80: 0 | AY80: 0 | AZ80: 0 | BA80: 0 | BB80: 0 | BC80: 집선스위치>>스쿨넷회선 구간 측정
B81: 476 | C81: N108201050ES | D81: S120000378 | E81: Y | F81: 충남 | G81: 금산 | H81: 초등학교 | I81: 금성초등학교금계분교장 | J81: 충남 금산군 금성면 어필각로 448 | K81: 20548 | Q81: 7 | R81: 7(1) | S81: 3 | T81: 2(0) | U81: 2 | V81: 4(0) | W81: 1 | Y81: 60M | Z81: 60M | AB81: X | AC81: 5 | AD81: =AF81 -> 0 | AE81: 3 | AF81: 0 | AG81: 1 | AH81: 0 | AI81: 3 | AJ81: 1 | AK81: 2 | AL81: 10 | AP81: 2월 이후 직원 상주 | AR81: =SUM(AS81:BB81) -> 5 | AS81: 0 | AT81: 0 | AU81: 0 | AV81: 0 | AW81: 0 | AX81: 0 | AY81: 0 | AZ81: 0 | BA81: 0 | BB81: 5 | BC81: 집선스위치>>스쿨넷회선 구간 측정
B82: 465 | C82: N108201019ES | D82: S120000389 | E82: Y | F82: 충남 | G82: 금산 | H82: 초등학교 | I82: 남이초등학교 | J82: 충남 금산군 남이면 진악로 51 | K82: 9284 | Q82: 3 | R82: 9(2) | S82: 4 | T82: 6(0) | U82: 9 | V82: 21(0) | W82: 1 | Y82: 60M | Z82: 60M | AB82: X | AC82: 12 | AD82: =AF82 -> 0 | AE82: 12 | AF82: 0 | AG82: 5 | AH82: 0 | AI82: 12 | AJ82: 5 | AK82: 2 | AL82: 10 | AR82: =SUM(AS82:BB82) -> 12 | AS82: 0 | AT82: 0 | AU82: 0 | AV82: 0 | AW82: 0 | AX82: 0 | AY82: 1 | AZ82: 0 | BA82: 0 | BB82: 11 | BC82: 집선스위치>>스쿨넷회선 구간 측정
B83: 466 | C83: N108201020ES | D83: S120000392 | E83: Y | F83: 충남 | G83: 금산 | H83: 초등학교 | I83: 남일초등학교 | J83: 충남 금산군 남일면 봉황로 83 | K83: 10714 | Q83: 5 | R83: 13(6) | S83: 6 | T83: 6(0) | U83: 12 | V83: 49(0) | W83: 1 | Y83: 60M | Z83: 60M | AB83: X | AC83: 10 | AD83: =AF83 -> 0 | AE83: 10 | AF83: 0 | AG83: 4 | AH83: 0 | AI83: 10 | AJ83: 4 | AK83: 2 | AL83: 18 | AR83: =SUM(AS83:BB83) -> 10 | AS83: 0 | AT83: 0 | AU83: 0 | AV83: 0 | AW83: 0 | AX83: 0 | AY83: 1 | AZ83: 0 | BA83: 0 | BB83: 9 | BC83: 집선스위치>>스쿨넷회선 구간 측정
B84: 455 | C84: N108201008MS | D84: S120000371 | E84: Y | F84: 충남 | G84: 금산 | H84: 중학교 | I84: 복수중학교 | J84: 충남 금산군 복수면 복수로 333 | K84: 25998 | Q84: 3 | R84: 6(3) | S84: 6 | T84: 3(0) | U84: 9 | V84: 20(0) | W84: 1 | Y84: 60M | Z84: 60M | AB84: X | AC84: 7 | AD84: =AF84 -> 0 | AE84: 7 | AF84: 0 | AG84: 3 | AH84: 0 | AI84: 7 | AJ84: 2 | AK84: 2 | AL84: 14 | AR84: =SUM(AS84:BB84) -> 7 | AS84: 0 | AT84: 0 | AU84: 0 | AV84: 0 | AW84: 0 | AX84: 0 | AY84: 0 | AZ84: 0 | BA84: 0 | BB84: 7 | BC84: 집선스위치>>스쿨넷회선 구간 측정
B85: 467 | C85: N108201021ES | D85: S120000395 | E85: Y | F85: 충남 | G85: 금산 | H85: 초등학교 | I85: 복수초등학교 | J85: 충남 금산군 복수면 복수로 137로 | K85: 10703 | Q85: 2 | R85: 13(6) | S85: 5 | T85: 7(1) | U85: 14 | V85: 20(5) | W85: 1 | Y85: 60M | Z85: 60M | AB85: X | AC85: 15 | AD85: =AF85 -> 0 | AE85: 15 | AF85: 0 | AG85: 8 | AH85: 0 | AI85: 15 | AJ85: 5 | AK85: 2 | AL85: 13 | AR85: =SUM(AS85:BB85) -> 15 | AS85: 0 | AT85: 0 | AU85: 0 | AV85: 0 | AW85: 0 | AX85: 0 | AY85: 0 | AZ85: 0 | BA85: 0 | BB85: 15 | BC85: 집선스위치>>스쿨넷회선 구간 측정
B86: 456 | C86: N108201009MS | D86: S120000372 | E86: Y | F86: 충남 | G86: 금산 | H86: 중학교 | I86: 부리중학교 | J86: 충남 금산군 부리면 말골길 57 | K86: 25270 | L86: 정규원 | M86: 정보 | N86: 정규원 | O86: 041 753 7530 | P86: hl2xhj@naver.com | Q86: 2 | R86: 11(8) | S86: 5 | T86: 4(1) | U86: 11 | V86: 38(2) | W86: 1 | Y86: 1G | Z86: 1G | AB86: X | AC86: 11 | AD86: =AF86 -> 2 | AE86: 11 | AF86: 2 | AG86: 3 | AH86: 0 | AI86: 13 | AJ86: 2 | AK86: 2 | AL86: 14 | AR86: =SUM(AS86:BB86) -> 11 | AS86: 0 | AT86: 0 | AU86: 0 | AV86: 0 | AW86: 0 | AX86: 0 | AY86: 2 | AZ86: 0 | BA86: 0 | BB86: 9 | BC86: 집선스위치>>스쿨넷회선 구간 측정
B87: 468 | C87: N108201022ES | D87: S120000399 | E87: Y | F87: 충남 | G87: 금산 | H87: 초등학교 | I87: 부리초등학교 | J87: 충남 금산군 부리면 현내로 81 | K87: 8902 | L87: 고경수 | M87: 정보 | N87: 고경수 | O87: 041-753-6230 | P87: kks_06@naver.com | Q87: 3 | R87: 10(3) | S87: 8 | T87: 7(1) | U87: 13 | V87: 32(5) | W87: 1 | Y87: 60M | Z87: 60M | AB87: X | AC87: 16 | AD87: =AF87 -> 0 | AE87: 14 | AF87: 0 | AG87: 3 | AH87: 1 | AI87: 14 | AJ87: 3 | AK87: 2 | AL87: 12 | AP87: 학교 천장 공사중 측정 불가 | AR87: =SUM(AS87:BB87) -> 16 | AS87: 0 | AT87: 0 | AU87: 0 | AV87: 0 | AW87: 0 | AX87: 0 | AY87: 2 | AZ87: 0 | BA87: 0 | BB87: 14 | BC87: 집선스위치>>스쿨넷회선 구간 측정
B88: 469 | C88: N108201023ES | D88: S120000402 | E88: Y | F88: 충남 | G88: 금산 | H88: 초등학교 | I88: 상곡초등학교 | J88: 충남 금산군 군북면 상곡길 34 | K88: 13625 | L88: 김동우 | M88: 정보 | N88: 김동우 | O88: 0417537048 | P88: yeliseong@gmail.com | Q88: 2 | R88: 12(6) | S88: 10 | T88: 6(0) | U88: 11 | V88: 29(0) | W88: 1 | Y88: 60M | Z88: 60M | AB88: X | AC88: 12 | AD88: =AF88 -> 0 | AE88: 12 | AF88: 0 | AG88: 3 | AH88: 0 | AI88: 12 | AJ88: 3 | AK88: 2 | AL88: 10 | AR88: =SUM(AS88:BB88) -> 12 | AS88: 0 | AT88: 0 | AU88: 0 | AV88: 0 | AW88: 0 | AX88: 0 | AY88: 4 | AZ88: 0 | BA88: 0 | BB88: 8 | BC88: 집선스위치>>스쿨넷회선 구간 측정
B89: 470 | C89: N108201024ES | D89: S120000405 | E89: Y | F89: 충남 | G89: 금산 | H89: 초등학교 | I89: 성대초등학교 | J89: 충남 금산군 추부면 군북로 1402 | K89: 15797 | L89: 송태호 | M89: 정보 | N89: 송태호 | O89: 041-753-7168 | P89: fairytale10@hanmail.net | Q89: 4 | R89: 11(3) | S89: 3 | T89: 7(1) | U89: 11 | V89: 21(1) | W89: 1 | Y89: 60M | Z89: 60M | AB89: X | AC89: 12 | AD89: =AF89 -> 0 | AE89: 11 | AF89: 0 | AG89: 3 | AH89: 0 | AI89: 11 | AJ89: 2 | AK89: 2 | AL89: 13 | AR89: =SUM(AS89:BB89) -> 12 | AS89: 0 | AT89: 0 | AU89: 0 | AV89: 0 | AW89: 0 | AX89: 0 | AY89: 4 | AZ89: 0 | BA89: 0 | BB89: 8 | BC89: 집선스위치>>스쿨넷회선 구간 측정
B90: 471 | C90: N108201025ES | D90: S120000406 | E90: Y | F90: 충남 | G90: 금산 | H90: 초등학교 | I90: 신대초등학교 | J90: 충남 금산군 복수면 복수로 753 | K90: 12523 | L90: 성다은 | M90: 정보 | N90: 성다은 | O90: 041-752-8073 | P90: sde2142@naver.com | Q90: 2 | R90: 8(1) | S90: 5 | T90: 6(0) | U90: 10 | V90: 18(0) | W90: 1 | Y90: 60M | Z90: 60M | AB90: X | AC90: 9 | AD90: =AF90 -> 0 | AE90: 9 | AF90: 0 | AG90: 3 | AH90: 0 | AI90: 9 | AJ90: 3 | AK90: 2 | AL90: 10 | AR90: =SUM(AS90:BB90) -> 9 | AS90: 0 | AT90: 0 | AU90: 0 | AV90: 0 | AW90: 0 | AX90: 0 | AY90: 0 | AZ90: 0 | BA90: 0 | BB90: 9 | BC90: 집선스위치>>스쿨넷회선 구간 측정
B91: 472 | C91: N108201026ES | D91: S120000408 | E91: Y | F91: 충남 | G91: 금산 | H91: 초등학교 | I91: 용문초등학교 | J91: 충남 금산군 군북면 시두물길 15 | K91: 18167 | Q91: 6 | R91: 13(4) | S91: 6 | T91: 7(1) | U91: 14 | V91: 83(3) | W91: 1 | Y91: 60M | Z91: 60M | AB91: X | AC91: 14 | AD91: =AF91 -> 0 | AE91: 14 | AF91: 0 | AG91: 8 | AH91: 0 | AI91: 14 | AJ91: 7 | AK91: 2 | AL91: 11 | AR91: =SUM(AS91:BB91) -> 14 | AS91: 0 | AT91: 3 | AU91: 0 | AV91: 0 | AW91: 0 | AX91: 0 | AY91: 1 | AZ91: 0 | BA91: 0 | BB91: 10 | BC91: 집선스위치>>스쿨넷회선 구간 측정
B92: 457 | C92: N108201010MS | D92: S120000373 | E92: Y | F92: 충남 | G92: 금산 | H92: 중학교 | I92: 제원중학교 | J92: 충남 금산군 제원면 금강로 61 | K92: 29666 | L92: 김은영 | M92: 정보 | N92: 김은영 | O92: 041-753-7321 | P92: ladymagu@hanmail.net | Q92: 3 | R92: 8(4) | S92: 7 | T92: 4(1) | U92: 11 | V92: 41(4) | W92: 1 | Y92: 60M | Z92: 60M | AB92: X | AC92: 14 | AD92: =AF92 -> 0 | AE92: 14 | AF92: 0 | AG92: 5 | AH92: 0 | AI92: 14 | AJ92: 5 | AK92: 2 | AL92: 15 | AR92: =SUM(AS92:BB92) -> 14 | AS92: 0 | AT92: 0 | AU92: 0 | AV92: 0 | AW92: 0 | AX92: 0 | AY92: 4 | AZ92: 0 | BA92: 0 | BB92: 10 | BC92: 집선스위치>>스쿨넷회선 구간 측정
B93: 473 | C93: N108201027ES | D93: S120000410 | E93: Y | F93: 충남 | G93: 금산 | H93: 초등학교 | I93: 제원초등학교 | J93: 충남 금산군 제원면 제원3길 11 | K93: 6301 | N93: 정지은 | O93: 041-752-7024 | P93: stopis@korea.kr | Q93: 3 | R93: 14(2) | S93: 10 | T93: 7(1) | U93: 12 | V93: 23(6) | W93: 1 | Y93: 60M | Z93: 60M | AB93: X | AC93: 12 | AD93: =AF93 -> 0 | AE93: 12 | AF93: 0 | AG93: 4 | AH93: 0 | AI93: 12 | AJ93: 4 | AK93: 2 | AL93: 8 | AR93: =SUM(AS93:BB93) -> 12 | AS93: 0 | AT93: 0 | AU93: 0 | AV93: 0 | AW93: 0 | AX93: 0 | AY93: 1 | AZ93: 0 | BA93: 0 | BB93: 11 | BC93: 집선스위치>>스쿨넷회선 구간 측정
B94: 458 | C94: N108201011MS | D94: S120000374 | E94: Y | F94: 충남 | G94: 금산 | H94: 중학교 | I94: 진산중학교 | J94: 충남 금산군 진산면 대둔산로 413 | K94: 19467 | L94: 서수현 | M94: 정보 | N94: 서수현 | O94: 041-753-7365 | P94: suhyun0102@ai.cne.go.kr | Q94: 4 | R94: 9(5) | S94: 4 | T94: 4(1) | U94: 13 | V94: 33(3) | W94: 1 | Y94: 60M | Z94: 60M | AB94: X | AC94: 14 | AD94: =AF94 -> 0 | AE94: 14 | AF94: 0 | AG94: 3 | AH94: 0 | AI94: 14 | AJ94: 3 | AK94: 2 | AL94: 12 | AR94: =SUM(AS94:BB94) -> 14 | AS94: 0 | AT94: 0 | AU94: 0 | AV94: 0 | AW94: 0 | AX94: 0 | AY94: 1 | AZ94: 0 | BA94: 0 | BB94: 13 | BC94: 집선스위치>>스쿨넷회선 구간 측정
B95: 474 | C95: N108201028ES | D95: S120000414 | E95: Y | F95: 충남 | G95: 금산 | H95: 초등학교 | I95: 진산초등학교 | J95: 충남 금산군 진산면 읍내로 41 | K95: 4505 | N95: 조봉진 | O95: 042-752-4020 | P95: jjige@naver.com | Q95: 3 | R95: 12(5) | S95: 5 | T95: 7(1) | U95: 15 | V95: 35(2) | W95: 1 | Y95: 60M | Z95: 60M | AB95: X | AC95: 17 | AD95: =AF95 -> 0 | AE95: 17 | AF95: 0 | AG95: 3 | AH95: 1 | AI95: 17 | AJ95: 3 | AK95: 2 | AL95: 7 | AR95: =SUM(AS95:BB95) -> 17 | AS95: 0 | AT95: 1 | AU95: 0 | AV95: 0 | AW95: 0 | AX95: 0 | AY95: 5 | AZ95: 0 | BA95: 0 | BB95: 11 | BC95: 집선스위치>>스쿨넷회선 구간 측정
B96: 459 | C96: N108201012MS | D96: S120000375 | E96: Y | F96: 충남 | G96: 금산 | H96: 중학교 | I96: 추부중학교 | J96: 충남 금산군 추부면 마전2길 21 | K96: 20207 | Q96: 2 | R96: 13(5) | S96: 10 | T96: 8(2) | U96: 21 | V96: 102(11) | W96: 1 | Y96: 1G | Z96: 1G | AB96: X | AC96: 19 | AD96: =AF96 -> 2 | AE96: 19 | AF96: 2 | AG96: 6 | AH96: 1 | AI96: 21 | AJ96: 6 | AK96: 2 | AL96: 21 | AR96: =SUM(AS96:BB96) -> 19 | AS96: 0 | AT96: 0 | AU96: 0 | AV96: 0 | AW96: 0 | AX96: 0 | AY96: 1 | AZ96: 0 | BA96: 0 | BB96: 18 | BC96: 집선스위치>>스쿨넷회선 구간 측정
B97: 475 | C97: N108201029ES | D97: S120000418 | E97: Y | F97: 충남 | G97: 금산 | H97: 초등학교 | I97: 추부초등학교 | J97: 충남 금산군 추부면 하마전로 23 | K97: 7030 | L97: 전준홍 | M97: 정보 | N97: 전준홍 | O97: 041-753-7908 | P97: poppoya0304@hanmail.net | Q97: 4 | R97: 17(3) | S97: 7 | T97: 9(2) | U97: 19 | V97: 110(7) | W97: 1 | Y97: 80M | Z97: 80M | AB97: X | AC97: 14 | AD97: =AF97 -> 1 | AE97: 14 | AF97: 1 | AG97: 3 | AH97: 3 | AI97: 15 | AJ97: 3 | AK97: 2 | AL97: 16 | AR97: =SUM(AS97:BB97) -> 14 | AS97: 0 | AT97: 0 | AU97: 0 | AV97: 0 | AW97: 0 | AX97: 0 | AY97: 3 | AZ97: 0 | BA97: 0 | BB97: 11 | BC97: 집선스위치>>스쿨넷회선 구간 측정
B98: 477 | C98: N108222003MS | D98: S120000420 | E98: Y | F98: 충남 | G98: 논산 | H98: 중학교 | I98: 가야곡중학교 | J98: 충남 논산시 가야곡면 덕은로 160 | K98: 37316 | Q98: 2 | R98: 18(7) | S98: 14 | T98: 4(1) | U98: 12 | V98: 15(2) | W98: 1 | Y98: 가야곡초공유 | Z98: (60M) | AB98: X | AC98: 11 | AD98: =AF98 -> 0 | AE98: 9 | AF98: 0 | AG98: 2 | AH98: 0 | AI98: 9 | AJ98: 2 | AK98: 2 | AL98: 4 | AO98: 5 | AP98: 가야곡초/중 스쿨넷 회선 공유 | AQ98: 5 | AR98: =SUM(AS98:BB98) -> 11 | AS98: 0 | AT98: 0 | AU98: 0 | AV98: 0 | AW98: 3 | AX98: 5 | AY98: 3 | AZ98: 0 | BA98: 0 | BB98: 0 | BC98: 집선스위치>>스쿨넷회선 구간 측정
B99: 494 | C99: N108222021ES | D99: S120000440 | E99: Y | F99: 충남 | G99: 논산 | H99: 초등학교 | I99: 가야곡초등학교 | J99: 충남 논산시 가야곡면 덕은로 160 | K99: 12936 | L99: 조승범 | M99: 정보 | N99: 조승범 | O99: 041-741-1601 | P99: vjsb0910@cne.go.kr | Q99: 3 | S99: 3 | T99: 7(1) | U99: 11 | V99: 28(3) | W99: 1 | Y99: 60M | Z99: 60M | AB99: X | AC99: 11 | AD99: =AF99 -> 0 | AE99: 11 | AF99: 0 | AG99: 4 | AH99: 0 | AI99: 11 | AJ99: 4 | AK99: 2 | AL99: 4 | AO99: 5 | AP99: 가야곡초/중 스쿨넷 회선 공유 | AQ99: 5 | AR99: =SUM(AS99:BB99) -> 11 | AS99: 0 | AT99: 0 | AU99: 0 | AV99: 0 | AW99: 0 | AX99: 6 | AY99: 5 | AZ99: 0 | BA99: 0 | BB99: 0 | BC99: 집선스위치>>스쿨넷회선 구간 측정
B100: 495 | C100: N108222022ES | E100: Y | F100: 충남 | G100: 논산 | H100: 초등학교 | I100: 감곡초등학교 | J100: 충남 논산시 부적면 계백로 1676-26 | K100: 20760 | L100: 김현수 | M100: 정보 | N100: 김현수 | O100: 041-732-7066 | P100: wva23faj@naver.com | Q100: 4 | R100: 9(2) | S100: 1 | T100: 5(1) | U100: 18 | V100: 12(3) | W100: 1 | Y100: 60M | Z100: 60M | AB100: X | AC100: 11 | AD100: =AF100 -> 0 | AE100: 11 | AF100: 0 | AG100: 1 | AH100: 0 | AI100: 11 | AJ100: 1 | AK100: 2 | AL100: 6 | AR100: =SUM(AS100:BB100) -> 11 | AS100: 0 | AT100: 0 | AU100: 0 | AV100: 0 | AW100: 0 | AX100: 7 | AY100: 2 | AZ100: 0 | BA100: 0 | BB100: 2 | BC100: 집선스위치>>스쿨넷회선 구간 측정
...

Sheet 0.학교(충남)
AB1: SWIMS연동 AP 수량
AB2: 제조사 | AC2: H1Radio | AE2: MERCURY | AF2: 가온브로드밴드 | AH2: 다보링크 | AK2: 엘텍 | AL2: 다산네트웍스
A3: 학교코드 | B3: 정보공시코드 | C3: 발행 | D3: 교육청 | E3: 지역 | F3: 학교유형 | G3: 학교명 | H3: 주소 | I3: 설립연도 | J3: 담당 선생님 이름 | K3: 담당 선생님 업무 | L3: 직통 연락처 | M3: 이메일 | N3: 건물수 | O3: 교실수 (특수) | P3: 교무 (연구)/ 행정실수 | Q3: 학급수 (특수) | R3: 교직원수 | S3: 학생수 | T3: 컴퓨터실 수 | U3: 망분리 여부 | V3: 스쿨넷 회선속도 | W3: 무선망 전용 회선속도 | X3: 10G 청약 여부 | Y3: SWIMS 연동 AP 수량 | Z3: 학교 자체 AP 수량 | AA3: 학교 특이사항 | AB3: 모델명 / 합계 | AC3: AR-WF6E-2564I | AD3: H1-A7114N | AE3: MCAP-704SM | AF3: EAP2244 | AG3: EAP2245 | AH3: DVW604 | AI3: DVW624 | AJ3: DVW704 | AK3: H834AX-P | AL3: W340 | AM3: 분류1 | AN3: 분류2 | AO3: 분류3
A4: N108140237HS | B4: S120002546 | C4: Y | D4: 충남 | E4: 계룡 | F4: 고등학교 | G4: 계룡고등학교 | H4: 충남 계룡시 두마면 서금암로 89 | I4: 38833 | J4: 김대성 | K4: 정보 | L4: 042-840-5314 | M4: kimds0316@naver.com | N4: 2 | O4: 27(6) | P4: 9 | Q4: 22(1) | R4: 57 | S4: 578(8) | T4: 1 | U4: 미분리 | V4: 1G | W4: N/A | X4: X | Y4: 39 | AB4: =SUM(AC4:AL4) -> 39 | AC4: 0 | AD4: 0 | AE4: 0 | AF4: 4 | AG4: 2 | AH4: 24 | AI4: 0 | AJ4: 0 | AK4: 0 | AL4: 9 | AM4: 업무/교육/기타망 미분리
A5: N108222124ES | B5: S120002976 | C5: N | D5: 충남 | E5: 계룡 | F5: 초등학교 | G5: 계룡대실초등학교 | H5: 충남 계룡시 두마면 대실남북로 113 | I5: 45717 | J5: 조창희 | K5: 정보 | L5: 042-710-4701 | M5: gomtingjo@naver.com | N5: 2 | O5: 38(7) | P5: 11 | Q5: 22(1) | R5: 32 | S5: 441(4) | T5: 1 | U5: 분리 | V5: 1G | W5: N/A | X5: X | Y5: 73 | AA5: 신설학교 | AB5: =SUM(AC5:AL5) -> 73 | AC5: 0 | AD5: 0 | AE5: 0 | AF5: 0 | AG5: 73 | AH5: 0 | AI5: 0 | AJ5: 0 | AK5: 0 | AL5: 0 | AM5: 분리
A6: N108222119MS | B6: S120002545 | C6: Y | D6: 충남 | E6: 계룡 | F6: 중학교 | G6: 계룡중학교 | H6: 충남 계룡시 서금암 5길 17 | I6: 38777 | J6: 양현원 | K6: 정보 | N6: 2 | O6: 34(6) | P6: 15 | Q6: 28(2) | R6: 59 | S6: 659(8) | T6: 1 | U6: 미분리 | V6: 60M | W6: 2.5G | X6: O | Y6: 34 | AB6: =SUM(AC6:AL6) -> 34 | AC6: 0 | AD6: 0 | AE6: 0 | AF6: 0 | AG6: 1 | AH6: 29 | AI6: 3 | AJ6: 0 | AK6: 0 | AL6: 1 | AM6: 업무/기타망 미분리
A7: N108222061ES | C7: Y | D7: 충남 | E7: 계룡 | F7: 초등학교 | G7: 금암초등학교 | H7: 충남 계룡시 장안로 104 | I7: 38777 | J7: 문숙 | K7: 정보 | L7: 042-841-0872 | M7: swani3@hanmail.net | N7: 10 | O7: 22(3) | P7: 7 | Q7: 18(1) | R7: 49 | S7: 365(10) | T7: 1 | U7: 미분리 | V7: 1G | W7: 2.5G | X7: O | Y7: 29 | AB7: =SUM(AC7:AL7) -> 29 | AC7: 0 | AD7: 4 | AE7: 0 | AF7: 0 | AG7: 4 | AH7: 2 | AI7: 15 | AJ7: 0 | AK7: 0 | AL7: 4 | AM7: 업무/교육/기타망 미분리
A8: N108222036ES | B8: S120000459 | C8: Y | D8: 충남 | E8: 계룡 | F8: 초등학교 | G8: 두마초등학교 | H8: 충남 계룡시 두마면 팥거리로 160 | I8: 8553 | L8: 010-3813-3682 | M8: topfgfl@naver.com | N8: 8 | O8: 28(5) | P8: 6 | Q8: 19(2) | R8: 31 | S8: 331(8) | T8: 1 | U8: 미분리 | V8: 1G | W8: 2.5G | X8: O | Y8: 33 | AB8: =SUM(AC8:AL8) -> 33 | AC8: 0 | AD8: 0 | AE8: 0 | AF8: 0 | AG8: 0 | AH8: 23 | AI8: 1 | AJ8: 0 | AK8: 0 | AL8: 9 | AM8: 업무/교육/기타망 미분리
A9: N108222019ES | B9: S120002529 | C9: Y | D9: 충남 | E9: 계룡 | F9: 초등학교 | G9: 신도초등학교 | H9: 충남 계룡시 엄사면 번영3길 82 | I9: 38412 | J9: 최수현 | K9: 정보 | L9: 042-841-9860 | M9: dhw1105@korea.kr | N9: 3 | O9: 31(6) | P9: 11 | Q9: 18(3) | R9: 28 | S9: 320(13) | T9: 1 | U9: 미분리 | V9: 60M | W9: 2.5G | X9: O | Y9: 29 | AB9: =SUM(AC9:AL9) -> 29 | AC9: 0 | AD9: 0 | AE9: 0 | AF9: 3 | AG9: 1 | AH9: 11 | AI9: 3 | AJ9: 0 | AK9: 0 | AL9: 11 | AM9: 업무/교육/기타망 미분리
A10: N108222017MS | B10: S120000434 | C10: Y | D10: 충남 | E10: 계룡 | F10: 중학교 | G10: 엄사중학교 | H10: 충남 계룡시 엄사면 번영11길3 | I10: 36586 | L10: 042-841-9676 | N10: 2 | O10: 26(5) | P10: 17 | Q10: 20(1) | R10: 49 | S10: 511(6) | T10: 1 | U10: 미분리 | V10: 1G | W10: 2.5G | X10: O | Y10: 41 | AB10: =SUM(AC10:AL10) -> 41 | AC10: 0 | AD10: 0 | AE10: 0 | AF10: 0 | AG10: 1 | AH10: 32 | AI10: 3 | AJ10: 0 | AK10: 0 | AL10: 5 | AM10: 업무/기타망 미분리
A11: N108222046ES | B11: S120000479 | C11: Y | D11: 충남 | E11: 계룡 | F11: 초등학교 | G11: 엄사초등학교 | H11: 충남 계룡시 엄사면 번영3길 30 | I11: 34947 | L11: 042 841 4497 | M11: xkskxhshxm57@naver.com | N11: 4 | O11: 22(5) | P11: 11 | Q11: 17(1) | R11: 25 | S11: 301(4) | T11: 1 | U11: 미분리 | V11: 1G | W11: N/A | X11: X | Y11: 30 | AB11: =SUM(AC11:AL11) -> 30 | AC11: 0 | AD11: 0 | AE11: 0 | AF11: 0 | AG11: 0 | AH11: 25 | AI11: 1 | AJ11: 0 | AK11: 0 | AL11: 4 | AM11: 업무/기타망 미분리
A12: N108140063HS | B12: S120000218 | C12: Y | D12: 충남 | E12: 계룡 | F12: 고등학교 | G12: 용남고등학교 | H12: 충남 계룡시 신도안면 신도안1길 32 | I12: 33306 | J12: 정일영 | K12: 정보 | L12: 042-717-2160 | N12: 4 | O12: 40(9) | P12: 18 | Q12: 31(1) | R12: 76 | S12: 817(6) | T12: 1 | U12: 미분리 | V12: 1G | W12: 2.5G | X12: O | Y12: 54 | AB12: =SUM(AC12:AL12) -> 54 | AC12: 0 | AD12: 0 | AE12: 0 | AF12: 4 | AG12: 4 | AH12: 46 | AI12: 0 | AJ12: 0 | AK12: 0 | AL12: 0 | AM12: 업무/기타망 미분리
A13: N108222012MS | B13: S120000439 | C13: Y | D13: 충남 | E13: 계룡 | F13: 중학교 | G13: 용남중학교 | H13: 충남 계룡시 신도안면 신도안2길 66 | I13: 32752 | J13: 이정재 | K13: 정보 | L13: 042-551-1501 | M13: pisicc00@ai.cne.go.kr | N13: 4 | O13: 29(4) | P13: 13 | Q13: 23(1) | R13: 55 | S13: 605(3) | T13: 1 | U13: 미분리 | V13: 1G | W13: 2.5G | X13: O | Y13: 35 | AB13: =SUM(AC13:AL13) -> 35 | AC13: 0 | AD13: 0 | AE13: 0 | AF13: 0 | AG13: 1 | AH13: 0 | AI13: 3 | AJ13: 0 | AK13: 0 | AL13: 31 | AM13: 업무/교육/기타망 미분리
A14: N108222051ES | C14: Y | D14: 충남 | E14: 계룡 | F14: 초등학교 | G14: 용남초등학교 | H14: 충남 계룡시 신도안면 신도안1길 88 | I14: 32758 | L14: 042-551-1504 | M14: tnwls284566@naver.com | N14: 4 | O14: 48(5) | P14: 5 | Q14: 39(1) | R14: 83 | S14: 906(4) | T14: 2 | U14: 미분리 | V14: 1G | W14: 5G | X14: O | Y14: 51 | AB14: =SUM(AC14:AL14) -> 51 | AC14: 0 | AD14: 2 | AE14: 0 | AF14: 0 | AG14: 3 | AH14: 41 | AI14: 4 | AJ14: 0 | AK14: 0 | AL14: 1 | AM14: 업무/교육/기타망 미분리
A15: N108161016MS | B15: S120000277 | C15: Y | D15: 충남 | E15: 공주 | F15: 중학교 | G15: 경천중학교 | H15: 충남 공주시 계룡면 어사길2 | I15: 25490 | J15: 조은아 | K15: 정보 | L15: 041-852-4043 | M15: jea168@naver.com | N15: 2 | O15: 8(5) | P15: 3 | Q15: 3(0) | R15: 9 | S15: 32(0) | T15: 1 | U15: 미분리 | V15: 60M | W15: N/A | X15: X | Y15: 8 | AB15: =SUM(AC15:AL15) -> 8 | AC15: 0 | AD15: 2 | AE15: 0 | AF15: 0 | AG15: 0 | AH15: 4 | AI15: 2 | AJ15: 0 | AK15: 0 | AL15: 0 | AM15: 업무/교육/기타망 미분리
A16: N108161021ES | B16: S120000293 | C16: Y | D16: 충남 | E16: 공주 | F16: 초등학교 | G16: 경천초등학교 | H16: 충남 공주시 계룡면 신원사로112 | I16: 16577 | J16: 김채원 | K16: 정보 | L16: 010-6402-3568 | M16: 1234567na@naver.com | N16: 2 | O16: 9(3) | P16: 5 | Q16: 6(0) | R16: 11 | S16: 14(0) | U16: 미분리 | V16: 60M | W16: N/A | X16: X | Y16: 12 | AB16: =SUM(AC16:AL16) -> 12 | AC16: 0 | AD16: 0 | AE16: 0 | AF16: 0 | AG16: 0 | AH16: 0 | AI16: 8 | AJ16: 0 | AK16: 0 | AL16: 4 | AM16: 업무/교육/기타망 미분리
A17: N108161022ES | B17: S120000294 | C17: Y | D17: 충남 | E17: 공주 | F17: 초등학교 | G17: 계룡초등학교 | H17: 충남 공주시 계룡면 영규대사로 459 | I17: 7108 | L17: 041-857-5023 | M17: dbfla802@naver.com | N17: 3 | O17: 11(5) | P17: 6 | Q17: 6(0) | R17: 18 | S17: 40(0) | T17: 2 | U17: 미분리 | V17: 60M | W17: N/A | X17: X | Y17: 10 | AB17: =SUM(AC17:AL17) -> 10 | AC17: 0 | AD17: 0 | AE17: 0 | AF17: 0 | AG17: 0 | AH17: 8 | AI17: 1 | AJ17: 0 | AK17: 0 | AL17: 1 | AM17: 업무/기타망 미분리
A18: N108140036HS | B18: S120000131 | C18: Y | D18: 충남 | E18: 공주 | F18: 고등학교 | G18: 공주고등학교 | H18: 충남 공주시 공주고담길 2 | I18: 8167 | L18: 041-855-1705 | M18: phlox898@gmail.com | N18: 7 | O18: 41(14) | P18: 22 | Q18: 25(1) | R18: 65 | S18: 491(4) | T18: 1 | U18: 미분리 | V18: 1G | W18: N/A | X18: X | Y18: 53 | AB18: =SUM(AC18:AL18) -> 53 | AC18: 0 | AD18: 0 | AE18: 0 | AF18: 1 | AG18: 0 | AH18: 30 | AI18: 9 | AJ18: 0 | AK18: 0 | AL18: 13 | AM18: 업무/교육/기타망 미분리
A19: N108161023ES | B19: S120000295 | C19: Y | D19: 충남 | E19: 공주 | F19: 초등학교 | G19: 공주교동초등학교 | H19: 충남 공주시 용당길 69-6 | I19: 24523 | J19: 윤송원 | K19: 정보 | L19: 010-8651-2480 | M19: hobbang305@naver.com | N19: 2 | O19: 10(1) | P19: 6 | Q19: 8(1) | R19: 15 | S19: 120(5) | T19: 1 | U19: 미분리 | V19: 1G | W19: N/A | X19: X | Y19: 31 | AB19: =SUM(AC19:AL19) -> 31 | AC19: 0 | AD19: 9 | AE19: 0 | AF19: 0 | AG19: 0 | AH19: 21 | AI19: 1 | AJ19: 0 | AK19: 0 | AL19: 0 | AM19: 업무/교육/기타망 미분리
A20: N107004442ES | B20: S000003499 | C20: Y | D20: 충남 | E20: 공주 | F20: 초등학교 | G20: 공주교육대학교부설초등학교 | H20: 충남 공주시 하선길 47 | I20: 13993 | N20: 4 | O20: 36(11) | P20: 7 | Q20: 25(1) | R20: 33 | S20: 469(6) | U20: 확인불가 | V20: 1G | W20: N/A | X20: X | Y20: 0 | AB20: =SUM(AC20:AL20) -> 0 | AC20: 0 | AD20: 0 | AE20: 0 | AF20: 0 | AG20: 0 | AH20: 0 | AI20: 0 | AJ20: 0 | AK20: 0 | AL20: 0 | AM20: 확인불가
A21: N108140080HS | B21: S120000133 | C21: Y | D21: 충남 | E21: 공주 | F21: 고등학교 | G21: 공주금성여자고등학교 | H21: 충남 공주시 무령로 103 | I21: 29285 | J21: 김동규 | K21: 정보 | L21: 041-8546811 | M21: dongkyu7530@naver.com | N21: 5 | O21: 31(10) | P21: 27 | Q21: 21(0) | R21: 44 | S21: 390(0) | T21: 1 | U21: 미분리 | V21: 1G | W21: N/A | X21: X | Y21: 36 | AB21: =SUM(AC21:AL21) -> 36 | AC21: 0 | AD21: 0 | AE21: 0 | AF21: 0 | AG21: 0 | AH21: 27 | AI21: 0 | AJ21: 0 | AK21: 0 | AL21: 9 | AM21: 업무/교육/기타망 미분리
A22: N108161024ES | B22: S120000296 | C22: Y | D22: 충남 | E22: 공주 | F22: 초등학교 | G22: 공주금학초등학교 | H22: 충남 공주시 공주고담길 19 | I22: 14758 | N22: 3 | O22: 9(2) | P22: 8 | Q22: 7(1) | R22: 12 | S22: 47(4) | T22: 1 | U22: 미분리 | V22: 60M | W22: N/A | X22: X | Y22: 13 | AB22: =SUM(AC22:AL22) -> 13 | AC22: 0 | AD22: 0 | AE22: 0 | AF22: 0 | AG22: 0 | AH22: 6 | AI22: 0 | AJ22: 0 | AK22: 0 | AL22: 7 | AM22: 업무/교육/기타망 미분리
A23: N108140347HS | B23: S120000132 | C23: Y | D23: 충남 | E23: 공주 | F23: 고등학교 | G23: 공주마이스터고등학교 | H23: 충남 공주시 유구읍 중앙1길 27-12 | I23: 26372 | J23: 박진수 | K23: 정보 | L23: 041-840-1441 | M23: pjs8674@naver.com | N23: 5 | O23: 35(22) | P23: 12 | Q23: 13(1) | R23: 38 | S23: 190(2) | U23: 미분리 | V23: 1G | W23: N/A | X23: X | Y23: 42 | AB23: =SUM(AC23:AL23) -> 42 | AC23: 0 | AD23: 0 | AE23: 0 | AF23: 3 | AG23: 0 | AH23: 17 | AI23: 8 | AJ23: 0 | AK23: 0 | AL23: 14 | AM23: 업무/교육/기타망 미분리
A24: N108161025ES | B24: S120000297 | C24: Y | D24: 충남 | E24: 공주 | F24: 초등학교 | G24: 공주봉황초등학교 | H24: 충남 공주시 오거리길5 | I24: 16735 | J24: 황순기 | K24: 정보 | L24: 041-854-2203 | M24: skee0079@naver.com | N24: 3 | O24: 12(5) | P24: 6 | Q24: 7(1) | R24: 12 | S24: 73(4) | T24: 1 | U24: 미분리 | V24: 60M | W24: N/A | X24: X | Y24: 10 | AB24: =SUM(AC24:AL24) -> 10 | AC24: 0 | AD24: 0 | AE24: 0 | AF24: 0 | AG24: 0 | AH24: 2 | AI24: 7 | AJ24: 0 | AK24: 0 | AL24: 1 | AM24: 업무/교육/기타망 미분리
A25: N108161017MS | B25: S120000278 | C25: Y | D25: 충남 | E25: 공주 | F25: 중학교 | G25: 공주북중학교 | H25: 충남 공주시 제민천1길 113 | I25: 24819 | L25: 041-854-3962 | M25: artman7@hanmail.net | N25: 3 | O25: 12(3) | P25: 7 | Q25: 9(0) | R25: 19 | S25: 214(0) | T25: 1 | U25: 미분리 | V25: 1G | W25: N/A | X25: X | Y25: 16 | AB25: =SUM(AC25:AL25) -> 16 | AC25: 0 | AD25: 12 | AE25: 0 | AF25: 0 | AG25: 0 | AH25: 0 | AI25: 4 | AJ25: 0 | AK25: 0 | AL25: 0 | AM25: 업무/기타망 미분리
A26: N108140238HS | B26: S120000134 | C26: Y | D26: 충남 | E26: 공주 | F26: 고등학교 | G26: 공주생명과학고등학교 | H26: 충남 공주시 금벽로 317 | I26: 12126 | J26: 송민주 | K26: 정보 | L26: 041-858-3500(3503~6) | M26: belle0037@naver.com | N26: 18 | O26: 56(25) | P26: 9 | Q26: 18(3) | R26: 45 | S26: 259(18) | T26: 2 | U26: 미분리 | V26: 1G | W26: N/A | X26: X | Y26: 55 | AB26: =SUM(AC26:AL26) -> 55 | AC26: 0 | AD26: 0 | AE26: 0 | AF26: 1 | AG26: 0 | AH26: 54 | AI26: 0 | AJ26: 0 | AK26: 0 | AL26: 0 | AM26: 업무/교육/기타망 미분리
A27: N108161020ES | B27: S120000298 | C27: Y | D27: 충남 | E27: 공주 | F27: 초등학교 | G27: 공주신월초등학교 | H27: 충남 공주시 번영1로 193 | I27: 37408 | L27: 0418815013 | M27: tlstnans@cne.go.kr | N27: 3 | O27: 52(8) | P27: 3 | Q27: 45(2) | R27: 72 | S27: 1075(10) | T27: 2 | U27: 미분리 | V27: 1G | W27: 5G | X27: O | Y27: 59 | AB27: =SUM(AC27:AL27) -> 59 | AC27: 0 | AD27: 0 | AE27: 0 | AF27: 0 | AG27: 0 | AH27: 46 | AI27: 5 | AJ27: 0 | AK27: 0 | AL27: 8 | AM27: 업무/기타망 미분리
A28: N108140037HS | B28: S120000135 | C28: Y | D28: 충남 | E28: 공주 | F28: 고등학교 | G28: 공주여자고등학교 | H28: 충남 공주시 공주여고길 14-1 | I28: 10349 | N28: 5 | O28: 40(18) | P28: 13 | Q28: 22(1) | R28: 56 | S28: 407(5) | T28: 1 | U28: 미분리 | V28: 1G | W28: N/A | X28: X | Y28: 35 | AB28: =SUM(AC28:AL28) -> 35 | AC28: 0 | AD28: 0 | AE28: 0 | AF28: 0 | AG28: 0 | AH28: 28 | AI28: 2 | AJ28: 0 | AK28: 0 | AL28: 5 | AM28: 업무/교육/기타망 미분리
A29: N108161005MS | B29: S120000279 | C29: Y | D29: 충남 | E29: 공주 | F29: 중학교 | G29: 공주여자중학교 | H29: 충남 공주시 용당길 54 | I29: 10349 | J29: 민선주 | K29: 정보 | L29: 041-851-1001 | M29: miracle@ai.cne.go.kr | N29: 3 | O29: 28(10) | P29: 13 | Q29: 22(1) | R29: 51 | S29: 549(3) | T29: 1 | U29: 미분리 | V29: 1G | W29: 2.5G | X29: O | Y29: 35 | AB29: =SUM(AC29:AL29) -> 35 | AC29: 0 | AD29: 0 | AE29: 0 | AF29: 0 | AG29: 0 | AH29: 22 | AI29: 4 | AJ29: 0 | AK29: 0 | AL29: 9 | AM29: 업무/기타망 미분리
A30: N108140082HS | B30: S120000137 | C30: Y | D30: 충남 | E30: 공주 | F30: 고등학교 | G30: 공주영명고등학교 | H30: 충남 공주시 중동 영명학당2길 33 | I30: 2480 | J30: 홍록기 | K30: 정보 | L30: 041-854-3382 | M30: lokki@hanmail.net | N30: 5 | O30: 37(13) | P30: 12 | Q30: 18(0) | R30: 41 | S30: 347(0) | T30: 1 | U30: 확인불가 | V30: 1G | W30: N/A | X30: X | Y30: 34 | AB30: =SUM(AC30:AL30) -> 34 | AC30: 0 | AD30: 0 | AE30: 0 | AF30: 2 | AG30: 0 | AH30: 28 | AI30: 0 | AJ30: 0 | AK30: 0 | AL30: 4 | AM30: 확인불가
A31: N108161019MS | B31: S120000280 | C31: Y | D31: 충남 | E31: 공주 | F31: 중학교 | G31: 공주영명중학교 | H31: 충남 공주시 영명학당2길 33 | I31: 2480 | J31: 김은호 | K31: 정보 | L31: 041-858-0325 | M31: nsarang95@naver.com | N31: 4 | O31: 12(6) | P31: 6 | Q31: 6(0) | R31: 16 | S31: 132(0) | T31: 1 | U31: 미분리 | V31: 80M | W31: N/A | X31: X | Y31: 15 | AB31: =SUM(AC31:AL31) -> 15 | AC31: 0 | AD31: 0 | AE31: 0 | AF31: 0 | AG31: 0 | AH31: 6 | AI31: 1 | AJ31: 0 | AK31: 0 | AL31: 8 | AM31: 업무/교육/기타망 미분리
A32: N108140174SS | B32: S120001249 | C32: Y | D32: 충남 | E32: 공주 | F32: 특수학교 | G32: 공주정명학교 | H32: 충남 공주시 장척로 116-14 | I32: 30763 | J32: 정택함 | K32: 정보 | L32: 041)857-1522 | M32: xorgka04@naver.com | N32: 5 | O32: 48(27) | P32: 10 | Q32: 25(2) | R32: 51 | S32: 106(1) | T32: 1 | U32: 미분리 | V32: 1G | W32: N/A | X32: X | Y32: 38 | AB32: =SUM(AC32:AL32) -> 38 | AC32: 0 | AD32: 0 | AE32: 0 | AF32: 3 | AG32: 0 | AH32: 35 | AI32: 0 | AJ32: 0 | AK32: 0 | AL32: 0 | AM32: 업무/교육/기타망 미분리
A33: N108140196HS | B33: S120000138 | C33: Y | D33: 충남 | E33: 공주 | F33: 고등학교 | G33: 공주정보고등학교 | H33: 충남 공주시 마근동길 29 | I33: 28931 | J33: 지경숙 | K33: 정보 | L33: 041-856-1674 | M33: lovlov3737@gmail.com | N33: 4 | O33: 16(4) | P33: 7 | Q33: 12(0) | R33: 31 | S33: 182(0) | T33: 5 | U33: 미분리 | V33: 1G | W33: N/A | X33: X | Y33: 28 | AB33: =SUM(AC33:AL33) -> 28 | AC33: 0 | AD33: 0 | AE33: 0 | AF33: 0 | AG33: 0 | AH33: 28 | AI33: 0 | AJ33: 0 | AK33: 0 | AL33: 0 | AM33: 업무/교육/기타망 미분리
A34: N108161026ES | B34: S120000299 | C34: Y | D34: 충남 | E34: 공주 | F34: 초등학교 | G34: 공주중동초등학교 | H34: 충남 공주시 웅진로 146-5 | I34: 2482 | J34: 류지찬 | K34: 정보 | L34: 041-850-9693 | M34: 5327681@naver.com | N34: 5 | O34: 26(13) | P34: 11 | Q34: 10(2) | R34: 20 | S34: 130(9) | T34: 1 | U34: 미분리 | V34: 1G | W34: N/A | X34: X | Y34: 18 | AB34: =SUM(AC34:AL34) -> 18 | AC34: 0 | AD34: 0 | AE34: 0 | AF34: 0 | AG34: 0 | AH34: 13 | AI34: 5 | AJ34: 0 | AK34: 0 | AL34: 0 | AM34: 업무/교육/기타망 미분리
A35: N108161006MS | B35: S120000281 | C35: Y | D35: 충남 | E35: 공주 | F35: 중학교 | G35: 공주중학교 | H35: 충남 공주시 왕릉로 111 | I35: 8167 | J35: 이병만 | K35: 정보 | L35: 041-960-3518 | M35: manicomu@naver.com | N35: 4 | O35: 20(5) | P35: 16 | Q35: 17(3) | R35: 42 | S35: 347(13) | T35: 1 | U35: 미분리 | V35: 1G | W35: N/A | X35: X | Y35: 37 | AB35: =SUM(AC35:AL35) -> 37 | AC35: 0 | AD35: 0 | AE35: 0 | AF35: 0 | AG35: 0 | AH35: 21 | AI35: 3 | AJ35: 0 | AK35: 0 | AL35: 13 | AM35: 업무/교육/기타망 미분리
A36: N108161027ES | B36: S120000302 | C36: Y | D36: 충남 | E36: 공주 | F36: 초등학교 | G36: 구산초등학교 | H36: 충남 공주시 유구읍 유구마곡사로 61-1 | I36: 25715 | N36: 3 | O36: 11(5) | P36: 10 | Q36: 6(0) | R36: 12 | S36: 34(0) | T36: 1 | U36: 미분리 | V36: 60M | W36: N/A | X36: X | Y36: 13 | AB36: =SUM(AC36:AL36) -> 13 | AC36: 0 | AD36: 0 | AE36: 0 | AF36: 0 | AG36: 0 | AH36: 6 | AI36: 0 | AJ36: 0 | AK36: 0 | AL36: 7 | AM36: 업무/교육/기타망 미분리
A37: N10C035903HS | B37: S000003496 | C37: Y | D37: 충남 | E37: 공주 | F37: 고등학교 | G37: 국립공주대학교사범대학부설고등학교 | H37: 충남 공주시 봉황로 75 | I37: 20560 | N37: 5 | O37: 38(15) | P37: 19 | Q37: 19(1) | R37: 53 | S37: 452(3) | T37: 1 | U37: 미분리 | V37: 1G | W37: N/A | X37: X | Y37: 0 | AA37: 부설중과 스쿨넷 회선공유 | AB37: =SUM(AC37:AL37) -> 0 | AC37: 0 | AD37: 0 | AE37: 0 | AF37: 0 | AG37: 0 | AH37: 0 | AI37: 0 | AJ37: 0 | AK37: 0 | AL37: 0 | AM37: 업무/교육/기타망 미분리
A38: N10C035902MS | B38: S000003501 | C38: Y | D38: 충남 | E38: 공주 | F38: 중학교 | G38: 국립공주대학교사범대학부설중학교 | H38: 충남 공주시 봉황로 75 | I38: 19464 | N38: 3 | O38: 7(1) | P38: 5 | Q38: 7(1) | R38: 23 | S38: 161(6) | T38: 1 | U38: 미분리 | V38: 부설고공유 | W38: N/A | X38: X | Y38: 0 | AA38: 부설고와 스쿨넷 회선공유 | AB38: =SUM(AC38:AL38) -> 0 | AC38: 0 | AD38: 0 | AE38: 0 | AF38: 0 | AG38: 0 | AH38: 0 | AI38: 0 | AJ38: 0 | AK38: 0 | AL38: 0 | AM38: 업무/교육/기타망 미분리
A39: N10C036093SS | B39: S000006122 | C39: Y | D39: 충남 | E39: 공주 | F39: 특수학교 | G39: 국립공주대학교사범대학부설특수학교 | H39: 충남 공주시 우금티로 753 | I39: 45536 | N39: 2 | O39: 29(11) | P39: 11 | Q39: 12(0) | R39: 27 | S39: 70(0) | T39: 2 | U39: 미분리 | V39: 1G | W39: N/A | X39: X | Y39: 0 | AB39: =SUM(AC39:AL39) -> 0 | AC39: 0 | AD39: 0 | AE39: 0 | AF39: 0 | AG39: 0 | AH39: 0 | AI39: 0 | AJ39: 0 | AK39: 0 | AL39: 0 | AM39: 업무/교육/기타망 미분리
A40: N108161028ES | B40: S120000304 | C40: Y | D40: 충남 | E40: 공주 | F40: 초등학교 | G40: 귀산초등학교 | H40: 충남 공주시 우성면 귀산길 81-15 | I40: 15213 | J40: 주종민 | K40: 정보 | L40: 041-854-7301 | M40: hibes@naver.com | N40: 4 | O40: 9(2) | P40: 4 | Q40: 6(0) | R40: 12 | S40: 49(0) | T40: 1 | U40: 미분리 | V40: 60M | W40: N/A | X40: X | Y40: 10 | AB40: =SUM(AC40:AL40) -> 10 | AC40: 0 | AD40: 2 | AE40: 0 | AF40: 0 | AG40: 0 | AH40: 5 | AI40: 2 | AJ40: 0 | AK40: 0 | AL40: 1 | AM40: 업무/교육/기타망 미분리
A41: N108161031ES | B41: S120000312 | C41: Y | D41: 충남 | E41: 공주 | F41: 초등학교 | G41: 덕암초등학교 | H41: 충남 공주시 유구읍 금계산로 943 | I41: 14221 | N41: 2 | O41: 9(2) | P41: 8 | Q41: 7(1) | R41: 10 | S41: 15(1) | T41: 1 | U41: 미분리 | V41: 60M | W41: N/A | X41: X | Y41: 9 | AB41: =SUM(AC41:AL41) -> 9 | AC41: 0 | AD41: 0 | AE41: 0 | AF41: 0 | AG41: 0 | AH41: 9 | AI41: 0 | AJ41: 0 | AK41: 0 | AL41: 0 | AM41: 업무/교육/기타망 미분리
A42: N108161032ES | B42: S120000315 | C42: Y | D42: 충남 | E42: 공주 | F42: 초등학교 | G42: 마곡초등학교 | H42: 충남 공주시 사곡면 운정길 29-10 | I42: 17486 | J42: 윤완희 | K42: 정보 | L42: 041-841-8010 | M42: coba1985@kjbh.cnees.kr | N42: 3 | O42: 9(3) | P42: 3 | Q42: 7(1) | R42: 11 | S42: 22(2) | T42: 1 | U42: 미분리 | V42: 60M | W42: N/A | X42: X | Y42: 13 | AB42: =SUM(AC42:AL42) -> 13 | AC42: 0 | AD42: 1 | AE42: 0 | AF42: 0 | AG42: 0 | AH42: 5 | AI42: 2 | AJ42: 0 | AK42: 0 | AL42: 5 | AM42: 업무/교육/기타망 미분리
A43: N108161007MS | B43: S120000282 | C43: Y | D43: 충남 | E43: 공주 | F43: 중학교 | G43: 반포중학교 | H43: 충남 공주시 반포면 원당1길 28 | I43: 28560 | N43: 2 | O43: 7(3) | P43: 7 | Q43: 4(1) | R43: 11 | S43: 50(6) | T43: 1 | U43: 미분리 | V43: 60M | W43: N/A | X43: X | Y43: 12 | AB43: =SUM(AC43:AL43) -> 12 | AC43: 0 | AD43: 0 | AE43: 0 | AF43: 0 | AG43: 0 | AH43: 3 | AI43: 3 | AJ43: 0 | AK43: 0 | AL43: 6 | AM43: 업무/교육/기타망 미분리
A44: N108161033ES | B44: S120000317 | C44: Y | D44: 충남 | E44: 공주 | F44: 초등학교 | G44: 반포초등학교 | H44: 충남 공주시 반포면 반포초교길 97 | I44: 7762 | L44: 041-857-7010 | M44: yubin2430@naver.com | N44: 2 | O44: 9(2) | P44: 8 | Q44: 8(2) | R44: 13 | S44: 35(6) | T44: 1 | U44: 미분리 | V44: 60M | W44: N/A | X44: X | Y44: 10 | AB44: =SUM(AC44:AL44) -> 10 | AC44: 0 | AD44: 0 | AE44: 0 | AF44: 0 | AG44: 0 | AH44: 7 | AI44: 2 | AJ44: 0 | AK44: 0 | AL44: 1 | AM44: 업무/교육/기타망 미분리
A45: N108161008MS | B45: S120000283 | C45: Y | D45: 충남 | E45: 공주 | F45: 중학교 | G45: 봉황중학교 | H45: 충남 공주시 금벽로 301 | I45: 18872 | J45: 신동준 | K45: 정보 | L45: 041-854-2772 | M45: sdjojo@hanmail.net | N45: 2 | O45: 21(7) | P45: 14 | Q45: 14(2) | R45: 34 | S45: 326(8) | T45: 2 | U45: 미분리 | V45: 1G | W45: N/A | X45: X | Y45: 30 | AB45: =SUM(AC45:AL45) -> 30 | AC45: 0 | AD45: 0 | AE45: 0 | AF45: 0 | AG45: 0 | AH45: 13 | AI45: 7 | AJ45: 0 | AK45: 0 | AL45: 10 | AM45: 업무/교육/기타망 미분리
A46: N108161009MS | B46: S120000284 | C46: Y | D46: 충남 | E46: 공주 | F46: 중학교 | G46: 사곡중학교 | H46: 충남 공주시 사곡면 마곡사로 293-106 | I46: 28920 | L46: 041-841-5208 | M46: idea@yonsei.ac.kr | N46: 2 | O46: 9(6) | P46: 6 | Q46: 4(1) | R46: 10 | S46: 25(4) | T46: 1 | U46: 미분리 | V46: 60M | W46: N/A | X46: X | Y46: 11 | AB46: =SUM(AC46:AL46) -> 11 | AC46: 0 | AD46: 0 | AE46: 0 | AF46: 0 | AG46: 0 | AH46: 1 | AI46: 4 | AJ46: 0 | AK46: 0 | AL46: 6 | AM46: 업무/교육/기타망 미분리
A47: N108161036ES | C47: Y | D47: 충남 | E47: 공주 | F47: 초등학교 | G47: 상서초등학교 | H47: 충남 공주시 우성면 우성길 137-37 | I47: 20584 | J47: 이진용 | K47: 정보 | L47: 041-854-0544 | M47: gom2013@cne.go.kr | N47: 3 | O47: 8(1) | P47: 1 | Q47: 6 | R47: 16 | S47: 49 | T47: 1 | U47: 미분리 | V47: 60M | W47: N/A | X47: X | Y47: 8 | AB47: =SUM(AC47:AL47) -> 8 | AC47: 0 | AD47: 1 | AE47: 0 | AF47: 0 | AG47: 0 | AH47: 5 | AI47: 1 | AJ47: 0 | AK47: 0 | AL47: 1 | AM47: 업무/교육망 미분리
A48: N108161037ES | B48: S120000326 | C48: Y | D48: 충남 | E48: 공주 | F48: 초등학교 | G48: 석송초등학교 | H48: 충남 공주시 정안면 마래섭들길56 | I48: 18171 | J48: 양기호 | K48: 정보 | L48: 041-858-0384 | M48: da11131@hanmail.net | N48: 4 | O48: 9(2) | P48: 4 | Q48: 6(0) | R48: 14 | S48: 52(0) | T48: 1 | U48: 미분리 | V48: 60M | W48: N/A | X48: X | Y48: 5 | AB48: =SUM(AC48:AL48) -> 5 | AC48: 0 | AD48: 0 | AE48: 0 | AF48: 0 | AG48: 0 | AH48: 5 | AI48: 0 | AJ48: 0 | AK48: 0 | AL48: 0 | AM48: 업무/교육/기타망 미분리
A49: N108161038ES | B49: S120000330 | C49: Y | D49: 충남 | E49: 공주 | F49: 초등학교 | G49: 수촌초등학교 | H49: 충남 공주시 의당면 윗태실길 1-8 | I49: 24584 | N49: 3 | O49: 8(1) | P49: 4 | Q49: 7(1) | R49: 15 | S49: 44(6) | T49: 1 | U49: 미분리 | V49: 60M | W49: N/A | X49: X | Y49: 14 | AB49: =SUM(AC49:AL49) -> 14 | AC49: 0 | AD49: 0 | AE49: 0 | AF49: 1 | AG49: 0 | AH49: 7 | AI49: 4 | AJ49: 0 | AK49: 0 | AL49: 2 | AM49: 업무/교육/기타망 미분리
A50: N108161039ES | B50: S120000331 | C50: Y | D50: 충남 | E50: 공주 | F50: 초등학교 | G50: 신관초등학교 | H50: 충남 공주시 번영1로 97-13 | I50: 22402 | N50: 5 | O50: 39(5) | P50: 12 | Q50: 24(2) | R50: 37 | S50: 456(10) | T50: 2 | U50: 미분리 | V50: 1G | W50: 2.5G | X50: O | Y50: 43 | AB50: =SUM(AC50:AL50) -> 43 | AC50: 0 | AD50: 0 | AE50: 0 | AF50: 0 | AG50: 0 | AH50: 37 | AI50: 2 | AJ50: 0 | AK50: 0 | AL50: 4 | AM50: 업무/교육/기타망 미분리
A51: N108161040ES | B51: S120000332 | C51: Y | D51: 충남 | E51: 공주 | F51: 초등학교 | G51: 신풍초등학교 | H51: 충남 공주시 신풍면 신풍길 50-11 | I51: 10023 | J51: 임효진 | K51: 정보 | L51: 041-841-1002 | M51: djm06121@naver.com | N51: 4 | O51: 10(2) | P51: 4 | Q51: 7(1) | R51: 12 | S51: 32(2) | T51: 1 | U51: 미분리 | V51: 60M | W51: N/A | X51: X | Y51: 10 | AB51: =SUM(AC51:AL51) -> 10 | AC51: 0 | AD51: 0 | AE51: 0 | AF51: 0 | AG51: 0 | AH51: 6 | AI51: 2 | AJ51: 0 | AK51: 0 | AL51: 2 | AM51: 업무/교육/기타망 미분리
A52: N108161010MS | B52: S120000286 | C52: Y | D52: 충남 | E52: 공주 | F52: 중학교 | G52: 우성중학교 | H52: 충남 공주시 우성면 구레말길86 | I52: 26001 | L52: 041-855-7025 | M52: noyes82@naver.com | N52: 4 | O52: 13(5) | P52: 9 | Q52: 8(2) | R52: 17 | S52: 78(7) | T52: 1 | U52: 미분리 | V52: 60M | W52: N/A | X52: X | Y52: 21 | AB52: =SUM(AC52:AL52) -> 21 | AC52: 0 | AD52: 9 | AE52: 0 | AF52: 2 | AG52: 0 | AH52: 7 | AI52: 3 | AJ52: 0 | AK52: 0 | AL52: 0 | AM52: 업무/교육/기타망 미분리
A53: N108161042ES | B53: S120000338 | C53: Y | D53: 충남 | E53: 공주 | F53: 초등학교 | G53: 우성초등학교 | H53: 충남 공주시 우성면 동대리길 33 | I53: 9267 | J53: 이서현 | K53: 정보 | L53: 0418532481 | M53: korea321123@naver.com | N53: 2 | O53: 10(3) | P53: 5 | Q53: 7(1) | R53: 13 | S53: 39(2) | T53: 1 | U53: 미분리 | V53: 60M | W53: N/A | X53: X | Y53: 13 | AB53: =SUM(AC53:AL53) -> 13 | AC53: 0 | AD53: 0 | AE53: 0 | AF53: 0 | AG53: 0 | AH53: 10 | AI53: 2 | AJ53: 0 | AK53: 0 | AL53: 1 | AM53: 업무/교육/기타망 미분리
A54: N108161011MS | B54: S120000287 | C54: Y | D54: 충남 | E54: 공주 | F54: 중학교 | G54: 유구중학교 | H54: 충남 공주시 유구읍 중앙1길 49-10 | I54: 19099 | L54: 041-841-2901 | M54: taby75@naver.com | N54: 4 | O54: 14 | P54: 8 | Q54: 7(1) | R54: 18 | S54: 109(1) | T54: 1 | U54: 미분리 | V54: 1G | W54: N/A | X54: X | Y54: 19 | AB54: =SUM(AC54:AL54) -> 19 | AC54: 0 | AD54: 4 | AE54: 0 | AF54: 0 | AG54: 0 | AH54: 10 | AI54: 0 | AJ54: 0 | AK54: 0 | AL54: 5 | AM54: 업무/교육/기타망 미분리
A55: N108161044ES | B55: S120000343 | C55: Y | D55: 충남 | E55: 공주 | F55: 초등학교 | G55: 유구초등학교 | H55: 충남 공주시 유구읍 유구초교길 12 | I55: 5222 | N55: 4 | O55: 13(2) | P55: 8 | Q55: 7(1) | R55: 14 | S55: 75(5) | T55: 1 | U55: 미분리 | V55: 60M | W55: N/A | X55: X | Y55: 25 | AB55: =SUM(AC55:AL55) -> 25 | AC55: 0 | AD55: 0 | AE55: 0 | AF55: 0 | AG55: 0 | AH55: 17 | AI55: 3 | AJ55: 0 | AK55: 0 | AL55: 5 | AM55: 업무/교육/기타망 미분리
A56: N108161045ES | B56: S120000345 | C56: Y | D56: 충남 | E56: 공주 | F56: 초등학교 | G56: 의당초등학교 | H56: 충남 공주시 의당면 의당초교길 49 | I56: 8536 | J56: 최재경 | K56: 정보 | L56: 041-852-0010 | M56: espoiress@naver.com | N56: 4 | O56: 10(4) | P56: 3 | Q56: 7(1) | R56: 11 | S56: 45(2) | T56: 1 | U56: 미분리 | V56: 60M | W56: N/A | X56: X | Y56: 9 | AB56: =SUM(AC56:AL56) -> 9 | AC56: 0 | AD56: 0 | AE56: 0 | AF56: 0 | AG56: 0 | AH56: 2 | AI56: 6 | AJ56: 0 | AK56: 0 | AL56: 1 | AM56: 업무/교육/기타망 미분리
A57: N108161012MS | B57: S120000288 | C57: Y | D57: 충남 | E57: 공주 | F57: 중학교 | G57: 이인중학교 | H57: 충남 공주시 이인면 금광로 12-5 | I57: 30016 | N57: 3 | O57: 7(4) | P57: 10 | Q57: 3(0) | R57: 10 | S57: 25(0) | T57: 1 | U57: 미분리 | V57: 60M | W57: N/A | X57: X | Y57: 9 | AB57: =SUM(AC57:AL57) -> 9 | AC57: 0 | AD57: 0 | AE57: 0 | AF57: 0 | AG57: 0 | AH57: 7 | AI57: 2 | AJ57: 0 | AK57: 0 | AL57: 0 | AM57: 업무/교육/기타망 미분리
A58: N108161047ES | B58: S120000348 | C58: Y | D58: 충남 | E58: 공주 | F58: 초등학교 | G58: 이인초등학교 | H58: 충남 공주시 이인면 은행길 56 | I58: 4870 | L58: 041-857-4014 | M58: nimuyee@naver.com | N58: 3 | O58: 11(3) | P58: 5 | Q58: 7(1) | R58: 13 | S58: 37(2) | T58: 1 | U58: 미분리 | V58: 60M | W58: N/A | X58: X | Y58: 14 | AB58: =SUM(AC58:AL58) -> 14 | AC58: 0 | AD58: 1 | AE58: 0 | AF58: 0 | AG58: 0 | AH58: 6 | AI58: 1 | AJ58: 0 | AK58: 0 | AL58: 6 | AM58: 업무/교육/기타망 미분리
A59: N108161014MS | B59: S120000290 | C59: Y | D59: 충남 | E59: 공주 | F59: 중학교 | G59: 정안중학교 | H59: 충남 공주시 정안면 정안중앙길 89-6 | I59: 20059 | L59: 041-961-6022 | M59: triplese7en@naver.com | N59: 3 | O59: 7(4) | P59: 5 | Q59: 3(0) | R59: 11 | S59: 32(0) | T59: 1 | U59: 미분리 | V59: 60M | W59: N/A | X59: X | Y59: 8 | AB59: =SUM(AC59:AL59) -> 8 | AC59: 0 | AD59: 0 | AE59: 0 | AF59: 0 | AG59: 0 | AH59: 4 | AI59: 4 | AJ59: 0 | AK59: 0 | AL59: 0 | AM59: 업무/교육/기타망 미분리
A60: N108161049ES | B60: S120000353 | C60: Y | D60: 충남 | E60: 공주 | F60: 초등학교 | G60: 정안초등학교 | H60: 충남 공주시 정안면 내촌리 정안중앙길79 | I60: 8179 | J60: 차융화 | K60: 정보 | L60: 041-858-6004 | M60: cyhz0317@cne.go.kr | N60: 3 | O60: 10(4) | P60: 5 | Q60: 6(0) | R60: 12 | S60: 37(0) | T60: 1 | U60: 미분리 | V60: 60M | W60: N/A | X60: X | Y60: 10 | AB60: =SUM(AC60:AL60) -> 10 | AC60: 0 | AD60: 0 | AE60: 0 | AF60: 0 | AG60: 0 | AH60: 7 | AI60: 3 | AJ60: 0 | AK60: 0 | AL60: 0 | AM60: 업무/교육/기타망 미분리
A61: N108140071HS | B61: S120000254 | C61: Y | D61: 충남 | E61: 공주 | F61: 고등학교 | G61: 충남과학고등학교 | H61: 충남 공주시 반포면 금벽로 1351-15 | I61: 34474 | N61: 4 | O61: 22(10) | P61: 9 | Q61: 12(0) | R61: 38 | S61: 195(0) | T61: 1 | U61: 미분리 | V61: 1G | W61: N/A | X61: X | Y61: 29 | AB61: =SUM(AC61:AL61) -> 29 | AC61: 0 | AD61: 1 | AE61: 0 | AF61: 0 | AG61: 0 | AH61: 19 | AI61: 0 | AJ61: 0 | AK61: 0 | AL61: 9 | AM61: 업무/교육/기타망 미분리
A62: N108161015MS | B62: S120000291 | C62: Y | D62: 충남 | E62: 공주 | F62: 중학교 | G62: 탄천중학교 | H62: 충남 공주시 탄천면 통산로 168 | I62: 19467 | N62: 3 | O62: 2(2) | P62: 2 | Q62: 4(1) | R62: 10 | S62: 18(2) | T62: 1 | U62: 미분리 | V62: 탄천초공유 | W62: N/A | X62: X | Y62: 12 | AA62: 탄천초/중 스쿨넷 회선공유 | AB62: =SUM(AC62:AL62) -> 12 | AC62: 0 | AD62: 0 | AE62: 0 | AF62: 0 | AG62: 0 | AH62: 5 | AI62: 2 | AJ62: 0 | AK62: 0 | AL62: 5 | AM62: 업무/교육/기타망 미분리
A63: N108161052ES | B63: S120000360 | C63: Y | D63: 충남 | E63: 공주 | F63: 초등학교 | G63: 탄천초등학교 | H63: 충남 공주시 탄천면 통산로 168 | I63: 10684 | J63: 심찬섭 | K63: 정보 | L63: 041-854-1625 | M63: scs9610@naver.com | N63: 3 | O63: 17(5) | P63: 10 | Q63: 7(1) | R63: 14 | S63: 30(4) | T63: 2 | U63: 분리 | V63: 60M | W63: N/A | X63: X | Y63: 9 | AA63: 탄천초/중 스쿨넷 회선공유 | AB63: =SUM(AC63:AL63) -> 9 | AC63: 0 | AD63: 1 | AE63: 0 | AF63: 1 | AG63: 0 | AH63: 3 | AI63: 3 | AJ63: 0 | AK63: 0 | AL63: 1 | AM63: 분리
A64: N108161053ES | C64: N | D64: 충남 | E64: 공주 | F64: 초등학교 | G64: 태봉초등학교 | H64: 충남 공주시 원태봉길57 | I64: 17486 | J64: 전상구 | K64: 정보 | L64: 041-852-8007 | M64: sgjeon2000@naver.com | N64: 4 | O64: 8(1) | Q64: 6(0) | R64: 12(0) | S64: 26(0) | T64: 1 | U64: 미분리 | V64: 60M | W64: N/A | X64: X | Y64: 10 | AA64: 폐교 예정 | AB64: =SUM(AC64:AL64) -> 10 | AC64: 0 | AD64: 0 | AE64: 0 | AF64: 0 | AG64: 0 | AH64: 6 | AI64: 1 | AJ64: 0 | AK64: 0 | AL64: 3 | AM64: 업무/교육/기타망 미분리
A65: N108161054ES | B65: S120000362 | C65: Y | D65: 충남 | E65: 공주 | F65: 초등학교 | G65: 학봉초등학교 | H65: 충남 공주시 반포면 동학사 1로 141-10 | I65: 22890 | J65: 한솔 | K65: 정보 | L65: 042-825-4069 | M65: hansol9292@naver.com | N65: 3 | O65: 11(3) | P65: 6 | Q65: 6(0) | R65: 11 | S65: 22(0) | T65: 1 | U65: 미분리 | V65: 60M | W65: N/A | X65: X | Y65: 13 | AB65: =SUM(AC65:AL65) -> 13 | AC65: 0 | AD65: 1 | AE65: 0 | AF65: 0 | AG65: 0 | AH65: 6 | AI65: 3 | AJ65: 0 | AK65: 0 | AL65: 3 | AM65: 업무/교육/기타망 미분리
A66: N108140107HS | B66: S120000264 | C66: Y | D66: 충남 | E66: 공주 | F66: 고등학교 | G66: 한일고등학교 | H66: 충남 공주시 정안면 어물길 81 | I66: 31837 | J66: 구재랑 | K66: 정보 | L66: 041-840-6034 | M66: kujae11@hanilgo.cnehs.kr | N66: 10 | O66: 17(2) | P66: 34 | Q66: 15(0) | R66: 40 | S66: 379(0) | T66: 3 | U66: 미분리 | V66: 1G | W66: N/A | X66: X | Y66: 57 | AB66: =SUM(AC66:AL66) -> 57 | AC66: 0 | AD66: 0 | AE66: 0 | AF66: 3 | AG66: 0 | AH66: 27 | AI66: 27 | AJ66: 0 | AK66: 0 | AL66: 0 | AM66: 업무/교육/기타망 미분리
A67: N108161055ES | C67: Y | D67: 충남 | E67: 공주 | F67: 초등학교 | G67: 호계초등학교 | H67: 충남 공주시 사곡면 마곡사로 149-12 | I67: 7792 | J67: 성영제 | K67: 정보 | L67: 041-841-7014 | M67: syj4381@naver.com | N67: 3 | O67: 12(4) | P67: 1 | Q67: 6 | R67: 21 | S67: 27 | T67: 1 | U67: 미분리 | V67: 60M | W67: N/A | X67: X | Y67: 14 | AB67: =SUM(AC67:AL67) -> 14 | AC67: 0 | AD67: 0 | AE67: 0 | AF67: 0 | AG67: 0 | AH67: 6 | AI67: 5 | AJ67: 0 | AK67: 0 | AL67: 3 | AM67: 업무/교육/기타망 미분리
A68: N108161056ES | B68: S120000366 | C68: Y | D68: 충남 | E68: 공주 | F68: 초등학교 | G68: 효포초등학교 | H68: 충남 공주시 전진배길 313 | I68: 18171 | N68: 3 | O68: 13(6) | P68: 5 | Q68: 7(1) | R68: 15 | S68: 32(1) | T68: 1 | U68: 미분리 | V68: 60M | W68: N/A | X68: X | Y68: 17 | AB68: =SUM(AC68:AL68) -> 17 | AC68: 0 | AD68: 1 | AE68: 0 | AF68: 0 | AG68: 0 | AH68: 8 | AI68: 2 | AJ68: 0 | AK68: 0 | AL68: 6 | AM68: 업무/교육/기타망 미분리
A69: N108201013ES | B69: S120000376 | C69: Y | D69: 충남 | E69: 금산 | F69: 초등학교 | G69: 군북초등학교 | H69: 충남 금산군 군북면 군북로 714 | I69: 11433 | J69: 이정희 | K69: 정보 | L69: 041-753-2008 | M69: jh961207@hanmail.net | N69: 3 | O69: 10(3) | P69: 3 | Q69: 7(1) | R69: 11 | S69: 28(4) | T69: 1 | U69: 미분리 | V69: 60M | W69: N/A | X69: X | Y69: 6 | AB69: =SUM(AC69:AL69) -> 6 | AC69: 0 | AD69: 0 | AE69: 0 | AF69: 0 | AG69: 0 | AH69: 0 | AI69: 0 | AJ69: 0 | AK69: 0 | AL69: 6 | AM69: 업무/기타망 미분리
A70: N108140038HS | B70: S120000144 | C70: Y | D70: 충남 | E70: 금산 | F70: 고등학교 | G70: 금산고등학교 | H70: 충남 금산군 금산읍 탑선길5 | I70: 19159 | J70: 박도규 | K70: 정보 | L70: 041-753- | M70: pdk_365@naver.com | N70: 2 | O70: 34(4) | P70: 14 | Q70: 16(1) | R70: 41 | S70: 349(1) | T70: 2 | U70: 미분리 | V70: 1G | W70: N/A | X70: X | Y70: 30 | AA70: 금산중/고 스쿨넷 회선공유 | AB70: =SUM(AC70:AL70) -> 30 | AC70: 0 | AD70: 0 | AE70: 0 | AF70: 0 | AG70: 0 | AH70: 0 | AI70: 0 | AJ70: 0 | AK70: 0 | AL70: 30 | AM70: 업무/교육/기타망 미분리
A71: N108201004MS | B71: S120000367 | C71: Y | D71: 충남 | E71: 금산 | F71: 중학교 | G71: 금산동중학교 | H71: 충남 금산군 금산읍 용머리길 25 | I71: 18891 | L71: 041-753-7106 | M71: yejin0808@ai.cne.go.kr | N71: 4 | O71: 17(4) | P71: 12 | Q71: 13(2) | R71: 31 | S71: 281(14) | T71: 1 | U71: 미분리 | V71: 1G | W71: N/A | X71: X | Y71: 34 | AB71: =SUM(AC71:AL71) -> 34 | AC71: 0 | AD71: 11 | AE71: 0 | AF71: 0 | AG71: 0 | AH71: 0 | AI71: 1 | AJ71: 0 | AK71: 0 | AL71: 22 | AM71: 업무/교육/기타망 미분리
A72: N108201016ES | B72: S120000382 | C72: Y | D72: 충남 | E72: 금산 | F72: 초등학교 | G72: 금산동초등학교 | H72: 충남 금산군 금산읍 후곤천길 145 | I72: 23437 | L72: 041-753-6137 | M72: kyowoo0706@korea.kr | N72: 2 | O72: 15(5) | P72: 8 | Q72: 8(2) | R72: 14 | S72: 86(9) | T72: 1 | U72: 확인불가 | V72: 60M | W72: N/A | X72: X | Y72: 6 | AB72: =SUM(AC72:AL72) -> 6 | AC72: 0 | AD72: 0 | AE72: 0 | AF72: 0 | AG72: 0 | AH72: 0 | AI72: 0 | AJ72: 0 | AK72: 0 | AL72: 6 | AM72: 확인불가
A73: N108140115HS | B73: S120000146 | C73: Y | D73: 충남 | E73: 금산 | F73: 고등학교 | G73: 금산산업고등학교 | H73: 충남 금산군 금산읍 진악로 1003 | I73: 16497 | J73: 노진모 | K73: 정보 | L73: 041-753-5101 | M73: swa0927@naver.ocm | N73: 3 | O73: 18(9) | P73: 14 | Q73: 12(3) | R73: 33 | S73: 188(19) | T73: 7 | U73: 미분리 | V73: 1G | W73: N/A | X73: X | Y73: 38 | AB73: =SUM(AC73:AL73) -> 38 | AC73: 0 | AD73: 24 | AE73: 0 | AF73: 0 | AG73: 0 | AH73: 0 | AI73: 0 | AJ73: 0 | AK73: 0 | AL73: 14 | AM73: 업무/기타망 미분리
A74: N108140039HS | B74: S120000147 | C74: Y | D74: 충남 | E74: 금산 | F74: 고등학교 | G74: 금산여자고등학교 | H74: 충남 금산군 금산읍 인삼로21 | I74: 20893 | N74: 3 | O74: 22(6) | P74: 12 | Q74: 16(1) | R74: 44 | S74: 341(4) | T74: 1 | U74: 미분리 | V74: 1G | W74: N/A | X74: X | Y74: 34 | AB74: =SUM(AC74:AL74) -> 34 | AC74: 0 | AD74: 0 | AE74: 0 | AF74: 0 | AG74: 0 | AH74: 0 | AI74: 2 | AJ74: 0 | AK74: 0 | AL74: 32 | AM74: 업무/교육/기타망 미분리
A75: N108201005MS | B75: S120000368 | C75: Y | D75: 충남 | E75: 금산 | F75: 중학교 | G75: 금산여자중학교 | H75: 충남 금산군 금산읍 인삼로11 | I75: 18050 | J75: 오은정 | K75: 정보 | L75: 041-753-6144 | M75: sesess17@naver.com | N75: 9 | O75: 16(4) | P75: 29 | Q75: 12(2) | R75: 25 | S75: 246(7) | T75: 1 | U75: 미분리 | V75: 1G | W75: N/A | X75: X | Y75: 32 | AB75: =SUM(AC75:AL75) -> 32 | AC75: 0 | AD75: 22 | AE75: 0 | AF75: 0 | AG75: 0 | AH75: 0 | AI75: 2 | AJ75: 0 | AK75: 0 | AL75: 8 | AM75: 업무/기타망 미분리
A76: N108201017ES | B76: S120000383 | C76: Y | D76: 충남 | E76: 금산 | F76: 초등학교 | G76: 금산중앙초등학교 | H76: 충남 금산군 금산읍 금산로 1427 | I76: 2632 | J76: 김희일 | K76: 정보 | L76: 041-753-6333 | M76: 1whiteill@naver.com | N76: 10 | O76: 26(3) | P76: 10 | Q76: 23(2) | R76: 39 | S76: 450(8) | T76: 1 | U76: 미분리 | V76: 1G | W76: 2.5G | X76: O | Y76: 29 | AB76: =SUM(AC76:AL76) -> 29 | AC76: 0 | AD76: 11 | AE76: 0 | AF76: 0 | AG76: 0 | AH76: 0 | AI76: 3 | AJ76: 0 | AK76: 0 | AL76: 15 | AM76: 업무/기타망 미분리
A77: N108201006MS | B77: S120000369 | C77: Y | D77: 충남 | E77: 금산 | F77: 중학교 | G77: 금산중학교 | H77: 충남 금산군 금산읍 탑선길 5 | I77: 19159 | N77: 3 | P77: 10 | Q77: 11(1) | R77: 26(1) | S77: 264(4) | T77: 1 | U77: 미분리 | V77: 금산고공유 | W77: N/A | X77: X | Y77: 15 | AA77: 금산중/고 스쿨넷 회선공유 | AB77: =SUM(AC77:AL77) -> 15 | AC77: 0 | AD77: 0 | AE77: 0 | AF77: 0 | AG77: 0 | AH77: 0 | AI77: 0 | AJ77: 0 | AK77: 0 | AL77: 15 | AM77: 업무/기타망 미분리
A78: N108201015ES | C78: Y | D78: 충남 | E78: 금산 | F78: 초등학교 | G78: 금산초등학교 | H78: 충남 금산군 금산읍 인삼로 69 | I78: 16754 | J78: 김윤 | K78: 정보 | L78: 041-753-6230 | M78: khshz1205@naver.com | N78: 5 | O78: 28(5) | P78: 8 | Q78: 19(2) | R78: 30(2) | S78: 364(7) | T78: 2 | U78: 미분리 | V78: 60M | W78: 2.5G | X78: O | Y78: 37 | AB78: =SUM(AC78:AL78) -> 37 | AC78: 0 | AD78: 0 | AE78: 0 | AF78: 0 | AG78: 0 | AH78: 0 | AI78: 0 | AJ78: 0 | AK78: 0 | AL78: 37 | AM78: 업무/교육/기타망 미분리
A79: N108140343HS | B79: S120000236 | C79: Y | D79: 충남 | E79: 금산 | F79: 고등학교 | G79: 금산하이텍고등학교 | H79: 충남 금산군 진산면 대둔산로 412 | I79: 27459 | J79: 김경득 | K79: 정보 | L79: 041-752-4375 | M79: kimduk@daum.net | N79: 6 | O79: 22(13) | P79: 8 | Q79: 10(1) | R79: 30 | S79: 133(3) | T79: 10 | U79: 미분리 | V79: 1G | W79: N/A | X79: X | Y79: 13 | AB79: =SUM(AC79:AL79) -> 13 | AC79: 0 | AD79: 0 | AE79: 0 | AF79: 0 | AG79: 0 | AH79: 0 | AI79: 0 | AJ79: 0 | AK79: 0 | AL79: 13 | AM79: 업무/교육/기타망 미분리
A80: N108201018ES | C80: Y | D80: 충남 | E80: 금산 | F80: 초등학교 | G80: 금성초등학교(금산) | H80: 충남 금산군 금성면 진산로 370 | I80: 12164 | N80: 12 | O80: 13(2) | P80: 3 | Q80: 6(1) | R80: 10(1) | S80: 24(4) | T80: 0 | U80: 분리 | V80: 60M | W80: N/A | X80: X | Y80: 0 | AB80: =SUM(AC80:AL80) -> 0 | AC80: 0 | AD80: 0 | AE80: 0 | AF80: 0 | AG80: 0 | AH80: 0 | AI80: 0 | AJ80: 0 | AK80: 0 | AL80: 0 | AM80: 분리
A81: N108201050ES | B81: S120000378 | C81: Y | D81: 충남 | E81: 금산 | F81: 초등학교 | G81: 금성초등학교금계분교장 | H81: 충남 금산군 금성면 어필각로 448 | I81: 20548 | N81: 7 | O81: 7(1) | P81: 3 | Q81: 2(0) | R81: 2 | S81: 4(0) | T81: 0 | U81: 미분리 | V81: 60M | W81: N/A | X81: X | Y81: 5 | AB81: =SUM(AC81:AL81) -> 5 | AC81: 0 | AD81: 0 | AE81: 0 | AF81: 0 | AG81: 0 | AH81: 0 | AI81: 0 | AJ81: 0 | AK81: 0 | AL81: 5 | AM81: 업무/교육망 미분리
A82: N108201019ES | B82: S120000389 | C82: Y | D82: 충남 | E82: 금산 | F82: 초등학교 | G82: 남이초등학교 | H82: 충남 금산군 남이면 진악로 51 | I82: 9284 | N82: 3 | O82: 10(2) | P82: 4 | Q82: 6(0) | R82: 9 | S82: 21(0) | T82: 1 | U82: 분리 | V82: 60M | W82: N/A | X82: X | Y82: 12 | AB82: =SUM(AC82:AL82) -> 12 | AC82: 0 | AD82: 0 | AE82: 0 | AF82: 0 | AG82: 0 | AH82: 0 | AI82: 1 | AJ82: 0 | AK82: 0 | AL82: 11 | AM82: 분리
A83: N108201020ES | B83: S120000392 | C83: Y | D83: 충남 | E83: 금산 | F83: 초등학교 | G83: 남일초등학교 | H83: 충남 금산군 남일면 봉황로 83 | I83: 10714 | N83: 5 | O83: 13(6) | P83: 6 | Q83: 6(0) | R83: 12 | S83: 49(0) | T83: 1 | U83: 미분리 | V83: 60M | W83: N/A | X83: X | Y83: 10 | AB83: =SUM(AC83:AL83) -> 10 | AC83: 0 | AD83: 0 | AE83: 0 | AF83: 0 | AG83: 0 | AH83: 0 | AI83: 1 | AJ83: 0 | AK83: 0 | AL83: 9 | AM83: 업무/교육/기타망 미분리
A84: N108201008MS | B84: S120000371 | C84: Y | D84: 충남 | E84: 금산 | F84: 중학교 | G84: 복수중학교 | H84: 충남 금산군 복수면 복수로 333 | I84: 25998 | N84: 3 | O84: 6(3) | P84: 6 | Q84: 3(0) | R84: 9 | S84: 20(0) | T84: 1 | U84: 미분리 | V84: 60M | W84: N/A | X84: X | Y84: 7 | AB84: =SUM(AC84:AL84) -> 7 | AC84: 0 | AD84: 0 | AE84: 0 | AF84: 0 | AG84: 0 | AH84: 0 | AI84: 0 | AJ84: 0 | AK84: 0 | AL84: 7 | AM84: 업무/기타망 미분리
A85: N108201021ES | B85: S120000395 | C85: Y | D85: 충남 | E85: 금산 | F85: 초등학교 | G85: 복수초등학교 | H85: 충남 금산군 복수면 복수로 137로 | I85: 10703 | N85: 2 | O85: 13(6) | P85: 5 | Q85: 7(1) | R85: 14 | S85: 20(5) | T85: 1 | U85: 확인불가 | V85: 60M | W85: N/A | X85: X | Y85: 15 | AB85: =SUM(AC85:AL85) -> 15 | AC85: 0 | AD85: 0 | AE85: 0 | AF85: 0 | AG85: 0 | AH85: 0 | AI85: 0 | AJ85: 0 | AK85: 0 | AL85: 15 | AM85: 확인불가
A86: N108201009MS | B86: S120000372 | C86: Y | D86: 충남 | E86: 금산 | F86: 중학교 | G86: 부리중학교 | H86: 충남 금산군 부리면 말골길 57 | I86: 25270 | J86: 정규원 | K86: 정보 | L86: 041 753 7530 | M86: hl2xhj@naver.com | N86: 2 | O86: 11(8) | P86: 5 | Q86: 4(1) | R86: 11 | S86: 38(2) | T86: 1 | U86: 미분리 | V86: 1G | W86: N/A | X86: X | Y86: 11 | AB86: =SUM(AC86:AL86) -> 11 | AC86: 0 | AD86: 0 | AE86: 0 | AF86: 0 | AG86: 0 | AH86: 0 | AI86: 2 | AJ86: 0 | AK86: 0 | AL86: 9 | AM86: 업무/기타망 미분리
A87: N108201022ES | B87: S120000399 | C87: Y | D87: 충남 | E87: 금산 | F87: 초등학교 | G87: 부리초등학교 | H87: 충남 금산군 부리면 현내로 81 | I87: 8902 | J87: 고경수 | K87: 정보 | L87: 041-753-6230 | M87: kks_06@naver.com | N87: 3 | O87: 10(3) | P87: 8 | Q87: 7(1) | R87: 13 | S87: 32(5) | T87: 1 | U87: 미분리 | V87: 60M | W87: N/A | X87: X | Y87: 16 | AB87: =SUM(AC87:AL87) -> 16 | AC87: 0 | AD87: 0 | AE87: 0 | AF87: 0 | AG87: 0 | AH87: 0 | AI87: 2 | AJ87: 0 | AK87: 0 | AL87: 14 | AM87: 업무/기타망 미분리
A88: N108201023ES | B88: S120000402 | C88: Y | D88: 충남 | E88: 금산 | F88: 초등학교 | G88: 상곡초등학교 | H88: 충남 금산군 군북면 상곡길 34 | I88: 13625 | J88: 김동우 | K88: 정보 | L88: 0417537048 | M88: yeliseong@gmail.com | N88: 2 | O88: 12(6) | P88: 10 | Q88: 6(0) | R88: 11 | S88: 29(0) | T88: 1 | U88: 미분리 | V88: 60M | W88: N/A | X88: X | Y88: 12 | AB88: =SUM(AC88:AL88) -> 12 | AC88: 0 | AD88: 0 | AE88: 0 | AF88: 0 | AG88: 0 | AH88: 0 | AI88: 4 | AJ88: 0 | AK88: 0 | AL88: 8 | AM88: 업무/교육/기타망 미분리
A89: N108201024ES | B89: S120000405 | C89: Y | D89: 충남 | E89: 금산 | F89: 초등학교 | G89: 성대초등학교 | H89: 충남 금산군 추부면 군북로 1402 | I89: 15797 | J89: 송태호 | K89: 정보 | L89: 041-753-7168 | M89: fairytale10@hanmail.net | N89: 4 | O89: 11(3) | P89: 3 | Q89: 7(1) | R89: 11 | S89: 21(1) | T89: 1 | U89: 미분리 | V89: 60M | W89: N/A | X89: X | Y89: 12 | AB89: =SUM(AC89:AL89) -> 12 | AC89: 0 | AD89: 0 | AE89: 0 | AF89: 0 | AG89: 0 | AH89: 0 | AI89: 4 | AJ89: 0 | AK89: 0 | AL89: 8 | AM89: 업무/교육/기타망 미분리
A90: N108201025ES | B90: S120000406 | C90: Y | D90: 충남 | E90: 금산 | F90: 초등학교 | G90: 신대초등학교 | H90: 충남 금산군 복수면 복수로 753 | I90: 12523 | J90: 성다은 | K90: 정보 | L90: 041-752-8073 | M90: sde2142@naver.com | N90: 2 | O90: 8(1) | P90: 5 | Q90: 6(0) | R90: 10 | S90: 18(0) | T90: 1 | U90: 미분리 | V90: 60M | W90: N/A | X90: X | Y90: 9 | AB90: =SUM(AC90:AL90) -> 9 | AC90: 0 | AD90: 0 | AE90: 0 | AF90: 0 | AG90: 0 | AH90: 0 | AI90: 0 | AJ90: 0 | AK90: 0 | AL90: 9 | AM90: 업무/기타망 미분리
A91: N108201026ES | B91: S120000408 | C91: Y | D91: 충남 | E91: 금산 | F91: 초등학교 | G91: 용문초등학교 | H91: 충남 금산군 군북면 시두물길 15 | I91: 18167 | N91: 6 | O91: 13(4) | P91: 6 | Q91: 7(1) | R91: 14 | S91: 83(3) | T91: 1 | U91: 미분리 | V91: 60M | W91: N/A | X91: X | Y91: 14 | AB91: =SUM(AC91:AL91) -> 14 | AC91: 0 | AD91: 3 | AE91: 0 | AF91: 0 | AG91: 0 | AH91: 0 | AI91: 1 | AJ91: 0 | AK91: 0 | AL91: 10 | AM91: 업무/교육/기타망 미분리
A92: N108201010MS | B92: S120000373 | C92: Y | D92: 충남 | E92: 금산 | F92: 중학교 | G92: 제원중학교 | H92: 충남 금산군 제원면 금강로 61 | I92: 29666 | J92: 김은영 | K92: 정보 | L92: 041-753-7321 | M92: ladymagu@hanmail.net | N92: 3 | O92: 8(4) | P92: 7 | Q92: 4(1) | R92: 11 | S92: 41(4) | T92: 1 | U92: 미분리 | V92: 60M | W92: N/A | X92: X | Y92: 14 | AB92: =SUM(AC92:AL92) -> 14 | AC92: 0 | AD92: 0 | AE92: 0 | AF92: 0 | AG92: 0 | AH92: 0 | AI92: 4 | AJ92: 0 | AK92: 0 | AL92: 10 | AM92: 업무/기타망 미분리
A93: N108201027ES | B93: S120000410 | C93: Y | D93: 충남 | E93: 금산 | F93: 초등학교 | G93: 제원초등학교 | H93: 충남 금산군 제원면 제원3길 11 | I93: 6301 | L93: 041-752-7024 | M93: stopis@korea.kr | N93: 3 | O93: 14(2) | P93: 10 | Q93: 7(1) | R93: 12 | S93: 23(6) | T93: 1 | U93: 미분리 | V93: 60M | W93: N/A | X93: X | Y93: 12 | AB93: =SUM(AC93:AL93) -> 12 | AC93: 0 | AD93: 0 | AE93: 0 | AF93: 0 | AG93: 0 | AH93: 0 | AI93: 1 | AJ93: 0 | AK93: 0 | AL93: 11 | AM93: 교육/기타망 미분리
A94: N108201011MS | B94: S120000374 | C94: Y | D94: 충남 | E94: 금산 | F94: 중학교 | G94: 진산중학교 | H94: 충남 금산군 진산면 대둔산로 413 | I94: 19467 | J94: 서수현 | K94: 정보 | L94: 041-753-7365 | M94: suhyun0102@ai.cne.go.kr | N94: 4 | O94: 9(5) | P94: 4 | Q94: 4(1) | R94: 13 | S94: 33(3) | T94: 1 | U94: 미분리 | V94: 60M | W94: N/A | X94: X | Y94: 14 | AB94: =SUM(AC94:AL94) -> 14 | AC94: 0 | AD94: 0 | AE94: 0 | AF94: 0 | AG94: 0 | AH94: 0 | AI94: 1 | AJ94: 0 | AK94: 0 | AL94: 13 | AM94: 업무/기타망 미분리
A95: N108201028ES | B95: S120000414 | C95: Y | D95: 충남 | E95: 금산 | F95: 초등학교 | G95: 진산초등학교 | H95: 충남 금산군 진산면 읍내로 41 | I95: 4505 | L95: 042-752-4020 | M95: jjige@naver.com | N95: 3 | O95: 12(5) | P95: 5 | Q95: 7(1) | R95: 15 | S95: 35(2) | T95: 1 | U95: 미분리 | V95: 60M | W95: N/A | X95: X | Y95: 17 | AB95: =SUM(AC95:AL95) -> 17 | AC95: 0 | AD95: 1 | AE95: 0 | AF95: 0 | AG95: 0 | AH95: 0 | AI95: 5 | AJ95: 0 | AK95: 0 | AL95: 11 | AM95: 업무/교육/기타망 미분리
A96: N108201012MS | B96: S120000375 | C96: Y | D96: 충남 | E96: 금산 | F96: 중학교 | G96: 추부중학교 | H96: 충남 금산군 추부면 마전2길 21 | I96: 20207 | N96: 2 | O96: 13(5) | P96: 10 | Q96: 8(2) | R96: 21 | S96: 102(11) | T96: 1 | U96: 미분리 | V96: 1G | W96: N/A | X96: X | Y96: 19 | AB96: =SUM(AC96:AL96) -> 19 | AC96: 0 | AD96: 0 | AE96: 0 | AF96: 0 | AG96: 0 | AH96: 0 | AI96: 1 | AJ96: 0 | AK96: 0 | AL96: 18 | AM96: 업무/기타망 미분리
A97: N108201029ES | B97: S120000418 | C97: Y | D97: 충남 | E97: 금산 | F97: 초등학교 | G97: 추부초등학교 | H97: 충남 금산군 추부면 하마전로 23 | I97: 7030 | J97: 전준홍 | K97: 정보 | L97: 041-753-7908 | M97: poppoya0304@hanmail.net | N97: 4 | O97: 17(3) | P97: 7 | Q97: 9(2) | R97: 19 | S97: 110(7) | T97: 1 | U97: 미분리 | V97: 80M | W97: N/A | X97: X | Y97: 14 | AB97: =SUM(AC97:AL97) -> 14 | AC97: 0 | AD97: 0 | AE97: 0 | AF97: 0 | AG97: 0 | AH97: 0 | AI97: 3 | AJ97: 0 | AK97: 0 | AL97: 11 | AM97: 업무/기타망 미분리
A98: N108222003MS | B98: S120000420 | C98: Y | D98: 충남 | E98: 논산 | F98: 중학교 | G98: 가야곡중학교 | H98: 충남 논산시 가야곡면 덕은로 160 | I98: 37316 | N98: 2 | O98: 18(7) | P98: 14 | Q98: 4(1) | R98: 12(1) | S98: 15(2) | T98: 1 | U98: 미분리 | V98: 가야곡초공유 | W98: N/A | X98: X | Y98: 11 | AA98: 가야곡초/중 스쿨넷 회선 공유 | AB98: =SUM(AC98:AL98) -> 11 | AC98: 0 | AD98: 0 | AE98: 0 | AF98: 0 | AG98: 3 | AH98: 5 | AI98: 3 | AJ98: 0 | AK98: 0 | AL98: 0 | AM98: 업무/기타망 미분리
A99: N108222021ES | B99: S120000440 | C99: Y | D99: 충남 | E99: 논산 | F99: 초등학교 | G99: 가야곡초등학교 | H99: 충남 논산시 가야곡면 덕은로 160 | I99: 12936 | J99: 조승범 | K99: 정보 | L99: 041-741-1601 | M99: vjsb0910@cne.go.kr | N99: 3 | P99: 3 | Q99: 7(1) | R99: 11(1) | S99: 28(3) | T99: 1 | U99: 미분리 | V99: 60M | W99: N/A | X99: X | Y99: 11 | AA99: 가야곡초/중 스쿨넷 회선 공유 | AB99: =SUM(AC99:AL99) -> 11 | AC99: 0 | AD99: 0 | AE99: 0 | AF99: 0 | AG99: 0 | AH99: 6 | AI99: 5 | AJ99: 0 | AK99: 0 | AL99: 0 | AM99: 업무/기타망 미분리
A100: N108222022ES | C100: Y | D100: 충남 | E100: 논산 | F100: 초등학교 | G100: 감곡초등학교 | H100: 충남 논산시 부적면 계백로 1676-26 | I100: 20760 | J100: 김현수 | K100: 정보 | L100: 041-732-7066 | M100: wva23faj@naver.com | N100: 4 | O100: 9(2) | P100: 1 | Q100: 5(1) | R100: 18 | S100: 12(3) | T100: 1 | U100: 미분리 | V100: 60M | W100: N/A | X100: X | Y100: 11 | AB100: =SUM(AC100:AL100) -> 11 | AC100: 0 | AD100: 0 | AE100: 0 | AF100: 0 | AG100: 0 | AH100: 7 | AI100: 2 | AJ100: 0 | AK100: 0 | AL100: 2 | AM100: 업무/기타망 미분리
...

Sheet 충남(값)
I1: =COUNTIF(I5:I723, "*M")+COUNTIF(I5:I723, "*G")+COUNTIF(I5:I723, "*공유") -> 719 | J1: =COUNTIF(J5:J723, "2.5G*") -> 192 | K1: =COUNTIF(K5:K723, "확*") + COUNTIF(K5:K723, "미*") -> 704 | L1: =SUBTOTAL(102,L$5:L$723) -> 719 | M1: =COUNTIF(M5:M723, ">=1") -> 718 | N1: =COUNTIF(N5:N723, ">=1") -> 718 | O1: =COUNTIF(O5:O723, ">=1") -> 708 | P1: =COUNTIF(P5:P723, ">=1") -> 389 | Q1: =COUNTIF(Q5:Q723, ">=1") -> 421 | R1: =COUNTIF(R5:R723, ">=1") -> 412 | S1: =COUNTIF(S5:S723, ">=1") -> 106 | T1: =COUNTIF(T5:T723, ">=1") -> 32 | ... AT1: =COUNTIF(AT5:AT723, ">=1") -> 105 | AV1: =COUNTIF(AV5:AV723, ">=1") -> 587 | AW1: =COUNTIF(AW5:AW723, ">=1") -> 695 | AX1: =COUNTIF(AX5:AX723, ">=1") -> 653 | AY1: =COUNTIF(AY5:AY723, ">=1") -> 719 | AZ1: =COUNTIF(AZ5:AZ723, ">=1") -> 6 | BB1: =COUNTIF(BB5:BB723, ">=1") -> 0 | BC1: =COUNTIF(BC5:BC723, ">=1") -> 25 | BD1: =COUNTIF(BD5:BD723, ">=1") -> 25 | BE1: =COUNTIF(BE5:BE723, ">=1") -> 21 | BI1: =COUNTIF(BI5:BI723, ">=1") -> 687 | BJ1: =COUNTIF(BJ5:BJ723, ">=1") -> 25 | BK1: =COUNTIF(BK5:BK723, ">=1") -> 9 | BL1: =COUNTIF(BL5:BL723, ">=1") -> 9 | BM1: =COUNTIF(BM5:BM723, ">=1") -> 2 | BO1: =COUNTIF(BO5:BO723,">3") -> 236 | BP1: =COUNTIF(BP5:BP723, ">=1") -> 686 | BQ1: =COUNTIF(BQ5:BQ723, ">=1") -> 25 | BR1: =COUNTIF(BR5:BR723, ">=1") -> 10 | BS1: =COUNTIF(BS5:BS723, ">=1") -> 10 | BT1: =COUNTIF(BT5:BT723, ">=1") -> 1 | BV1: =COUNTIF(BV5:BV723, "=1") -> 25 | BW1: =COUNTIF(BW5:BW723, ">=1") -> 25 | BX1: =COUNTIF(BX5:BX723, ">=1") -> 24 | BY1: =COUNTIF(BY5:BY723, ">=1") -> 24 | CB1: =COUNTA(CB5:CB724) -> 15 | CC1: =COUNTA(CC5:CC724) -> 15 | CE1: =COUNTA(CE5:CE724) -> 1 | CF1: =COUNTA(CF5:CF724) -> 19
I2: =SUBTOTAL(103,I$5:I$723) -> 719 | J2: =SUBTOTAL(103,J$5:J$723) -> 192 | K2: =SUBTOTAL(103,K$5:K$723) -> 719 | L2: =SUBTOTAL(109,L$5:L$723) -> 1593 | M2: =SUBTOTAL(109,M$5:M$723) -> 718 | N2: =SUBTOTAL(109,N$5:N$723) -> 718 | O2: =SUBTOTAL(109,O$5:O$723) -> 9365 | P2: =SUBTOTAL(109,P$5:P$723) -> 1859 | Q2: =SUBTOTAL(109,Q$5:Q$723) -> 925 | R2: =SUBTOTAL(109,R$5:R$723) -> 1774 | S2: =SUBTOTAL(109,S$5:S$723) -> 196 | ... AT2: =SUBTOTAL(109,AT$5:AT$723) -> 1231 | AV2: =SUBTOTAL(109,AV$5:AV$723) -> 1610 | AW2: =SUBTOTAL(109,AW$5:AW$723) -> 4089 | AX2: =SUBTOTAL(109,AX$5:AX$723) -> 18062 | AY2: =SUBTOTAL(109,AY$5:AY$723) -> 1837 | AZ2: =SUBTOTAL(109,AZ$5:AZ$723) -> 17 | BB2: =SUBTOTAL(109,BB$5:BB$723) -> 0 | BC2: =SUBTOTAL(109,BC$5:BC$723) -> 297 | BD2: =SUBTOTAL(109,BD$5:BD$723) -> 173 | BE2: =SUBTOTAL(109,BE$5:BE$723) -> 105 | BI2: =SUBTOTAL(109,BI$5:BI$723) -> 17926 | BJ2: =SUBTOTAL(109,BJ$5:BJ$723) -> 824 | BK2: =SUBTOTAL(109,BK$5:BK$723) -> 37 | BL2: =SUBTOTAL(109,BL$5:BL$723) -> 37 | BM2: =SUBTOTAL(109,BM$5:BM$723) -> 14 | BO2: =AVERAGE(BO5:BO723) -> 2.5091427 | BP2: =SUBTOTAL(109,BP$5:BP$723) -> 17924 | BQ2: =SUBTOTAL(109,BQ$5:BQ$723) -> 826 | BR2: =SUBTOTAL(109,BR$5:BR$723) -> 54 | BS2: =SUBTOTAL(109,BS$5:BS$723) -> 54 | BT2: =SUBTOTAL(109,BT$5:BT$723) -> 1 | BV2: =COUNTIF(BV5:BV723, "=2") -> 0 | BW2: =SUBTOTAL(109,BW$5:BW$723) -> 31 | BX2: =SUBTOTAL(109,BX$5:BX$723) -> 118 | BY2: =SUBTOTAL(109,BY$5:BY$723) -> 125
C3: =COUNTIF(C5:C723,"Y") -> 719 | L3: 방화벽 | M3: 보안L2/L3 | O3: L2SW | R3: L2SW(100M) | U3: 광케이블MM | X3: 광케이블SM | AA3: Cat6 | AD3: Cat5E | AG3: Cat5 | AJ3: L2SW (10G) | AK3: L2PoE (2.5G 이상) | AL3: L2PoE (1G 이상) | AM3: 교육청 PoE 수량 | AN3: 자체 PoE 수량 | AO3: 기타L2/L3 | AP3: 무선AP 5 이하 | AQ3: 무선AP 6 이상 | AR3: SWIMS 연동 AP 수량 | AS3: 교육청 AP 수량 | AT3: 자체 AP 수량 | AU3: PoE의 AP최대연결수 | AV3: 광케이블MM_무선 | AW3: 광케이블SM_무선 | AX3: Cat6 _무선 | AY3: Cat5E _무선 | AZ3: Cat5 _무선 | BA3: 요청사항 or 자산정보 이슈 | BC3: 유선 | BD3: 유선 | BE3: 유선 | BF3: 유선 | BH3: 유선 거버닝 | BI3: EDU | BJ3: EDU | BK3: EDU | BL3: EDU | BM3: EDU | BN3: EDU 거버닝 | BO3: 채널중첩 | BP3: ISP | BQ3: ISP | BR3: ISP | BS3: ISP | BT3: ISP | BU3: ISP 거버닝 | BV3: 집선 | BW3: 전부하 | BX3: 전부하 | BY3: 전부하 | BZ3: 전부하 거버닝 | CB3: 즉시개선 수 | CC3: 즉시개선 증적 | CD3: 즉시개선수 | CE3: 단기개선 수 | CF3: 중장기개선 수 | CG3: 의견 | CH3: =AQ2/SUM(AP2:AQ2) -> 0.96106151
A4: 정렬순번 | B4: 학교코드 | C4: 진단대상 | D4: 교육청 | E4: 지역 | F4: 학교유형 | G4: 학교명 | H4: 건물수 | I4: 스쿨넷 회선속도 | J4: 무선망 전용 회선속도 | K4: 망분리현황 | L4: 스쿨넷 | M4: 업무망 | N4: 교육망 | O4: 업무망 | P4: 교육망 | Q4: 기타 | R4: 업무망 | S4: 교육망 | T4: 기타 | U4: 업무망 | V4: 교육망 | W4: 기타 | X4: 업무망 | Y4: 교육망 | Z4: 기타 | AA4: 업무망 | AB4: 교육망 | AC4: 기타 | AD4: 업무망 | AE4: 교육망 | AF4: 기타 | AG4: 업무망 | AH4: 교육망 | AI4: 기타 | AJ4: 무선망 | AK4: 무선망 | AL4: 무선망 | AM4: 무선망 | AN4: 무선망 | AO4: 무선망 | AP4: 무선망 | AQ4: 무선망 | AR4: 무선망 | AS4: 무선망 | AT4: 무선망 | AV4: 무선망 | AW4: 무선망 | AX4: 무선망 | AY4: 무선망 | AZ4: 무선망 | BC4: 측정 SWL | BD4: 측정 PoE | BE4: 미흡수 | BF4: 측정수 | BG4: 미흡수 | BI4: 미측정 수량 | BJ4: 측정 | BK4: 미흡 | BL4: 측정 | BM4: 미흡 | BO4: 평균값 | BP4: 미측정 수량 | BQ4: 측정 | BR4: 미흡 | BS4: 측정 | BT4: 미흡 | BW4: 평균 양호 | BX4: 개별 양호 | BY4: 개별 미흡 | BZ4: 미흡 | CH4: =AP2/SUM(AP2:AQ2) -> 0.038938492
A5: 1 | B5: N108140237HS | C5: Y | D5: 충남 | E5: 계룡 | F5: 고등학교 | G5: 계룡고등학교 | H5: 2 | I5: 1G | K5: 미분리 | L5: 2 | M5: 1 | N5: 1 | O5: 15 | P5: 7 | Q5: 0 | R5: 0 | S5: 0 | T5: 0 | U5: 0 | V5: 0 | W5: 0 | X5: 4 | Y5: 4 | Z5: 0 | AA5: 1 | AB5: 1 | AC5: 0 | AD5: 20 | AE5: 10 | AF5: 0 | AG5: 2 | AH5: 1 | AI5: 0 | AJ5: 1 | AK5: 0 | AL5: 8 | AM5: 8 | AN5: 0 | AO5: 0 | AP5: 0 | AQ5: 39 | AR5: 39 | AS5: 39 | AT5: 0 | AU5: 9 | AV5: 1 | AW5: 6 | AX5: 39 | AY5: 2 | AZ5: 0 | BI5: =AS5-BJ5 -> 39 | BO5: 1.07 | BP5: =AS5-BQ5 -> 39
A6: 2 | B6: N108222119MS | C6: Y | D6: 충남 | E6: 계룡 | F6: 중학교 | G6: 계룡중학교 | H6: 2 | I6: 60M | J6: 2.5G | K6: 미분리 | L6: 3 | M6: 1 | N6: 1 | O6: 12 | P6: 4 | Q6: 0 | R6: 0 | S6: 0 | T6: 0 | U6: 17 | V6: 1 | W6: 0 | X6: 17 | Y6: 1 | Z6: 0 | AA6: 1 | AB6: 1 | AC6: 0 | AD6: 9 | AE6: 5 | AF6: 0 | AG6: 0 | AH6: 0 | AI6: 0 | AJ6: 1 | AK6: 0 | AL6: 6 | AM6: 6 | AN6: 0 | AO6: 0 | AP6: 0 | AQ6: 30 | AR6: 34 | AS6: 30 | AT6: 0 | AU6: 8 | AV6: 1 | AW6: 6 | AX6: 30 | AY6: 2 | AZ6: 0 | BI6: =AS6-BJ6 -> 30 | BO6: 0 | BP6: =AS6-BQ6 -> 30
A7: 3 | B7: N108222061ES | C7: Y | D7: 충남 | E7: 계룡 | F7: 초등학교 | G7: 금암초등학교 | H7: 10 | I7: 1G | J7: 2.5G | K7: 미분리 | L7: 3 | M7: 1 | N7: 1 | O7: 14 | P7: 7 | Q7: 0 | R7: 0 | S7: 0 | T7: 0 | U7: 11 | V7: 1 | W7: 0 | X7: 11 | Y7: 1 | Z7: 0 | AA7: 0 | AB7: 0 | AC7: 0 | AD7: 25 | AE7: 9 | AF7: 0 | AG7: 0 | AH7: 0 | AI7: 0 | AJ7: 1 | AK7: 0 | AL7: 6 | AM7: 6 | AN7: 0 | AO7: 0 | AP7: 0 | AQ7: 25 | AR7: 29 | AS7: 25 | AT7: 0 | AU7: 7 | AV7: 1 | AW7: 5 | AX7: 25 | AY7: 2 | AZ7: 0 | BI7: =AS7-BJ7 -> 25 | BO7: 0 | BP7: =AS7-BQ7 -> 25
A8: 4 | B8: N108222036ES | C8: Y | D8: 충남 | E8: 계룡 | F8: 초등학교 | G8: 두마초등학교 | H8: 8 | I8: 1G | J8: 2.5G | K8: 미분리 | L8: 3 | M8: 1 | N8: 1 | O8: 14 | P8: 0 | Q8: 0 | R8: 0 | S8: 0 | T8: 0 | U8: 18 | V8: 0 | W8: 0 | X8: 18 | Y8: 0 | Z8: 0 | AA8: 1 | AB8: 1 | AC8: 0 | AD8: 9 | AE8: 0 | AF8: 0 | AG8: 0 | AH8: 0 | AI8: 0 | AJ8: 1 | AK8: 0 | AL8: 7 | AM8: 7 | AN8: 0 | AO8: 0 | AP8: 0 | AQ8: 33 | AR8: 33 | AS8: 33 | AT8: 0 | AU8: 9 | AV8: 1 | AW8: 7 | AX8: 33 | AY8: 2 | AZ8: 0 | BI8: =AS8-BJ8 -> 33 | BO8: 0.21 | BP8: =AS8-BQ8 -> 33
A9: 5 | B9: N108222019ES | C9: Y | D9: 충남 | E9: 계룡 | F9: 초등학교 | G9: 신도초등학교 | H9: 3 | I9: 60M | J9: 2.5G | K9: 미분리 | L9: 3 | M9: 1 | N9: 1 | O9: 10 | P9: 1 | Q9: 0 | R9: 0 | S9: 0 | T9: 0 | U9: 0 | V9: 0 | W9: 0 | X9: 0 | Y9: 0 | Z9: 0 | AA9: 4 | AB9: 0 | AC9: 0 | AD9: 14 | AE9: 2 | AF9: 0 | AG9: 0 | AH9: 0 | AI9: 0 | AJ9: 1 | AK9: 0 | AL9: 9 | AM9: 9 | AN9: 0 | AO9: 0 | AP9: 0 | AQ9: 26 | AR9: 29 | AS9: 26 | AT9: 0 | AU9: 5 | AV9: 1 | AW9: 7 | AX9: 26 | AY9: 2 | AZ9: 0 | BI9: =AS9-BJ9 -> 26 | BO9: 1.04 | BP9: =AS9-BQ9 -> 26
A10: 6 | B10: N108222017MS | C10: Y | D10: 충남 | E10: 계룡 | F10: 중학교 | G10: 엄사중학교 | H10: 2 | I10: 1G | J10: 2.5G | K10: 미분리 | L10: 3 | M10: 1 | N10: 1 | O10: 10 | P10: 2 | Q10: 0 | R10: 0 | S10: 0 | T10: 0 | U10: 2 | V10: 0 | W10: 0 | X10: 2 | Y10: 0 | Z10: 0 | AA10: 0 | AB10: 2 | AC10: 0 | AD10: 18 | AE10: 2 | AF10: 0 | AG10: 0 | AH10: 0 | AI10: 0 | AJ10: 1 | AK10: 0 | AL10: 8 | AM10: 8 | AN10: 0 | AO10: 0 | AP10: 0 | AQ10: 38 | AR10: 41 | AS10: 38 | AT10: 0 | AU10: 9 | AV10: 1 | AW10: 8 | AX10: 38 | AY10: 2 | AZ10: 0 | BI10: =AS10-BJ10 -> 38 | BO10: 0.03 | BP10: =AS10-BQ10 -> 38
A11: 7 | B11: N108222046ES | C11: Y | D11: 충남 | E11: 계룡 | F11: 초등학교 | G11: 엄사초등학교 | H11: 4 | I11: 1G | K11: 미분리 | L11: 2 | M11: 1 | N11: 1 | O11: 8 | P11: 1 | Q11: 0 | R11: 0 | S11: 0 | T11: 0 | U11: 0 | V11: 0 | W11: 0 | X11: 0 | Y11: 0 | Z11: 0 | AA11: 6 | AB11: 0 | AC11: 0 | AD11: 9 | AE11: 1 | AF11: 0 | AG11: 0 | AH11: 0 | AI11: 0 | AJ11: 1 | AK11: 0 | AL11: 10 | AM11: 10 | AN11: 0 | AO11: 0 | AP11: 0 | AQ11: 30 | AR11: 30 | AS11: 30 | AT11: 0 | AU11: 6 | AV11: 1 | AW11: 9 | AX11: 30 | AY11: 2 | AZ11: 0 | BI11: =AS11-BJ11 -> 30 | BO11: 1 | BP11: =AS11-BQ11 -> 30
A12: 8 | B12: N108140063HS | C12: Y | D12: 충남 | E12: 계룡 | F12: 고등학교 | G12: 용남고등학교 | H12: 4 | I12: 1G | J12: 2.5G | K12: 미분리 | L12: 3 | M12: 1 | N12: 1 | O12: 10 | P12: 2 | Q12: 0 | R12: 0 | S12: 0 | T12: 0 | U12: 0 | V12: 0 | W12: 0 | X12: 0 | Y12: 0 | Z12: 0 | AA12: 1 | AB12: 0 | AC12: 0 | AD12: 13 | AE12: 7 | AF12: 0 | AG12: 0 | AH12: 0 | AI12: 0 | AJ12: 1 | AK12: 0 | AL12: 6 | AM12: 6 | AN12: 0 | AO12: 0 | AP12: 0 | AQ12: 54 | AR12: 54 | AS12: 54 | AT12: 0 | AU12: 14 | AV12: 1 | AW12: 6 | AX12: 54 | AY12: 2 | AZ12: 0 | BI12: =AS12-BJ12 -> 54 | BO12: 0.59 | BP12: =AS12-BQ12 -> 54
A13: 9 | B13: N108222012MS | C13: Y | D13: 충남 | E13: 계룡 | F13: 중학교 | G13: 용남중학교 | H13: 4 | I13: 1G | J13: 2.5G | K13: 미분리 | L13: 3 | M13: 1 | N13: 1 | O13: 8 | P13: 2 | Q13: 0 | R13: 0 | S13: 1 | T13: 0 | U13: 0 | V13: 0 | W13: 0 | X13: 0 | Y13: 0 | Z13: 0 | AA13: 6 | AB13: 2 | AC13: 0 | AD13: 9 | AE13: 3 | AF13: 0 | AG13: 0 | AH13: 0 | AI13: 0 | AJ13: 1 | AK13: 0 | AL13: 7 | AM13: 7 | AN13: 0 | AO13: 0 | AP13: 0 | AQ13: 32 | AR13: 35 | AS13: 32 | AT13: 0 | AU13: 6 | AV13: 1 | AW13: 5 | AX13: 32 | AY13: 2 | AZ13: 0 | BI13: =AS13-BJ13 -> 32 | BO13: 1.27 | BP13: =AS13-BQ13 -> 32
A14: 10 | B14: N108222051ES | C14: Y | D14: 충남 | E14: 계룡 | F14: 초등학교 | G14: 용남초등학교 | H14: 4 | I14: 1G | J14: 2.5G | K14: 미분리 | L14: 3 | M14: 1 | N14: 1 | O14: 8 | P14: 8 | Q14: 0 | R14: 2 | S14: 4 | T14: 0 | U14: 0 | V14: 0 | W14: 0 | X14: 0 | Y14: 0 | Z14: 0 | AA14: 3 | AB14: 3 | AC14: 0 | AD14: 17 | AE14: 10 | AF14: 0 | AG14: 0 | AH14: 0 | AI14: 0 | AJ14: 1 | AK14: 0 | AL14: 6 | AM14: 6 | AN14: 0 | AO14: 0 | AP14: 0 | AQ14: 44 | AR14: 51 | AS14: 44 | AT14: 0 | AU14: 11 | AV14: 1 | AW14: 6 | AX14: 44 | AY14: 2 | AZ14: 0 | BI14: =AS14-BJ14 -> 44 | BO14: 0.65 | BP14: =AS14-BQ14 -> 44
A15: 11 | B15: N108161016MS | C15: Y | D15: 충남 | E15: 공주 | F15: 중학교 | G15: 경천중학교 | H15: 2 | I15: 60M | K15: 미분리 | L15: 2 | M15: 1 | N15: 1 | O15: 13 | P15: 0 | Q15: 0 | R15: 4 | S15: 0 | T15: 0 | U15: 0 | V15: 0 | W15: 0 | X15: 0 | Y15: 0 | Z15: 0 | AA15: 3 | AB15: 0 | AC15: 0 | AD15: 11 | AE15: 5 | AF15: 0 | AG15: 0 | AH15: 0 | AI15: 0 | AJ15: 1 | AK15: 0 | AL15: 4 | AM15: 4 | AN15: 0 | AO15: 0 | AP15: 0 | AQ15: 9 | AR15: 8 | AS15: 9 | AT15: 0 | AU15: 5 | AV15: 8 | AW15: 3 | AX15: 7 | AY15: 2 | AZ15: 0 | BI15: =AS15-BJ15 -> 9 | BO15: 0.34 | BP15: =AS15-BQ15 -> 9
A16: 12 | B16: N108161021ES | C16: Y | D16: 충남 | E16: 공주 | F16: 초등학교 | G16: 경천초등학교 | H16: 2 | I16: 60M | K16: 미분리 | L16: 2 | M16: 1 | N16: 1 | O16: 23 | P16: 0 | Q16: 0 | R16: 10 | S16: 0 | T16: 0 | U16: 0 | V16: 0 | W16: 0 | X16: 0 | Y16: 0 | Z16: 0 | AA16: 1 | AB16: 1 | AC16: 0 | AD16: 6 | AE16: 0 | AF16: 0 | AG16: 41 | AH16: 0 | AI16: 0 | AJ16: 1 | AK16: 0 | AL16: 2 | AM16: 1 | AN16: 0 | AO16: 0 | AP16: 2 | AQ16: 6 | AR16: 12 | AS16: 6 | AT16: 0 | AU16: 6 | AV16: 4 | AW16: 1 | AX16: 4 | AY16: 4 | AZ16: 0 | BI16: =AS16-BJ16 -> 6 | BO16: 1.27 | BP16: =AS16-BQ16 -> 6
A17: 13 | B17: N108161022ES | C17: Y | D17: 충남 | E17: 공주 | F17: 초등학교 | G17: 계룡초등학교 | H17: 3 | I17: 60M | K17: 미분리 | L17: 2 | M17: 1 | N17: 1 | O17: 16 | P17: 0 | Q17: 0 | R17: 3 | S17: 0 | T17: 0 | U17: 0 | V17: 0 | W17: 0 | X17: 0 | Y17: 0 | Z17: 0 | AA17: 2 | AB17: 2 | AC17: 0 | AD17: 16 | AE17: 0 | AF17: 0 | AG17: 5 | AH17: 0 | AI17: 0 | AJ17: 1 | AK17: 0 | AL17: 4 | AM17: 4 | AN17: 0 | AO17: 0 | AP17: 0 | AQ17: 11 | AR17: 10 | AS17: 10 | AT17: 0 | AU17: 5 | AV17: 4 | AW17: 0 | AX17: 10 | AY17: 2 | AZ17: 0 | BI17: =AS17-BJ17 -> 10 | BO17: 0.94 | BP17: =AS17-BQ17 -> 10
A18: 14 | B18: N108140036HS | C18: Y | D18: 충남 | E18: 공주 | F18: 고등학교 | G18: 공주고등학교 | H18: 7 | I18: 1G | K18: 미분리 | L18: 2 | M18: 1 | N18: 1 | O18: 26 | P18: 0 | Q18: 0 | R18: 0 | S18: 0 | T18: 0 | U18: 15 | V18: 0 | W18: 0 | X18: 15 | Y18: 0 | Z18: 0 | AA18: 21 | AB18: 2 | AC18: 0 | AD18: 10 | AE18: 0 | AF18: 0 | AG18: 2 | AH18: 0 | AI18: 0 | AJ18: 1 | AK18: 0 | AL18: 7 | AM18: 7 | AN18: 0 | AO18: 0 | AP18: 0 | AQ18: 41 | AR18: 53 | AS18: 41 | AT18: 0 | AU18: 9 | AV18: 12 | AW18: 5 | AX18: 41 | AY18: 2 | AZ18: 0 | BI18: =AS18-BJ18 -> 41 | BO18: 6.44 | BP18: =AS18-BQ18 -> 41
A19: 15 | B19: N108161023ES | C19: Y | D19: 충남 | E19: 공주 | F19: 초등학교 | G19: 공주교동초등학교 | H19: 2 | I19: 1G | K19: 미분리 | L19: 2 | M19: 1 | N19: 1 | O19: 11 | P19: 0 | Q19: 0 | R19: 0 | S19: 0 | T19: 0 | U19: 0 | V19: 1 | W19: 0 | X19: 0 | Y19: 1 | Z19: 0 | AA19: 6 | AB19: 0 | AC19: 0 | AD19: 11 | AE19: 1 | AF19: 0 | AG19: 0 | AH19: 0 | AI19: 0 | AJ19: 1 | AK19: 0 | AL19: 8 | AM19: 8 | AN19: 0 | AO19: 0 | AP19: 0 | AQ19: 25 | AR19: 31 | AS19: 25 | AT19: 0 | AU19: 6 | AV19: 16 | AW19: 7 | AX19: 21 | AY19: 6 | AZ19: 0 | BI19: =AS19-BJ19 -> 25 | BO19: 4.83 | BP19: =AS19-BQ19 -> 25
A20: 16 | B20: N107004442ES | C20: Y | D20: 충남 | E20: 공주 | F20: 초등학교 | G20: 공주교육대학교부설초등학교 | H20: 4 | I20: 1G | K20: 확인불가 | L20: 2 | M20: 1 | N20: 1 | O20: 13 | P20: 0 | Q20: 0 | R20: 0 | S20: 0 | T20: 0 | U20: 0 | V20: 0 | W20: 0 | X20: 0 | Y20: 0 | Z20: 0 | AA20: 0 | AB20: 0 | AC20: 0 | AD20: 10 | AE20: 1 | AF20: 0 | AG20: 5 | AH20: 0 | AI20: 0 | AJ20: 1 | AK20: 0 | AL20: 0 | AM20: 0 | AN20: 7 | AO20: 0 | AP20: 36 | AQ20: 33 | AR20: 0 | AS20: 0 | AT20: 69 | AU20: 0 | AV20: 1 | AW20: 0 | AX20: 4 | AY20: 2 | AZ20: 0 | BI20: =AS20-BJ20 -> 0 | BO20: 0.579 | BP20: =AS20-BQ20 -> 0
A21: 17 | B21: N108140080HS | C21: Y | D21: 충남 | E21: 공주 | F21: 고등학교 | G21: 공주금성여자고등학교 | H21: 5 | I21: 1G | K21: 미분리 | L21: 2 | M21: 1 | N21: 1 | O21: 20 | P21: 0 | Q21: 0 | R21: 1 | S21: 0 | T21: 0 | U21: 0 | V21: 0 | W21: 0 | X21: 0 | Y21: 0 | Z21: 0 | AA21: 4 | AB21: 1 | AC21: 0 | AD21: 28 | AE21: 0 | AF21: 0 | AG21: 9 | AH21: 0 | AI21: 0 | AJ21: 1 | AK21: 0 | AL21: 11 | AM21: 11 | AN21: 0 | AO21: 0 | AP21: 0 | AQ21: 35 | AR21: 36 | AS21: 35 | AT21: 0 | AU21: 8 | AV21: 24 | AW21: 11 | AX21: 29 | AY21: 8 | AZ21: 0 | BI21: =AS21-BJ21 -> 35 | BO21: 3.4038 | BP21: =AS21-BQ21 -> 35
A22: 18 | B22: N108161024ES | C22: Y | D22: 충남 | E22: 공주 | F22: 초등학교 | G22: 공주금학초등학교 | H22: 3 | I22: 60M | K22: 미분리 | L22: 2 | M22: 1 | N22: 1 | O22: 6 | P22: 0 | Q22: 0 | R22: 0 | S22: 0 | T22: 0 | U22: 0 | V22: 0 | W22: 0 | X22: 0 | Y22: 0 | Z22: 0 | AA22: 0 | AB22: 0 | AC22: 0 | AD22: 11 | AE22: 0 | AF22: 0 | AG22: 0 | AH22: 1 | AI22: 0 | AJ22: 1 | AK22: 0 | AL22: 4 | AM22: 4 | AN22: 0 | AO22: 0 | AP22: 0 | AQ22: 15 | AR22: 13 | AS22: 13 | AT22: 0 | AU22: 10 | AV22: 5 | AW22: 3 | AX22: 13 | AY22: 4 | AZ22: 0 | BI22: =AS22-BJ22 -> 13 | BO22: 2.1 | BP22: =AS22-BQ22 -> 13
A23: 19 | B23: N108140347HS | C23: Y | D23: 충남 | E23: 공주 | F23: 고등학교 | G23: 공주마이스터고등학교 | H23: 5 | I23: 1G | K23: 미분리 | L23: 2 | M23: 1 | N23: 1 | O23: 38 | P23: 29 | Q23: 1 | R23: 0 | S23: 0 | T23: 0 | U23: 6 | V23: 5 | W23: 0 | X23: 6 | Y23: 5 | Z23: 0 | AA23: 30 | AB23: 39 | AC23: 0 | AD23: 18 | AE23: 10 | AF23: 0 | AG23: 0 | AH23: 0 | AI23: 0 | AJ23: 1 | AK23: 0 | AL23: 12 | AM23: 12 | AN23: 0 | AO23: 0 | AP23: 0 | AQ23: 37 | AR23: 42 | AS23: 37 | AT23: 0 | AU23: 8 | AV23: 12 | AW23: 5 | AX23: 38 | AY23: 2 | AZ23: 0 | BI23: =AS23-BJ23 -> 37 | BO23: 6.12 | BP23: =AS23-BQ23 -> 37
A24: 20 | B24: N108161025ES | C24: Y | D24: 충남 | E24: 공주 | F24: 초등학교 | G24: 공주봉황초등학교 | H24: 3 | I24: 60M | K24: 미분리 | L24: 2 | M24: 1 | N24: 1 | O24: 6 | P24: 0 | Q24: 0 | R24: 0 | S24: 0 | T24: 0 | U24: 0 | V24: 0 | W24: 0 | X24: 0 | Y24: 0 | Z24: 0 | AA24: 0 | AB24: 0 | AC24: 0 | AD24: 10 | AE24: 1 | AF24: 0 | AG24: 2 | AH24: 1 | AI24: 0 | AJ24: 1 | AK24: 0 | AL24: 3 | AM24: 3 | AN24: 0 | AO24: 0 | AP24: 0 | AQ24: 10 | AR24: 10 | AS24: 10 | AT24: 0 | AU24: 6 | AV24: 7 | AW24: 4 | AX24: 8 | AY24: 4 | AZ24: 0 | BI24: =AS24-BJ24 -> 10 | BO24: 0 | BP24: =AS24-BQ24 -> 10
A25: 21 | B25: N108161017MS | C25: Y | D25: 충남 | E25: 공주 | F25: 중학교 | G25: 공주북중학교 | H25: 3 | I25: 1G | K25: 미분리 | L25: 2 | M25: 1 | N25: 1 | O25: 6 | P25: 2 | Q25: 0 | R25: 0 | S25: 0 | T25: 0 | U25: 2 | V25: 2 | W25: 0 | X25: 2 | Y25: 2 | Z25: 0 | AA25: 0 | AB25: 0 | AC25: 0 | AD25: 11 | AE25: 1 | AF25: 0 | AG25: 0 | AH25: 0 | AI25: 0 | AJ25: 1 | AK25: 0 | AL25: 5 | AM25: 5 | AN25: 0 | AO25: 0 | AP25: 0 | AQ25: 16 | AR25: 16 | AS25: 16 | AT25: 0 | AU25: 7 | AV25: 12 | AW25: 5 | AX25: 14 | AY25: 4 | AZ25: 0 | BI25: =AS25-BJ25 -> 16 | BO25: 4.34 | BP25: =AS25-BQ25 -> 16
A26: 22 | B26: N108140238HS | C26: Y | D26: 충남 | E26: 공주 | F26: 고등학교 | G26: 공주생명과학고등학교 | H26: 18 | I26: 1G | K26: 미분리 | L26: 2 | M26: 1 | N26: 1 | O26: 37 | P26: 0 | Q26: 0 | R26: 2 | S26: 0 | T26: 0 | U26: 15 | V26: 0 | W26: 0 | X26: 15 | Y26: 0 | Z26: 0 | AA26: 10 | AB26: 1 | AC26: 0 | AD26: 41 | AE26: 0 | AF26: 0 | AG26: 10 | AH26: 0 | AI26: 0 | AJ26: 1 | AK26: 0 | AL26: 20 | AM26: 20 | AN26: 0 | AO26: 0 | AP26: 0 | AQ26: 53 | AR26: 55 | AS26: 53 | AT26: 0 | AU26: 7 | AV26: 42 | AW26: 20 | AX26: 51 | AY26: 4 | AZ26: 0 | BI26: =AS26-BJ26 -> 53 | BO26: 6.8235 | BP26: =AS26-BQ26 -> 53
A27: 23 | B27: N108161020ES | C27: Y | D27: 충남 | E27: 공주 | F27: 초등학교 | G27: 공주신월초등학교 | H27: 3 | I27: 1G | J27: 2.5G | K27: 미분리 | L27: 3 | M27: 1 | N27: 1 | O27: 19 | P27: 4 | Q27: 12 | R27: 0 | S27: 0 | T27: 0 | U27: 12 | V27: 0 | W27: 0 | X27: 12 | Y27: 0 | Z27: 0 | AA27: 23 | AB27: 2 | AC27: 3 | AD27: 4 | AE27: 4 | AF27: 1 | AG27: 1 | AH27: 0 | AI27: 17 | AJ27: 1 | AK27: 0 | AL27: 10 | AM27: 10 | AN27: 0 | AO27: 0 | AP27: 0 | AQ27: 59 | AR27: 59 | AS27: 59 | AT27: 0 | AU27: 11 | AV27: 1 | AW27: 9 | AX27: 59 | AY27: 2 | AZ27: 0 | BI27: =AS27-BJ27 -> 59 | BO27: 8.2025 | BP27: =AS27-BQ27 -> 59
A28: 24 | B28: N108140037HS | C28: Y | D28: 충남 | E28: 공주 | F28: 고등학교 | G28: 공주여자고등학교 | H28: 5 | I28: 1G | K28: 미분리 | L28: 2 | M28: 1 | N28: 1 | O28: 21 | P28: 0 | Q28: 0 | R28: 1 | S28: 0 | T28: 0 | U28: 0 | V28: 0 | W28: 0 | X28: 0 | Y28: 0 | Z28: 0 | AA28: 6 | AB28: 5 | AC28: 0 | AD28: 31 | AE28: 1 | AF28: 0 | AG28: 2 | AH28: 0 | AI28: 0 | AJ28: 1 | AK28: 0 | AL28: 11 | AM28: 11 | AN28: 0 | AO28: 0 | AP28: 0 | AQ28: 35 | AR28: 35 | AS28: 35 | AT28: 0 | AU28: 5 | AV28: 22 | AW28: 10 | AX28: 35 | AY28: 2 | AZ28: 0 | BI28: =AS28-BJ28 -> 35 | BO28: 0 | BP28: =AS28-BQ28 -> 35
A29: 25 | B29: N108161005MS | C29: Y | D29: 충남 | E29: 공주 | F29: 중학교 | G29: 공주여자중학교 | H29: 3 | I29: 1G | J29: 2.5G | K29: 미분리 | L29: 3 | M29: 1 | N29: 1 | O29: 13 | P29: 6 | Q29: 4 | R29: 0 | S29: 0 | T29: 0 | U29: 0 | V29: 0 | W29: 0 | X29: 0 | Y29: 0 | Z29: 0 | AA29: 0 | AB29: 0 | AC29: 2 | AD29: 27 | AE29: 12 | AF29: 3 | AG29: 0 | AH29: 0 | AI29: 0 | AJ29: 1 | AK29: 0 | AL29: 6 | AM29: 6 | AN29: 0 | AO29: 0 | AP29: 0 | AQ29: 35 | AR29: 35 | AS29: 35 | AT29: 0 | AU29: 12 | AV29: 8 | AW29: 7 | AX29: 35 | AY29: 2 | AZ29: 0 | BI29: =AS29-BJ29 -> 35 | BO29: 5.639 | BP29: =AS29-BQ29 -> 35
A30: 26 | B30: N108140082HS | C30: Y | D30: 충남 | E30: 공주 | F30: 고등학교 | G30: 공주영명고등학교 | H30: 5 | I30: 1G | K30: 확인불가 | L30: 2 | M30: 1 | N30: 1 | O30: 15 | P30: 0 | Q30: 0 | R30: 0 | S30: 0 | T30: 0 | U30: 3 | V30: 0 | W30: 0 | X30: 3 | Y30: 0 | Z30: 0 | AA30: 0 | AB30: 0 | AC30: 0 | AD30: 18 | AE30: 2 | AF30: 0 | AG30: 0 | AH30: 0 | AI30: 0 | AJ30: 1 | AK30: 0 | AL30: 7 | AM30: 7 | AN30: 0 | AO30: 0 | AP30: 0 | AQ30: 33 | AR30: 34 | AS30: 33 | AT30: 0 | AU30: 8 | AV30: 4 | AW30: 5 | AX30: 33 | AY30: 2 | AZ30: 0 | BI30: =AS30-BJ30 -> 33 | BO30: 3.40625 | BP30: =AS30-BQ30 -> 33
A31: 27 | B31: N108161019MS | C31: Y | D31: 충남 | E31: 공주 | F31: 중학교 | G31: 공주영명중학교 | H31: 4 | I31: 80M | K31: 미분리 | L31: 2 | M31: 1 | N31: 1 | O31: 5 | P31: 0 | Q31: 0 | R31: 0 | S31: 0 | T31: 0 | U31: 0 | V31: 0 | W31: 0 | X31: 0 | Y31: 0 | Z31: 0 | AA31: 3 | AB31: 0 | AC31: 0 | AD31: 6 | AE31: 1 | AF31: 0 | AG31: 0 | AH31: 0 | AI31: 0 | AJ31: 1 | AK31: 0 | AL31: 4 | AM31: 4 | AN31: 0 | AO31: 0 | AP31: 0 | AQ31: 14 | AR31: 15 | AS31: 14 | AT31: 0 | AU31: 5 | AV31: 6 | AW31: 4 | AX31: 12 | AY31: 4 | AZ31: 0 | BI31: =AS31-BJ31 -> 14 | BO31: 4.4 | BP31: =AS31-BQ31 -> 14
A32: 28 | B32: N108140174SS | C32: Y | D32: 충남 | E32: 공주 | F32: 특수학교 | G32: 공주정명학교 | H32: 5 | I32: 1G | K32: 미분리 | L32: 2 | M32: 1 | N32: 1 | O32: 13 | P32: 0 | Q32: 0 | R32: 0 | S32: 0 | T32: 0 | U32: 0 | V32: 0 | W32: 0 | X32: 0 | Y32: 0 | Z32: 0 | AA32: 0 | AB32: 0 | AC32: 0 | AD32: 19 | AE32: 2 | AF32: 0 | AG32: 5 | AH32: 0 | AI32: 0 | AJ32: 1 | AK32: 0 | AL32: 9 | AM32: 9 | AN32: 0 | AO32: 0 | AP32: 0 | AQ32: 38 | AR32: 38 | AS32: 38 | AT32: 0 | AU32: 7 | AV32: 20 | AW32: 9 | AX32: 34 | AY32: 6 | AZ32: 0 | BI32: =AS32-BJ32 -> 38 | BO32: 2.35 | BP32: =AS32-BQ32 -> 38
A33: 29 | B33: N108140196HS | C33: Y | D33: 충남 | E33: 공주 | F33: 고등학교 | G33: 공주정보고등학교 | H33: 4 | I33: 1G | K33: 미분리 | L33: 2 | M33: 1 | N33: 1 | O33: 16 | P33: 0 | Q33: 0 | R33: 3 | S33: 0 | T33: 0 | U33: 0 | V33: 0 | W33: 0 | X33: 0 | Y33: 0 | Z33: 0 | AA33: 3 | AB33: 1 | AC33: 0 | AD33: 28 | AE33: 0 | AF33: 0 | AG33: 2 | AH33: 0 | AI33: 0 | AJ33: 1 | AK33: 0 | AL33: 6 | AM33: 6 | AN33: 0 | AO33: 0 | AP33: 0 | AQ33: 27 | AR33: 28 | AS33: 27 | AT33: 0 | AU33: 8 | AV33: 14 | AW33: 6 | AX33: 23 | AY33: 6 | AZ33: 0 | BI33: =AS33-BJ33 -> 27 | BO33: 3.86585 | BP33: =AS33-BQ33 -> 27
A34: 30 | B34: N108161026ES | C34: Y | D34: 충남 | E34: 공주 | F34: 초등학교 | G34: 공주중동초등학교 | H34: 5 | I34: 1G | K34: 미분리 | L34: 2 | M34: 1 | N34: 1 | O34: 13 | P34: 0 | Q34: 0 | R34: 4 | S34: 0 | T34: 0 | U34: 0 | V34: 0 | W34: 0 | X34: 0 | Y34: 0 | Z34: 0 | AA34: 0 | AB34: 0 | AC34: 0 | AD34: 17 | AE34: 1 | AF34: 0 | AG34: 6 | AH34: 0 | AI34: 0 | AJ34: 1 | AK34: 0 | AL34: 9 | AM34: 8 | AN34: 0 | AO34: 0 | AP34: 0 | AQ34: 18 | AR34: 18 | AS34: 18 | AT34: 0 | AU34: 6 | AV34: 2 | AW34: 8 | AX34: 18 | AY34: 2 | AZ34: 0 | BI34: =AS34-BJ34 -> 18 | BO34: 2.35 | BP34: =AS34-BQ34 -> 18
A35: 31 | B35: N108161006MS | C35: Y | D35: 충남 | E35: 공주 | F35: 중학교 | G35: 공주중학교 | H35: 4 | I35: 1G | K35: 미분리 | L35: 2 | M35: 1 | N35: 1 | O35: 22 | P35: 0 | Q35: 0 | R35: 0 | S35: 0 | T35: 0 | U35: 2 | V35: 0 | W35: 0 | X35: 2 | Y35: 0 | Z35: 0 | AA35: 18 | AB35: 3 | AC35: 0 | AD35: 5 | AE35: 0 | AF35: 0 | AG35: 0 | AH35: 0 | AI35: 0 | AJ35: 1 | AK35: 0 | AL35: 8 | AM35: 8 | AN35: 0 | AO35: 0 | AP35: 0 | AQ35: 37 | AR35: 37 | AS35: 37 | AT35: 0 | AU35: 7 | AV35: 18 | AW35: 8 | AX35: 31 | AY35: 8 | AZ35: 0 | BI35: =AS35-BJ35 -> 37 | BO35: 4.39 | BP35: =AS35-BQ35 -> 37
A36: 32 | B36: N108161027ES | C36: Y | D36: 충남 | E36: 공주 | F36: 초등학교 | G36: 구산초등학교 | H36: 3 | I36: 60M | K36: 미분리 | L36: 2 | M36: 1 | N36: 1 | O36: 7 | P36: 0 | Q36: 0 | R36: 0 | S36: 0 | T36: 0 | U36: 0 | V36: 0 | W36: 0 | X36: 0 | Y36: 0 | Z36: 0 | AA36: 0 | AB36: 0 | AC36: 0 | AD36: 9 | AE36: 1 | AF36: 0 | AG36: 4 | AH36: 0 | AI36: 0 | AJ36: 1 | AK36: 0 | AL36: 2 | AM36: 2 | AN36: 0 | AO36: 0 | AP36: 0 | AQ36: 13 | AR36: 13 | AS36: 13 | AT36: 0 | AU36: 8 | AV36: 4 | AW36: 1 | AX36: 11 | AY36: 4 | AZ36: 0 | BI36: =AS36-BJ36 -> 13 | BO36: 2.9482 | BP36: =AS36-BQ36 -> 13
A37: 33 | B37: N10C035903HS | C37: Y | D37: 충남 | E37: 공주 | F37: 고등학교 | G37: 국립공주대학교사범대학부설고등학교 | H37: 5 | I37: 1G | K37: 미분리 | L37: 2 | M37: 1 | N37: 1 | O37: 17 | P37: 0 | Q37: 2 | R37: 1 | S37: 0 | T37: 0 | U37: 7 | V37: 0 | W37: 0 | X37: 7 | Y37: 0 | Z37: 0 | AA37: 18 | AB37: 0 | AC37: 0 | AD37: 13 | AE37: 1 | AF37: 0 | AG37: 0 | AH37: 0 | AI37: 0 | AJ37: 1 | AK37: 0 | AL37: 0 | AM37: 0 | AN37: 0 | AO37: 0 | AP37: 4 | AQ37: 32 | AR37: 0 | AS37: 0 | AT37: 36 | AU37: 0 | AV37: 0 | AW37: 0 | AX37: 0 | AY37: 2 | AZ37: 0 | BI37: =AS37-BJ37 -> 0 | BO37: 1.06 | BP37: =AS37-BQ37 -> 0
A38: 34 | B38: N10C035902MS | C38: Y | D38: 충남 | E38: 공주 | F38: 중학교 | G38: 국립공주대학교사범대학부설중학교 | H38: 3 | I38: 부설고공유 | K38: 미분리 | L38: 2 | M38: 1 | N38: 1 | O38: 8 | P38: 0 | Q38: 0 | R38: 0 | S38: 0 | T38: 0 | U38: 1 | V38: 0 | W38: 0 | X38: 1 | Y38: 0 | Z38: 0 | AA38: 1 | AB38: 0 | AC38: 0 | AD38: 14 | AE38: 1 | AF38: 0 | AG38: 0 | AH38: 0 | AI38: 0 | AJ38: 1 | AK38: 0 | AL38: 0 | AM38: 0 | AN38: 2 | AO38: 0 | AP38: 3 | AQ38: 20 | AR38: 0 | AS38: 0 | AT38: 23 | AU38: 12 | AV38: 0 | AW38: 0 | AX38: 0 | AY38: 2 | AZ38: 0 | BI38: =AS38-BJ38 -> 0 | BO38: 1.01 | BP38: =AS38-BQ38 -> 0
A39: 35 | B39: N10C036093SS | C39: Y | D39: 충남 | E39: 공주 | F39: 특수학교 | G39: 국립공주대학교사범대학부설특수학교 | H39: 2 | I39: 1G | K39: 미분리 | L39: 2 | M39: 1 | N39: 1 | O39: 25 | P39: 11 | Q39: 48 | R39: 0 | S39: 0 | T39: 0 | U39: 23 | V39: 8 | W39: 33 | X39: 23 | Y39: 8 | Z39: 33 | AA39: 26 | AB39: 9 | AC39: 13 | AD39: 0 | AE39: 0 | AF39: 0 | AG39: 0 | AH39: 0 | AI39: 0 | AJ39: 1 | AK39: 0 | AL39: 3 | AM39: 0 | AN39: 7 | AO39: 0 | AP39: 0 | AQ39: 42 | AR39: 0 | AS39: 0 | AT39: 69 | AU39: 0 | AV39: 0 | AW39: 0 | AX39: 0 | AY39: 2 | AZ39: 0 | BI39: =AS39-BJ39 -> 0 | BO39: 0.31 | BP39: =AS39-BQ39 -> 0
A40: 36 | B40: N108161028ES | C40: Y | D40: 충남 | E40: 공주 | F40: 초등학교 | G40: 귀산초등학교 | H40: 4 | I40: 60M | K40: 미분리 | L40: 2 | M40: 1 | N40: 1 | O40: 16 | P40: 0 | Q40: 1 | R40: 4 | S40: 0 | T40: 0 | U40: 0 | V40: 0 | W40: 0 | X40: 0 | Y40: 0 | Z40: 0 | AA40: 5 | AB40: 1 | AC40: 0 | AD40: 14 | AE40: 0 | AF40: 1 | AG40: 13 | AH40: 0 | AI40: 1 | AJ40: 1 | AK40: 0 | AL40: 3 | AM40: 3 | AN40: 0 | AO40: 0 | AP40: 3 | AQ40: 10 | AR40: 10 | AS40: 10 | AT40: 3 | AU40: 4 | AV40: 6 | AW40: 2 | AX40: 8 | AY40: 4 | AZ40: 0 | BI40: =AS40-BJ40 -> 10 | BO40: 1.0833 | BP40: =AS40-BQ40 -> 10
A41: 37 | B41: N108161031ES | C41: Y | D41: 충남 | E41: 공주 | F41: 초등학교 | G41: 덕암초등학교 | H41: 2 | I41: 60M | K41: 미분리 | L41: 2 | M41: 1 | N41: 1 | O41: 7 | P41: 0 | Q41: 0 | R41: 0 | S41: 0 | T41: 0 | U41: 0 | V41: 0 | W41: 0 | X41: 0 | Y41: 0 | Z41: 0 | AA41: 6 | AB41: 2 | AC41: 0 | AD41: 7 | AE41: 0 | AF41: 0 | AG41: 1 | AH41: 1 | AI41: 0 | AJ41: 1 | AK41: 0 | AL41: 3 | AM41: 2 | AN41: 0 | AO41: 0 | AP41: 0 | AQ41: 10 | AR41: 9 | AS41: 9 | AT41: 0 | AU41: 5 | AV41: 8 | AW41: 3 | AX41: 8 | AY41: 4 | AZ41: 0 | BI41: =AS41-BJ41 -> 9 | BO41: 0 | BP41: =AS41-BQ41 -> 9
... A49: 45 | B49: N108161038ES | C49: Y | D49: 충남 | E49: 공주 | F49: 초등학교 | G49: 수촌초등학교 | H49: 3 | I49: 60M | K49: 미분리 | L49: 2 | M49: 1 | N49: 1 | O49: 14 | P49: 0 | Q49: 0 | R49: 7 | S49: 0 | T49: 0 | U49: 0 | V49: 0 | W49: 0 | X49: 0 | Y49: 0 | Z49: 0 | AA49: 0 | AB49: 0 | AC49: 0 | AD49: 12 | AE49: 1 | AF49: 0 | AG49: 17 | AH49: 0 | AI49: 0 | AJ49: 1 | AK49: 0 | AL49: 4 | AM49: 3 | AN49: 0 | AO49: 0 | AP49: 0 | AQ49: 14 | AR49: 14 | AS49: 14 | AT49: 0 | AU49: 9 | AV49: 4 | AW49: 1 | AX49: 12 | AY49: 4 | AZ49: 0 | BI49: =AS49-BJ49 -> 14 | BO49: 0.49056 | BP49: =AS49-BQ49 -> 14
A50: 46 | B50: N108161039ES | C50: Y | D50: 충남 | E50: 공주 | F50: 초등학교 | G50: 신관초등학교 | H50: 5 | I50: 1G | J50: 2.5G | K50: 미분리 | L50: 3 | M50: 1 | N50: 1 | O50: 14 | P50: 0 | Q50: 1 | R50: 1 | S50: 0 | T50: 0 | U50: 0 | V50: 0 | W50: 0 | X50: 0 | Y50: 0 | Z50: 0 | AA50: 6 | AB50: 0 | AC50: 0 | AD50: 24 | AE50: 1 | AF50: 1 | AG50: 0 | AH50: 0 | AI50: 0 | AJ50: 1 | AK50: 0 | AL50: 8 | AM50: 8 | AN50: 0 | AO50: 0 | AP50: 0 | AQ50: 43 | AR50: 43 | AS50: 43 | AT50: 0 | AU50: 7 | AV50: 1 | AW50: 8 | AX50: 37 | AY50: 11 | AZ50: 0 | BI50: =AS50-BJ50 -> 43 | BO50: 6.5 | BP50: =AS50-BQ50 -> 43
A51: 47 | B51: N108161040ES | C51: Y | D51: 충남 | E51: 공주 | F51: 초등학교 | G51: 신풍초등학교 | H51: 4 | I51: 60M | K51: 미분리 | L51: 2 | M51: 1 | N51: 1 | O51: 4 | P51: 0 | Q51: 0 | R51: 0 | S51: 0 | T51: 0 | U51: 0 | V51: 0 | W51: 0 | X51: 0 | Y51: 0 | Z51: 0 | AA51: 3 | AB51: 1 | AC51: 0 | AD51: 6 | AE51: 0 | AF51: 0 | AG51: 0 | AH51: 0 | AI51: 0 | AJ51: 1 | AK51: 0 | AL51: 3 | AM51: 2 | AN51: 0 | AO51: 0 | AP51: 0 | AQ51: 10 | AR51: 10 | AS51: 10 | AT51: 0 | AU51: 6 | AV51: 4 | AW51: 1 | AX51: 9 | AY51: 3 | AZ51: 0 | BI51: =AS51-BJ51 -> 10 | BO51: 6.65625 | BP51: =AS51-BQ51 -> 10
A52: 48 | B52: N108161010MS | C52: Y | D52: 충남 | E52: 공주 | F52: 중학교 | G52: 우성중학교 | H52: 4 | I52: 60M | K52: 미분리 | L52: 2 | M52: 1 | N52: 1 | O52: 21 | P52: 0 | Q52: 0 | R52: 0 | S52: 0 | T52: 0 | U52: 6 | V52: 0 | W52: 0 | X52: 6 | Y52: 0 | Z52: 0 | AA52: 15 | AB52: 0 | AC52: 0 | AD52: 3 | AE52: 1 | AF52: 0 | AG52: 2 | AH52: 0 | AI52: 0 | AJ52: 1 | AK52: 0 | AL52: 3 | AM52: 3 | AN52: 0 | AO52: 0 | AP52: 0 | AQ52: 21 | AR52: 21 | AS52: 21 | AT52: 0 | AU52: 10 | AV52: 5 | AW52: 2 | AX52: 21 | AY52: 2 | AZ52: 0 | BI52: =AS52-BJ52 -> 21 | BO52: 1.923 | BP52: =AS52-BQ52 -> 21
A53: 49 | B53: N108161042ES | C53: Y | D53: 충남 | E53: 공주 | F53: 초등학교 | G53: 우성초등학교 | H53: 2 | I53: 60M | K53: 미분리 | L53: 2 | M53: 1 | N53: 1 | O53: 6 | P53: 0 | Q53: 0 | R53: 0 | S53: 0 | T53: 0 | U53: 0 | V53: 0 | W53: 0 | X53: 0 | Y53: 0 | Z53: 0 | AA53: 0 | AB53: 0 | AC53: 0 | AD53: 3 | AE53: 1 | AF53: 0 | AG53: 10 | AH53: 0 | AI53: 0 | AJ53: 1 | AK53: 0 | AL53: 3 | AM53: 2 | AN53: 0 | AO53: 0 | AP53: 0 | AQ53: 13 | AR53: 13 | AS53: 13 | AT53: 0 | AU53: 8 | AV53: 4 | AW53: 2 | AX53: 12 | AY53: 3 | AZ53: 0 | BI53: =AS53-BJ53 -> 13 | BO53: 1 | BP53: =AS53-BQ53 -> 13
A54: 50 | B54: N108161011MS | C54: Y | D54: 충남 | E54: 공주 | F54: 중학교 | G54: 유구중학교 | H54: 4 | I54: 1G | K54: 미분리 | L54: 2 | M54: 1 | N54: 1 | O54: 4 | P54: 3 | Q54: 1 | R54: 0 | S54: 0 | T54: 0 | U54: 2 | V54: 0 | W54: 0 | X54: 2 | Y54: 0 | Z54: 0 | AA54: 6 | AB54: 2 | AC54: 0 | AD54: 5 | AE54: 2 | AF54: 1 | AG54: 0 | AH54: 0 | AI54: 0 | AJ54: 1 | AK54: 0 | AL54: 3 | AM54: 3 | AN54: 0 | AO54: 0 | AP54: 0 | AQ54: 19 | AR54: 19 | AS54: 19 | AT54: 0 | AU54: 8 | AV54: 6 | AW54: 1 | AX54: 22 | AY54: 3 | AZ54: 0 | BI54: =AS54-BJ54 -> 19 | BO54: 0 | BP54: =AS54-BQ54 -> 19
A55: 51 | B55: N108161044ES | C55: Y | D55: 충남 | E55: 공주 | F55: 초등학교 | G55: 유구초등학교 | H55: 4 | I55: 60M | K55: 미분리 | L55: 2 | M55: 1 | N55: 1 | O55: 11 | P55: 0 | Q55: 1 | R55: 0 | S55: 0 | T55: 0 | U55: 8 | V55: 0 | W55: 0 | X55: 8 | Y55: 0 | Z55: 0 | AA55: 6 | AB55: 0 | AC55: 0 | AD55: 9 | AE55: 1 | AF55: 1 | AG55: 0 | AH55: 0 | AI55: 0 | AJ55: 1 | AK55: 0 | AL55: 6 | AM55: 6 | AN55: 0 | AO55: 0 | AP55: 0 | AQ55: 27 | AR55: 25 | AS55: 25 | AT55: 0 | AU55: 6 | AV55: 14 | AW55: 6 | AX55: 25 | AY55: 4 | AZ55: 0 | BI55: =AS55-BJ55 -> 25 | BO55: 1 | BP55: =AS55-BQ55 -> 25
A56: 52 | B56: N108161045ES | C56: Y | D56: 충남 | E56: 공주 | F56: 초등학교 | G56: 의당초등학교 | H56: 4 | I56: 60M | K56: 미분리 | L56: 2 | M56: 1 | N56: 1 | O56: 22 | P56: 0 | Q56: 1 | R56: 3 | S56: 0 | T56: 0 | U56: 0 | V56: 0 | W56: 0 | X56: 0 | Y56: 0 | Z56: 0 | AA56: 3 | AB56: 1 | AC56: 0 | AD56: 36 | AE56: 1 | AF56: 1 | AG56: 2 | AH56: 0 | AI56: 0 | AJ56: 1 | AK56: 0 | AL56: 1 | AM56: 2 | AN56: 0 | AO56: 0 | AP56: 4 | AQ56: 6 | AR56: 9 | AS56: 3 | AT56: 7 | AU56: 10 | AV56: 3 | AW56: 0 | AX56: 10 | AY56: 2 | AZ56: 0 | BI56: =AS56-BJ56 -> 3 | BO56: 0 | BP56: =AS56-BQ56 -> 3
A57: 53 | B57: N108161012MS | C57: Y | D57: 충남 | E57: 공주 | F57: 중학교 | G57: 이인중학교 | H57: 3 | I57: 60M | K57: 미분리 | L57: 2 | M57: 1 | N57: 1 | O57: 4 | P57: 2 | Q57: 0 | R57: 0 | S57: 0 | T57: 0 | U57: 0 | V57: 0 | W57: 0 | X57: 0 | Y57: 0 | Z57: 0 | AA57: 4 | AB57: 0 | AC57: 0 | AD57: 2 | AE57: 4 | AF57: 0 | AG57: 2 | AH57: 0 | AI57: 0 | AJ57: 1 | AK57: 0 | AL57: 3 | AM57: 2 | AN57: 0 | AO57: 0 | AP57: 0 | AQ57: 9 | AR57: 9 | AS57: 9 | AT57: 0 | AU57: 6 | AV57: 6 | AW57: 2 | AX57: 7 | AY57: 4 | AZ57: 0 | BI57: =AS57-BJ57 -> 9 | BO57: 0 | BP57: =AS57-BQ57 -> 9
A58: 54 | B58: N108161047ES | C58: Y | D58: 충남 | E58: 공주 | F58: 초등학교 | G58: 이인초등학교 | H58: 3 | I58: 60M | K58: 미분리 | L58: 2 | M58: 1 | N58: 1 | O58: 7 | P58: 0 | Q58: 0 | R58: 0 | S58: 0 | T58: 0 | U58: 0 | V58: 0 | W58: 0 | X58: 0 | Y58: 0 | Z58: 0 | AA58: 1 | AB58: 0 | AC58: 0 | AD58: 10 | AE58: 2 | AF58: 0 | AG58: 0 | AH58: 0 | AI58: 0 | AJ58: 1 | AK58: 0 | AL58: 4 | AM58: 4 | AN58: 0 | AO58: 0 | AP58: 0 | AQ58: 14 | AR58: 14 | AS58: 14 | AT58: 0 | AU58: 6 | AV58: 10 | AW58: 4 | AX58: 12 | AY58: 4 | AZ58: 0 | BI58: =AS58-BJ58 -> 14 | BO58: 0.3269 | BP58: =AS58-BQ58 -> 14
A59: 55 | B59: N108161014MS | C59: Y | D59: 충남 | E59: 공주 | F59: 중학교 | G59: 정안중학교 | H59: 3 | I59: 60M | K59: 미분리 | L59: 2 | M59: 1 | N59: 1 | O59: 5 | P59: 0 | Q59: 0 | R59: 0 | S59: 0 | T59: 0 | U59: 0 | V59: 0 | W59: 0 | X59: 0 | Y59: 0 | Z59: 0 | AA59: 3 | AB59: 1 | AC59: 0 | AD59: 0 | AE59: 0 | AF59: 0 | AG59: 8 | AH59: 0 | AI59: 0 | AJ59: 1 | AK59: 0 | AL59: 2 | AM59: 2 | AN59: 0 | AO59: 0 | AP59: 0 | AQ59: 8 | AR59: 8 | AS59: 8 | AT59: 0 | AU59: 5 | AV59: 4 | AW59: 2 | AX59: 8 | AY59: 2 | AZ59: 0 | BI59: =AS59-BJ59 -> 8 | BO59: 0 | BP59: =AS59-BQ59 -> 8
A60: 56 | B60: N108161049ES | C60: Y | D60: 충남 | E60: 공주 | F60: 초등학교 | G60: 정안초등학교 | H60: 3 | I60: 60M | K60: 미분리 | L60: 2 | M60: 1 | N60: 1 | O60: 6 | P60: 0 | Q60: 0 | R60: 0 | S60: 0 | T60: 0 | U60: 0 | V60: 0 | W60: 0 | X60: 0 | Y60: 0 | Z60: 0 | AA60: 0 | AB60: 0 | AC60: 0 | AD60: 1 | AE60: 1 | AF60: 0 | AG60: 10 | AH60: 1 | AI60: 0 | AJ60: 1 | AK60: 0 | AL60: 4 | AM60: 3 | AN60: 0 | AO60: 0 | AP60: 0 | AQ60: 10 | AR60: 10 | AS60: 10 | AT60: 0 | AU60: 5 | AV60: 7 | AW60: 4 | AX60: 8 | AY60: 4 | AZ60: 0 | BI60: =AS60-BJ60 -> 10 | BO60: 2.26 | BP60: =AS60-BQ60 -> 10
A61: 57 | B61: N108140071HS | C61: Y | D61: 충남 | E61: 공주 | F61: 고등학교 | G61: 충남과학고등학교 | H61: 4 | I61: 1G | K61: 미분리 | L61: 2 | M61: 1 | N61: 1 | O61: 23 | P61: 13 | Q61: 0 | R61: 5 | S61: 3 | T61: 0 | U61: 0 | V61: 0 | W61: 0 | X61: 0 | Y61: 0 | Z61: 0 | AA61: 0 | AB61: 0 | AC61: 0 | AD61: 34 | AE61: 12 | AF61: 0 | AG61: 18 | AH61: 11 | AI61: 0 | AJ61: 1 | AK61: 0 | AL61: 4 | AM61: 5 | AN61: 0 | AO61: 0 | AP61: 10 | AQ61: 27 | AR61: 29 | AS61: 27 | AT61: 0 | AU61: 12 | AV61: 10 | AW61: 4 | AX61: 23 | AY61: 6 | AZ61: 0 | BI61: =AS61-BJ61 -> 27 | BO61: 0.025316 | BP61: =AS61-BQ61 -> 27
A62: 58 | B62: N108161015MS | C62: Y | D62: 충남 | E62: 공주 | F62: 중학교 | G62: 탄천중학교 | H62: 3 | I62: 탄천초공유 | K62: 미분리 | L62: 0 | M62: 1 | N62: 1 | O62: 3 | P62: 0 | Q62: 0 | R62: 2 | S62: 0 | T62: 0 | U62: 0 | V62: 0 | W62: 0 | X62: 0 | Y62: 0 | Z62: 0 | AA62: 0 | AB62: 0 | AC62: 0 | AD62: 6 | AE62: 2 | AF62: 0 | AG62: 0 | AH62: 0 | AI62: 0 | AJ62: 1 | AK62: 0 | AL62: 4 | AM62: 2 | AN62: 0 | AO62: 0 | AP62: 0 | AQ62: 12 | AR62: 12 | AS62: 12 | AT62: 0 | AU62: 7 | AV62: 6 | AW62: 2 | AX62: 10 | AY62: 4 | AZ62: 0 | BI62: =AS62-BJ62 -> 12 | BO62: 7.745 | BP62: =AS62-BQ62 -> 12
... A74: 70 | B74: N108201005MS | C74: Y | D74: 충남 | E74: 금산 | F74: 중학교 | G74: 금산여자중학교 | H74: 9 | I74: 1G | K74: 미분리 | L74: 2 | M74: 1 | N74: 1 | O74: 6 | P74: 5 | Q74: 0 | R74: 2 | S74: 1 | T74: 0 | U74: 0 | V74: 0 | W74: 0 | X74: 0 | Y74: 0 | Z74: 0 | AA74: 7 | AB74: 9 | AC74: 0 | AD74: 0 | AE74: 0 | AF74: 0 | AG74: 0 | AH74: 0 | AI74: 0 | AJ74: 1 | AK74: 0 | AL74: 5 | AM74: 6 | AN74: 0 | AO74: 0 | AP74: 0 | AQ74: 32 | AR74: 32 | AS74: 32 | AT74: 0 | AU74: 9 | AV74: 1 | AW74: 5 | AX74: 31 | AY74: 2 | AZ74: 0 | BI74: =AS74-BJ74 -> 32 | BO74: 0.777 | BP74: =AS74-BQ74 -> 32
A75: 71 | B75: N108201017ES | C75: Y | D75: 충남 | E75: 금산 | F75: 초등학교 | G75: 금산중앙초등학교 | H75: 10 | I75: 1G | J75: 2.5G | K75: 미분리 | L75: 3 | M75: 1 | N75: 1 | O75: 12 | P75: 2 | Q75: 0 | R75: 5 | S75: 0 | T75: 0 | U75: 0 | V75: 0 | W75: 0 | X75: 0 | Y75: 0 | Z75: 0 | AA75: 21 | AB75: 4 | AC75: 0 | AD75: 0 | AE75: 0 | AF75: 0 | AG75: 0 | AH75: 0 | AI75: 0 | AJ75: 1 | AK75: 0 | AL75: 6 | AM75: 6 | AN75: 0 | AO75: 0 | AP75: 0 | AQ75: 24 | AR75: 29 | AS75: 24 | AT75: 0 | AU75: 8 | AV75: 1 | AW75: 5 | AX75: 24 | AY75: 2 | AZ75: 0 | BI75: =AS75-BJ75 -> 24 | BO75: 0.8888 | BP75: =AS75-BQ75 -> 24
A76: 72 | B76: N108201006MS | C76: Y | D76: 충남 | E76: 금산 | F76: 중학교 | G76: 금산중학교 | H76: 3 | I76: 금산고공유 | K76: 미분리 | L76: 2 | M76: 1 | N76: 1 | O76: 5 | P76: 3 | Q76: 5 | R76: 1 | S76: 0 | T76: 0 | U76: 0 | V76: 0 | W76: 0 | X76: 0 | Y76: 0 | Z76: 0 | AA76: 2 | AB76: 2 | AC76: 4 | AD76: 0 | AE76: 0 | AF76: 0 | AG76: 0 | AH76: 0 | AI76: 0 | AJ76: 1 | AK76: 0 | AL76: 5 | AM76: 4 | AN76: 0 | AO76: 0 | AP76: 0 | AQ76: 19 | AR76: 15 | AS76: 19 | AT76: 0 | AU76: 9 | AV76: 1 | AW76: 5 | AX76: 19 | AY76: 2 | AZ76: 0 | BI76: =AS76-BJ76 -> 19 | BO76: 1.8849 | BP76: =AS76-BQ76 -> 19
A77: 73 | B77: N108201015ES | C77: Y | D77: 충남 | E77: 금산 | F77: 초등학교 | G77: 금산초등학교 | H77: 5 | I77: 60M | J77: 2.5G | K77: 미분리 | L77: 3 | M77: 1 | N77: 1 | O77: 20 | P77: 6 | Q77: 1 | R77: 6 | S77: 3 | T77: 1 | U77: 0 | V77: 0 | W77: 0 | X77: 0 | Y77: 0 | Z77: 0 | AA77: 40 | AB77: 11 | AC77: 3 | AD77: 0 | AE77: 0 | AF77: 0 | AG77: 0 | AH77: 0 | AI77: 0 | AJ77: 1 | AK77: 0 | AL77: 7 | AM77: 7 | AN77: 0 | AO77: 0 | AP77: 0 | AQ77: 37 | AR77: 37 | AS77: 37 | AT77: 0 | AU77: 14 | AV77: 1 | AW77: 0 | AX77: 41 | AY77: 2 | AZ77: 0 | BI77: =AS77-BJ77 -> 37 | BO77: 2.96 | BP77: =AS77-BQ77 -> 37
A78: 74 | B78: N108140343HS | C78: Y | D78: 충남 | E78: 금산 | F78: 고등학교 | G78: 금산하이텍고등학교 | H78: 6 | I78: 1G | K78: 미분리 | L78: 2 | M78: 1 | N78: 1 | O78: 12 | P78: 10 | Q78: 0 | R78: 0 | S78: 2 | T78: 0 | U78: 0 | V78: 0 | W78: 0 | X78: 0 | Y78: 0 | Z78: 0 | AA78: 20 | AB78: 20 | AC78: 0 | AD78: 0 | AE78: 0 | AF78: 0 | AG78: 0 | AH78: 0 | AI78: 0 | AJ78: 1 | AK78: 0 | AL78: 3 | AM78: 3 | AN78: 0 | AO78: 0 | AP78: 0 | AQ78: 13 | AR78: 13 | AS78: 13 | AT78: 0 | AU78: 8 | AV78: 1 | AW78: 4 | AX78: 13 | AY78: 2 | AZ78: 0 | BI78: =AS78-BJ78 -> 13 | BO78: 2.12745 | BP78: =AS78-BQ78 -> 13
A79: 75 | B79: N108201018ES | C79: Y | D79: 충남 | E79: 금산 | F79: 초등학교 | G79: 금성초등학교(금산) | H79: 12 | I79: 60M | K79: 분리 | L79: 2 | M79: 1 | N79: 1 | O79: 4 | P79: 1 | Q79: 0 | R79: 1 | S79: 0 | T79: 0 | U79: 0 | V79: 0 | W79: 0 | X79: 0 | Y79: 0 | Z79: 0 | AA79: 6 | AB79: 2 | AC79: 0 | AD79: 0 | AE79: 0 | AF79: 0 | AG79: 0 | AH79: 0 | AI79: 0 | AJ79: 1 | AK79: 0 | AL79: 2 | AM79: 2 | AN79: 0 | AO79: 0 | AP79: 0 | AQ79: 12 | AR79: 0 | AS79: 12 | AT79: 0 | AU79: 7 | AV79: 0 | AW79: 0 | AX79: 16 | AY79: 2 | AZ79: 0 | BI79: =AS79-BJ79 -> 12 | BO79: 2.86 | BP79: =AS79-BQ79 -> 12
A80: 76 | B80: N108201050ES | C80: Y | D80: 충남 | E80: 금산 | F80: 초등학교 | G80: 금성초등학교금계분교장 | H80: 7 | I80: 60M | K80: 미분리 | L80: 2 | M80: 1 | N80: 1 | O80: 6 | P80: 1 | Q80: 0 | R80: 4 | S80: 1 | T80: 0 | U80: 0 | V80: 0 | W80: 0 | X80: 0 | Y80: 0 | Z80: 0 | AA80: 14 | AB80: 2 | AC80: 0 | AD80: 0 | AE80: 0 | AF80: 0 | AG80: 0 | AH80: 0 | AI80: 0 | AJ80: 1 | AK80: 0 | AL80: 1 | AM80: 1 | AN80: 0 | AO80: 0 | AP80: 0 | AQ80: 3 | AR80: 5 | AS80: 3 | AT80: 0 | AU80: 3 | AV80: 1 | AW80: 2 | AX80: 3 | AY80: 2 | AZ80: 0 | BI80: =AS80-BJ80 -> 3 | BO80: 1.75 | BP80: =AS80-BQ80 -> 3
A81: 77 | B81: N108201019ES | C81: Y | D81: 충남 | E81: 금산 | F81: 초등학교 | G81: 남이초등학교 | H81: 3 | I81: 60M | K81: 분리 | L81: 2 | M81: 1 | N81: 1 | O81: 3 | P81: 2 | Q81: 2 | R81: 2 | S81: 1 | T81: 1 | U81: 0 | V81: 0 | W81: 0 | X81: 0 | Y81: 0 | Z81: 0 | AA81: 6 | AB81: 5 | AC81: 3 | AD81: 0 | AE81: 0 | AF81: 0 | AG81: 0 | AH81: 0 | AI81: 0 | AJ81: 1 | AK81: 0 | AL81: 5 | AM81: 5 | AN81: 0 | AO81: 0 | AP81: 0 | AQ81: 12 | AR81: 12 | AS81: 12 | AT81: 0 | AU81: 3 | AV81: 1 | AW81: 5 | AX81: 12 | AY81: 2 | AZ81: 0 | BI81: =AS81-BJ81 -> 12 | BO81: 1.0166 | BP81: =AS81-BQ81 -> 12
A82: 78 | B82: N108201020ES | C82: Y | D82: 충남 | E82: 금산 | F82: 초등학교 | G82: 남일초등학교 | H82: 5 | I82: 60M | K82: 미분리 | L82: 2 | M82: 1 | N82: 1 | O82: 15 | P82: 0 | Q82: 0 | R82: 4 | S82: 0 | T82: 0 | U82: 0 | V82: 0 | W82: 0 | X82: 0 | Y82: 0 | Z82: 0 | AA82: 29 | AB82: 1 | AC82: 0 | AD82: 0 | AE82: 0 | AF82: 0 | AG82: 0 | AH82: 0 | AI82: 0 | AJ82: 1 | AK82: 0 | AL82: 4 | AM82: 4 | AN82: 0 | AO82: 0 | AP82: 0 | AQ82: 10 | AR82: 10 | AS82: 10 | AT82: 0 | AU82: 5 | AV82: 1 | AW82: 5 | AX82: 10 | AY82: 2 | AZ82: 0 | BI82: =AS82-BJ82 -> 10 | BO82: 2.625 | BP82: =AS82-BQ82 -> 10
A83: 79 | B83: N108201008MS | C83: Y | D83: 충남 | E83: 금산 | F83: 중학교 | G83: 복수중학교 | H83: 3 | I83: 60M | K83: 미분리 | L83: 2 | M83: 1 | N83: 1 | O83: 10 | P83: 1 | Q83: 0 | R83: 6 | S83: 1 | T83: 0 | U83: 0 | V83: 0 | W83: 0 | X83: 0 | Y83: 0 | Z83: 0 | AA83: 20 | AB83: 2 | AC83: 0 | AD83: 0 | AE83: 0 | AF83: 0 | AG83: 0 | AH83: 0 | AI83: 0 | AJ83: 1 | AK83: 0 | AL83: 2 | AM83: 3 | AN83: 0 | AO83: 0 | AP83: 0 | AQ83: 7 | AR83: 7 | AS83: 7 | AT83: 0 | AU83: 5 | AV83: 1 | AW83: 3 | AX83: 7 | AY83: 2 | AZ83: 0 | BI83: =AS83-BJ83 -> 7 | BO83: 1.442 | BP83: =AS83-BQ83 -> 7
A84: 80 | B84: N108201021ES | C84: Y | D84: 충남 | E84: 금산 | F84: 초등학교 | G84: 복수초등학교 | H84: 2 | I84: 60M | K84: 확인불가 | L84: 2 | M84: 1 | N84: 1 | O84: 6 | P84: 4 | Q84: 0 | R84: 3 | S84: 2 | T84: 0 | U84: 0 | V84: 0 | W84: 0 | X84: 0 | Y84: 0 | Z84: 0 | AA84: 16 | AB84: 6 | AC84: 0 | AD84: 0 | AE84: 0 | AF84: 0 | AG84: 0 | AH84: 0 | AI84: 0 | AJ84: 1 | AK84: 0 | AL84: 5 | AM84: 8 | AN84: 0 | AO84: 0 | AP84: 0 | AQ84: 15 | AR84: 15 | AS84: 15 | AT84: 0 | AU84: 5 | AV84: 1 | AW84: 6 | AX84: 15 | AY84: 2 | AZ84: 0 | BI84: =AS84-BJ84 -> 15 | BO84: 3.338 | BP84: =AS84-BQ84 -> 15
A85: 81 | B85: N108201009MS | C85: Y | D85: 충남 | E85: 금산 | F85: 중학교 | G85: 부리중학교 | H85: 2 | I85: 1G | K85: 미분리 | L85: 2 | M85: 1 | N85: 1 | O85: 7 | P85: 2 | Q85: 2 | R85: 5 | S85: 2 | T85: 0 | U85: 0 | V85: 0 | W85: 0 | X85: 0 | Y85: 0 | Z85: 0 | AA85: 15 | AB85: 4 | AC85: 3 | AD85: 0 | AE85: 0 | AF85: 0 | AG85: 0 | AH85: 0 | AI85: 0 | AJ85: 1 | AK85: 0 | AL85: 2 | AM85: 3 | AN85: 0 | AO85: 0 | AP85: 2 | AQ85: 11 | AR85: 11 | AS85: 11 | AT85: 2 | AU85: 6 | AV85: 1 | AW85: 3 | AX85: 11 | AY85: 2 | AZ85: 0 | BI85: =AS85-BJ85 -> 11 | BO85: 1.586 | BP85: =AS85-BQ85 -> 11
A86: 82 | B86: N108201022ES | C86: Y | D86: 충남 | E86: 금산 | F86: 초등학교 | G86: 부리초등학교 | H86: 3 | I86: 60M | K86: 미분리 | L86: 2 | M86: 1 | N86: 1 | O86: 5 | P86: 2 | Q86: 2 | R86: 2 | S86: 2 | T86: 0 | U86: 0 | V86: 0 | W86: 0 | X86: 0 | Y86: 0 | Z86: 0 | AA86: 11 | AB86: 6 | AC86: 5 | AD86: 0 | AE86: 0 | AF86: 0 | AG86: 0 | AH86: 0 | AI86: 0 | AJ86: 1 | AK86: 0 | AL86: 3 | AM86: 3 | AN86: 1 | AO86: 0 | AP86: 0 | AQ86: 14 | AR86: 16 | AS86: 14 | AT86: 0 | AU86: 7 | AV86: 1 | AW86: 4 | AX86: 14 | AY86: 2 | AZ86: 0 | BI86: =AS86-BJ86 -> 14 | BO86: 3.1 | BP86: =AS86-BQ86 -> 14
A87: 83 | B87: N108201023ES | C87: Y | D87: 충남 | E87: 금산 | F87: 초등학교 | G87: 상곡초등학교 | H87: 2 | I87: 60M | K87: 미분리 | L87: 2 | M87: 1 | N87: 1 | O87: 6 | P87: 1 | Q87: 0 | R87: 1 | S87: 1 | T87: 0 | U87: 0 | V87: 0 | W87: 0 | X87: 0 | Y87: 0 | Z87: 0 | AA87: 13 | AB87: 2 | AC87: 0 | AD87: 0 | AE87: 0 | AF87: 0 | AG87: 0 | AH87: 0 | AI87: 0 | AJ87: 1 | AK87: 0 | AL87: 3 | AM87: 3 | AN87: 0 | AO87: 0 | AP87: 0 | AQ87: 12 | AR87: 12 | AS87: 12 | AT87: 0 | AU87: 5 | AV87: 1 | AW87: 4 | AX87: 12 | AY87: 2 | AZ87: 0 | BI87: =AS87-BJ87 -> 12 | BO87: 1.348 | BP87: =AS87-BQ87 -> 12
A88: 84 | B88: N108201024ES | C88: Y | D88: 충남 | E88: 금산 | F88: 초등학교 | G88: 성대초등학교 | H88: 4 | I88: 60M | K88: 미분리 | L88: 2 | M88: 1 | N88: 1 | O88: 9 | P88: 1 | Q88: 0 | R88: 1 | S88: 1 | T88: 0 | U88: 0 | V88: 0 | W88: 0 | X88: 0 | Y88: 0 | Z88: 0 | AA88: 18 | AB88: 4 | AC88: 0 | AD88: 0 | AE88: 0 | AF88: 0 | AG88: 0 | AH88: 0 | AI88: 0 | AJ88: 1 | AK88: 0 | AL88: 2 | AM88: 3 | AN88: 0 | AO88: 0 | AP88: 0 | AQ88: 11 | AR88: 12 | AS88: 11 | AT88: 0 | AU88: 10 | AV88: 1 | AW88: 3 | AX88: 11 | AY88: 2 | AZ88: 0 | BI88: =AS88-BJ88 -> 11 | BO88: 1.34 | BP88: =AS88-BQ88 -> 11
A89: 85 | B89: N108201025ES | C89: Y | D89: 충남 | E89: 금산 | F89: 초등학교 | G89: 신대초등학교 | H89: 2 | I89: 60M | K89: 미분리 | L89: 2 | M89: 1 | N89: 1 | O89: 5 | P89: 2 | Q89: 0 | R89: 0 | S89: 0 | T89: 0 | U89: 0 | V89: 0 | W89: 0 | X89: 0 | Y89: 0 | Z89: 0 | AA89: 9 | AB89: 5 | AC89: 0 | AD89: 0 | AE89: 0 | AF89: 0 | AG89: 0 | AH89: 0 | AI89: 0 | AJ89: 1 | AK89: 0 | AL89: 3 | AM89: 3 | AN89: 0 | AO89: 0 | AP89: 0 | AQ89: 9 | AR89: 9 | AS89: 9 | AT89: 0 | AU89: 5 | AV89: 1 | AW89: 4 | AX89: 9 | AY89: 2 | AZ89: 0 | BI89: =AS89-BJ89 -> 9 | BO89: 1.1875 | BP89: =AS89-BQ89 -> 9
... A116: 112 | B116: N108140116HS | C116: Y | D116: 충남 | E116: 논산 | F116: 고등학교 | G116: 논산공업고등학교 | H116: 10 | I116: 1G | K116: 확인불가 | L116: 2 | M116: 1 | N116: 1 | O116: 23 | P116: 12 | Q116: 0 | R116: 1 | S116: 0 | T116: 0 | U116: 0 | V116: 0 | W116: 0 | X116: 0 | Y116: 0 | Z116: 0 | AA116: 13 | AB116: 21 | AC116: 0 | AD116: 17 | AE116: 0 | AF116: 0 | AG116: 0 | AH116: 0 | AI116: 0 | AJ116: 1 | AK116: 0 | AL116: 12 | AM116: 12 | AN116: 0 | AO116: 0 | AP116: 0 | AQ116: 52 | AR116: 0 | AS116: 52 | AT116: 0 | AU116: 14 | AV116: 0 | AW116: 14 | AX116: 0 | AY116: 2 | AZ116: 0 | BI116: =AS116-BJ116 -> 52 | BO116: 1.1411 | BP116: =AS116-BQ116 -> 52
A117: 113 | B117: N108222020ES | C117: Y | D117: 충남 | E117: 논산 | F117: 초등학교 | G117: 논산내동초등학교 | H117: 3 | I117: 1G | J117: 2.5G | K117: 미분리 | L117: 3 | M117: 1 | N117: 1 | O117: 13 | P117: 7 | Q117: 0 | R117: 2 | S117: 0 | T117: 0 | U117: 0 | V117: 0 | W117: 0 | X117: 0 | Y117: 0 | Z117: 0 | AA117: 5 | AB117: 18 | AC117: 0 | AD117: 6 | AE117: 0 | AF117: 3 | AG117: 8 | AH117: 1 | AI117: 0 | AJ117: 1 | AK117: 0 | AL117: 9 | AM117: 9 | AN117: 0 | AO117: 0 | AP117: 0 | AQ117: 57 | AR117: 57 | AS117: 57 | AT117: 0 | AU117: 10 | AV117: 1 | AW117: 9 | AX117: 0 | AY117: 2 | AZ117: 0 | BI117: =AS117-BJ117 -> 57 | BO117: 0 | BP117: =AS117-BQ117 -> 57
A118: 114 | B118: N108140085HS | C118: Y | D118: 충남 | E118: 논산 | F118: 고등학교 | G118: 논산대건고등학교 | H118: 9 | I118: 1G | K118: 미분리 | L118: 2 | M118: 1 | N118: 1 | O118: 16 | P118: 9 | Q118: 0 | R118: 0 | S118: 0 | T118: 0 | U118: 0 | V118: 0 | W118: 0 | X118: 0 | Y118: 0 | Z118: 0 | AA118: 0 | AB118: 1 | AC118: 0 | AD118: 13 | AE118: 6 | AF118: 0 | AG118: 0 | AH118: 0 | AI118: 0 | AJ118: 1 | AK118: 0 | AL118: 10 | AM118: 10 | AN118: 0 | AO118: 0 | AP118: 0 | AQ118: 56 | AR118: 56 | AS118: 56 | AT118: 0 | AU118: 9 | AV118: 0 | AW118: 12 | AX118: 0 | AY118: 2 | AZ118: 0 | BI118: =AS118-BJ118 -> 56 | BO118: 1.2 | BP118: =AS118-BQ118 -> 56
A119: 115 | B119: N108222015MS | C119: Y | D119: 충남 | E119: 논산 | F119: 중학교 | G119: 논산대건중학교 | H119: 2 | I119: 80M | K119: 분리 | L119: 2 | M119: 1 | N119: 1 | O119: 6 | P119: 0 | Q119: 0 | R119: 1 | S119: 0 | T119: 0 | U119: 0 | V119: 0 | W119: 0 | X119: 0 | Y119: 0 | Z119: 0 | AA119: 3 | AB119: 0 | AC119: 0 | AD119: 9 | AE119: 0 | AF119: 0 | AG119: 0 | AH119: 0 | AI119: 0 | AJ119: 1 | AK119: 0 | AL119: 6 | AM119: 6 | AN119: 0 | AO119: 0 | AP119: 0 | AQ119: 21 | AR119: 22 | AS119: 21 | AT119: 0 | AU119: 4 | AV119: 0 | AW119: 8 | AX119: 0 | AY119: 2 | AZ119: 0 | BI119: =AS119-BJ119 -> 21 | BO119: 0.259 | BP119: =AS119-BQ119 -> 21
A120: 116 | B120: N108222029ES | C120: Y | D120: 충남 | E120: 논산 | F120: 초등학교 | G120: 논산동성초등학교 | H120: 4 | I120: 1G | J120: 2.5G | K120: 미분리 | L120: 3 | M120: 1 | N120: 1 | O120: 9 | P120: 0 | Q120: 0 | R120: 7 | S120: 0 | T120: 0 | U120: 0 | V120: 0 | W120: 0 | X120: 0 | Y120: 0 | Z120: 0 | AA120: 5 | AB120: 0 | AC120: 0 | AD120: 13 | AE120: 0 | AF120: 0 | AG120: 0 | AH120: 0 | AI120: 0 | AJ120: 1 | AK120: 0 | AL120: 5 | AM120: 5 | AN120: 0 | AO120: 0 | AP120: 0 | AQ120: 26 | AR120: 28 | AS120: 26 | AT120: 0 | AU120: 8 | AV120: 0 | AW120: 6 | AX120: 0 | AY120: 2 | AZ120: 0 | BI120: =AS120-BJ120 -> 26 | BO120: 0 | BP120: =AS120-BQ120 -> 26
A121: 117 | B121: N108222030ES | C121: Y | D121: 충남 | E121: 논산 | F121: 초등학교 | G121: 논산반월초등학교 | H121: 3 | I121: 60M | K121: 미분리 | L121: 2 | M121: 1 | N121: 1 | O121: 3 | P121: 0 | Q121: 0 | R121: 0 | S121: 0 | T121: 0 | U121: 0 | V121: 0 | W121: 0 | X121: 0 | Y121: 0 | Z121: 0 | AA121: 6 | AB121: 0 | AC121: 0 | AD121: 0 | AE121: 0 | AF121: 0 | AG121: 0 | AH121: 0 | AI121: 0 | AJ121: 1 | AK121: 0 | AL121: 4 | AM121: 4 | AN121: 0 | AO121: 0 | AP121: 0 | AQ121: 14 | AR121: 14 | AS121: 14 | AT121: 0 | AU121: 5 | AV121: 1 | AW121: 5 | AX121: 0 | AY121: 2 | AZ121: 0 | BI121: =AS121-BJ121 -> 14 | BO121: 0.21428 | BP121: =AS121-BQ121 -> 14
A122: 118 | B122: N108222031ES | C122: Y | D122: 충남 | E122: 논산 | F122: 초등학교 | G122: 논산부창초등학교 | H122: 4 | I122: 1G | K122: 미분리 | L122: 2 | M122: 1 | N122: 1 | O122: 4 | P122: 3 | Q122: 0 | R122: 0 | S122: 1 | T122: 0 | U122: 0 | V122: 0 | W122: 0 | X122: 0 | Y122: 0 | Z122: 0 | AA122: 0 | AB122: 0 | AC122: 0 | AD122: 8 | AE122: 6 | AF122: 0 | AG122: 0 | AH122: 0 | AI122: 0 | AJ122: 1 | AK122: 0 | AL122: 5 | AM122: 5 | AN122: 0 | AO122: 0 | AP122: 0 | AQ122: 19 | AR122: 22 | AS122: 19 | AT122: 0 | AU122: 6 | AV122: 0 | AW122: 7 | AX122: 0 | AY122: 2 | AZ122: 0 | BI122: =AS122-BJ122 -> 19 | BO122: 0.333 | BP122: =AS122-BQ122 -> 19
A123: 119 | B123: N108140041HS | C123: Y | D123: 충남 | E123: 논산 | F123: 고등학교 | G123: 논산여자고등학교 | H123: 5 | I123: 1G | K123: 미분리 | L123: 2 | M123: 1 | N123: 1 | O123: 9 | P123: 6 | Q123: 0 | R123: 1 | S123: 0 | T123: 0 | U123: 0 | V123: 0 | W123: 0 | X123: 0 | Y123: 0 | Z123: 0 | AA123: 5 | AB123: 1 | AC123: 0 | AD123: 1 | AE123: 1 | AF123: 0 | AG123: 0 | AH123: 0 | AI123: 0 | AJ123: 1 | AK123: 0 | AL123: 7 | AM123: 7 | AN123: 0 | AO123: 0 | AP123: 0 | AQ123: 39 | AR123: 24 | AS123: 39 | AT123: 0 | AU123: 11 | AV123: 0 | AW123: 9 | AX123: 0 | AY123: 2 | AZ123: 0 | BI123: =AS123-BJ123 -> 39 | BO123: 3.9 | BP123: =AS123-BQ123 -> 39
A124: 120 | B124: N108140152HS | C124: Y | D124: 충남 | E124: 논산 | F124: 고등학교 | G124: 논산여자상업고등학교 | H124: 3 | I124: 1G | K124: 미분리 | L124: 2 | M124: 1 | N124: 1 | O124: 1 | P124: 20 | Q124: 0 | R124: 0 | S124: 10 | T124: 0 | U124: 0 | V124: 0 | W124: 0 | X124: 0 | Y124: 0 | Z124: 0 | AA124: 2 | AB124: 6 | AC124: 0 | AD124: 3 | AE124: 29 | AF124: 0 | AG124: 0 | AH124: 0 | AI124: 0 | AJ124: 1 | AK124: 0 | AL124: 9 | AM124: 10 | AN124: 0 | AO124: 0 | AP124: 0 | AQ124: 48 | AR124: 48 | AS124: 48 | AT124: 0 | AU124: 11 | AV124: 0 | AW124: 11 | AX124: 0 | AY124: 2 | AZ124: 0 | BI124: =AS124-BJ124 -> 48 | BO124: 1 | BP124: =AS124-BQ124 -> 48
A125: 121 | B125: N108222008MS | C125: Y | D125: 충남 | E125: 논산 | F125: 중학교 | G125: 논산여자중학교 | H125: 4 | I125: 1G | K125: 미분리 | L125: 2 | M125: 1 | N125: 1 | O125: 3 | P125: 3 | Q125: 0 | R125: 0 | S125: 0 | T125: 0 | U125: 0 | V125: 0 | W125: 0 | X125: 0 | Y125: 0 | Z125: 0 | AA125: 0 | AB125: 0 | AC125: 0 | AD125: 7 | AE125: 6 | AF125: 0 | AG125: 0 | AH125: 0 | AI125: 0 | AJ125: 1 | AK125: 0 | AL125: 5 | AM125: 5 | AN125: 0 | AO125: 0 | AP125: 0 | AQ125: 25 | AR125: 39 | AS125: 25 | AT125: 0 | AU125: 8 | AV125: 0 | AW125: 7 | AX125: 0 | AY125: 2 | AZ125: 0 | BI125: =AS125-BJ125 -> 25 | BO125: 1.18367 | BP125: =AS125-BQ125 -> 25
A126: 122 | B126: N108222032ES | C126: Y | D126: 충남 | E126: 논산 | F126: 초등학교 | G126: 논산중앙초등학교 | H126: 3 | I126: 1G | J126: 2.5G | K126: 미분리 | L126: 3 | M126: 1 | N126: 1 | O126: 3 | P126: 2 | Q126: 0 | R126: 0 | S126: 0 | T126: 0 | U126: 0 | V126: 0 | W126: 0 | X126: 0 | Y126: 0 | Z126: 0 | AA126: 0 | AB126: 0 | AC126: 0 | AD126: 6 | AE126: 4 | AF126: 0 | AG126: 0 | AH126: 0 | AI126: 0 | AJ126: 1 | AK126: 0 | AL126: 6 | AM126: 6 | AN126: 0 | AO126: 0 | AP126: 0 | AQ126: 41 | AR126: 42 | AS126: 41 | AT126: 0 | AU126: 12 | AV126: 0 | AW126: 8 | AX126: 0 | AY126: 2 | AZ126: 0 | BI126: =AS126-BJ126 -> 41 | BO126: 0.873 | BP126: =AS126-BQ126 -> 41
A127: 123 | B127: N108222009MS | C127: Y | D127: 충남 | E127: 논산 | F127: 중학교 | G127: 논산중학교 | H127: 5 | I127: 1G | K127: 미분리 | L127: 2 | M127: 1 | N127: 1 | O127: 5 | P127: 1 | Q127: 0 | R127: 0 | S127: 0 | T127: 0 | U127: 0 | V127: 0 | W127: 0 | X127: 0 | Y127: 0 | Z127: 0 | AA127: 0 | AB127: 0 | AC127: 0 | AD127: 8 | AE127: 2 | AF127: 0 | AG127: 0 | AH127: 0 | AI127: 0 | AJ127: 1 | AK127: 0 | AL127: 4 | AM127: 4 | AN127: 0 | AO127: 0 | AP127: 0 | AQ127: 15 | AR127: 27 | AS127: 15 | AT127: 0 | AU127: 7 | AV127: 0 | AW127: 7 | AX127: 0 | AY127: 2 | AZ127: 0 | BI127: =AS127-BJ127 -> 15 | BO127: 0 | BP127: =AS127-BQ127 -> 15
A128: 124 | B128: N108222034ES | C128: Y | D128: 충남 | E128: 논산 | F128: 초등학교 | G128: 도산초등학교 | H128: 2 | I128: 60M | K128: 미분리 | L128: 2 | M128: 1 | N128: 1 | O128: 1 | P128: 1 | Q128: 0 | R128: 0 | S128: 0 | T128: 0 | U128: 0 | V128: 0 | W128: 0 | X128: 0 | Y128: 0 | Z128: 0 | AA128: 0 | AB128: 0 | AC128: 0 | AD128: 2 | AE128: 2 | AF128: 0 | AG128: 0 | AH128: 0 | AI128: 0 | AJ128: 1 | AK128: 0 | AL128: 5 | AM128: 5 | AN128: 0 | AO128: 0 | AP128: 0 | AQ128: 13 | AR128: 14 | AS128: 13 | AT128: 0 | AU128: 6 | AV128: 0 | AW128: 7 | AX128: 0 | AY128: 2 | AZ128: 0 | BI128: =AS128-BJ128 -> 13 | BO128: 1 | BP128: =AS128-BQ128 -> 13
A129: 125 | B129: N108222037ES | C129: Y | D129: 충남 | E129: 논산 | F129: 초등학교 | G129: 반곡초등학교 | H129: 2 | I129: 60M | K129: 미분리 | L129: 2 | M129: 1 | N129: 1 | O129: 4 | P129: 2 | Q129: 0 | R129: 1 | S129: 1 | T129: 0 | U129: 0 | V129: 0 | W129: 0 | X129: 0 | Y129: 0 | Z129: 0 | AA129: 0 | AB129: 0 | AC129: 0 | AD129: 8 | AE129: 4 | AF129: 0 | AG129: 0 | AH129: 0 | AI129: 0 | AJ129: 1 | AK129: 0 | AL129: 6 | AM129: 6 | AN129: 0 | AO129: 0 | AP129: 0 | AQ129: 18 | AR129: 21 | AS129: 18 | AT129: 0 | AU129: 5 | AV129: 0 | AW129: 8 | AX129: 0 | AY129: 2 | AZ129: 0 | BI129: =AS129-BJ129 -> 18 | BO129: 0 | BP129: =AS129-BQ129 -> 18
A130: 126 | B130: N108222038ES | C130: Y | D130: 충남 | E130: 논산 | F130: 초등학교 | G130: 백석초등학교 | H130: 3 | I130: 60M | K130: 미분리 | L130: 2 | M130: 1 | N130: 1 | O130: 3 | P130: 1 | Q130: 0 | R130: 1 | S130: 0 | T130: 0 | U130: 0 | V130: 0 | W130: 0 | X130: 0 | Y130: 0 | Z130: 0 | AA130: 0 | AB130: 0 | AC130: 0 | AD130: 6 | AE130: 2 | AF130: 0 | AG130: 0 | AH130: 0 | AI130: 0 | AJ130: 1 | AK130: 0 | AL130: 2 | AM130: 2 | AN130: 0 | AO130: 0 | AP130: 0 | AQ130: 11 | AR130: 11 | AS130: 12 | AT130: 0 | AU130: 10 | AV130: 0 | AW130: 4 | AX130: 0 | AY130: 2 | AZ130: 0 | BI130: =AS130-BJ130 -> 12 | BO130: 0.6716 | BP130: =AS130-BQ130 -> 12
A131: 127 | B131: N108222039ES | C131: Y | D131: 충남 | E131: 논산 | F131: 초등학교 | G131: 벌곡초등학교 | H131: 3 | I131: 60M | K131: 미분리 | L131: 2 | M131: 1 | N131: 1 | O131: 2 | P131: 1 | Q131: 0 | R131: 0 | S131: 0 | T131: 0 | U131: 0 | V131: 0 | W131: 0 | X131: 0 | Y131: 0 | Z131: 0 | AA131: 5 | AB131: 1 | AC131: 0 | AD131: 1 | AE131: 1 | AF131: 0 | AG131: 0 | AH131: 0 | AI131: 0 | AJ131: 1 | AK131: 0 | AL131: 3 | AM131: 3 | AN131: 0 | AO131: 0 | AP131: 0 | AQ131: 10 | AR131: 12 | AS131: 10 | AT131: 0 | AU131: 5 | AV131: 0 | AW131: 5 | AX131: 0 | AY131: 2 | AZ131: 0 | BI131: =AS131-BJ131 -> 10 | BO131: 1 | BP131: =AS131-BQ131 -> 10
A132: 128 | B132: N108222040ES | C132: Y | D132: 충남 | E132: 논산 | F132: 초등학교 | G132: 부적초등학교 | H132: 3 | I132: 60M | K132: 미분리 | L132: 2 | M132: 1 | N132: 1 | O132: 4 | P132: 0 | Q132: 0 | R132: 2 | S132: 0 | T132: 0 | U132: 0 | V132: 0 | W132: 0 | X132: 0 | Y132: 0 | Z132: 0 | AA132: 8 | AB132: 0 | AC132: 0 | AD132: 0 | AE132: 0 | AF132: 0 | AG132: 0 | AH132: 0 | AI132: 0 | AJ132: 1 | AK132: 0 | AL132: 4 | AM132: 4 | AN132: 0 | AO132: 0 | AP132: 0 | AQ132: 18 | AR132: 19 | AS132: 19 | AT132: 0 | AU132: 10 | AV132: 1 | AW132: 5 | AX132: 0 | AY132: 2 | AZ132: 0 | BI132: =AS132-BJ132 -> 19 | BO132: 1.5 | BP132: =AS132-BQ132 -> 19
A133: 129 | B133: N108222041ES | C133: Y | D133: 충남 | E133: 논산 | F133: 초등학교 | G133: 상월초등학교 | H133: 3 | I133: 60M | K133: 미분리 | L133: 2 | M133: 1 | N133: 1 | O133: 5 | P133: 0 | Q133: 0 | R133: 1 | S133: 0 | T133: 0 | U133: 0 | V133: 0 | W133: 0 | X133: 0 | Y133: 0 | Z133: 0 | AA133: 0 | AB133: 0 | AC133: 0 | AD133: 11 | AE133: 1 | AF133: 0 | AG133: 0 | AH133: 0 | AI133: 0 | AJ133: 1 | AK133: 0 | AL133: 2 | AM133: 2 | AN133: 0 | AO133: 0 | AP133: 0 | AQ133: 10 | AR133: 12 | AS133: 10 | AT133: 0 | AU133: 5 | AV133: 0 | AW133: 4 | AX133: 0 | AY133: 2 | AZ133: 0 | BI133: =AS133-BJ133 -> 10 | BO133: 1.067 | BP133: =AS133-BQ133 -> 10
A134: 130 | B134: N108140388SS | C134: Y | D134: 충남 | E134: 논산 | F134: 특수학교 | G134: 성광온누리학교 | H134: 1 | I134: 60M | K134: 미분리 | L134: 2 | M134: 1 | N134: 1 | O134: 9 | P134: 8 | Q134: 0 | R134: 0 | S134: 0 | T134: 0 | U134: 0 | V134: 0 | W134: 0 | X134: 0 | Y134: 0 | Z134: 0 | AA134: 0 | AB134: 0 | AC134: 0 | AD134: 5 | AE134: 4 | AF134: 0 | AG134: 0 | AH134: 0 | AI134: 0 | AJ134: 1 | AK134: 0 | AL134: 7 | AM134: 7 | AN134: 0 | AO134: 0 | AP134: 0 | AQ134: 48 | AR134: 50 | AS134: 48 | AT134: 0 | AU134: 12 | AV134: 0 | AW134: 9 | AX134: 0 | AY134: 2 | AZ134: 0 | BI134: =AS134-BJ134 -> 48 | BO134: 1.1747 | BP134: =AS134-BQ134 -> 48
A135: 131 | B135: N108222043ES | C135: Y | D135: 충남 | E135: 논산 | F135: 초등학교 | G135: 성덕초등학교 | H135: 5 | I135: 60M | K135: 미분리 | L135: 2 | M135: 1 | N135: 1 | O135: 2 | P135: 1 | Q135: 0 | R135: 2 | S135: 0 | T135: 0 | U135: 0 | V135: 0 | W135: 0 | X135: 0 | Y135: 0 | Z135: 0 | AA135: 2 | AB135: 2 | AC135: 0 | AD135: 0 | AE135: 0 | AF135: 0 | AG135: 0 | AH135: 0 | AI135: 0 | AJ135: 1 | AK135: 0 | AL135: 6 | AM135: 6 | AN135: 0 | AO135: 0 | AP135: 0 | AQ135: 11 | AR135: 15 | AS135: 11 | AT135: 0 | AU135: 5 | AV135: 0 | AW135: 8 | AX135: 0 | AY135: 2 | AZ135: 0 | BI135: =AS135-BJ135 -> 11 | BO135: 0.119 | BP135: =AS135-BQ135 -> 11
A136: 132 | B136: N108222044ES | C136: Y | D136: 충남 | E136: 논산 | F136: 초등학교 | G136: 성동초등학교 | H136: 4 | I136: 60M | K136: 미분리 | L136: 2 | M136: 1 | N136: 1 | O136: 2 | P136: 0 | Q136: 0 | R136: 0 | S136: 0 | T136: 0 | U136: 0 | V136: 0 | W136: 0 | X136: 0 | Y136: 0 | Z136: 0 | AA136: 0 | AB136: 0 | AC136: 0 | AD136: 4 | AE136: 0 | AF136: 0 | AG136: 0 | AH136: 0 | AI136: 0 | AJ136: 1 | AK136: 0 | AL136: 2 | AM136: 2 | AN136: 0 | AO136: 0 | AP136: 0 | AQ136: 8 | AR136: 8 | AS136: 8 | AT136: 0 | AU136: 5 | AV136: 0 | AW136: 4 | AX136: 0 | AY136: 2 | AZ136: 0 | BI136: =AS136-BJ136 -> 8 | BO136: 0 | BP136: =AS136-BQ136 -> 8
A137: 133 | B137: N108140095HS | C137: Y | D137: 충남 | E137: 논산 | F137: 고등학교 | G137: 쌘뽈여자고등학교 | H137: 4 | I137: 1G | K137: 미분리 | L137: 2 | M137: 1 | N137: 1 | O137: 8 | P137: 5 | Q137: 0 | R137: 0 | S137: 2 | T137: 0 | U137: 0 | V137: 0 | W137: 0 | X137: 0 | Y137: 0 | Z137: 0 | AA137: 2 | AB137: 1 | AC137: 0 | AD137: 16 | AE137: 9 | AF137: 0 | AG137: 0 | AH137: 0 | AI137: 0 | AJ137: 1 | AK137: 0 | AL137: 4 | AM137: 4 | AN137: 0 | AO137: 0 | AP137: 0 | AQ137: 20 | AR137: 25 | AS137: 20 | AT137: 0 | AU137: 6 | AV137: 1 | AW137: 6 | AX137: 0 | AY137: 2 | AZ137: 0 | BI137: =AS137-BJ137 -> 20 | BO137: 0 | BP137: =AS137-BQ137 -> 20
